id,sl_no,centre_name,address,state,pincode,proposed_city,proposed_district,confidence_level,confidence_score,evidence,needs_review
479c4186-7c36-4ab6-9845-4b5a23c93101,1,M/s Jalan Hallmarking Centre,"II-C/16 Lajpat Nagar Central Market New Delhi, SOUTH DELHI, LAJPAT NAGAR (SOUTH DELHI), DELHI ,110025",DELHI,110025,LAJPAT,SOUTH DELHI,HIGH,0.83,explicit DISTRICT/DISTT marker in address; city inferred from district-adjacent address token: LAJPAT,False
3e684091-fa2c-47bb-b11c-f3ec7cbdd2f4,2,SHRI SALASAR BALAJI HALLMARKING CENTRE,"1189 JORAWAR BHAWAN,2nd FLOOR PARTANIO KA RASTAJOHARI BAZAR, JAIPUR, JAIPUR CITY, RAJASTHAN ,302003",RAJASTHAN,302003,1189 JORAWAR BHAWAN,JAIPUR,HIGH,0.83,explicit DISTRICT/DISTT marker in address; city inferred from district-adjacent address token: 1189 JORAWAR BHAWAN,False
9c3d416a-d035-4d54-96bb-dfc1b74a2753,5,SAVITREE HALLMARKING & REFINERY,"2165-2166,4th FLOOR, CHAKSU KA CHOWKHALDIYON KA RASTA, JOHARI BAZAR JAIPUR, JAIPUR, JAIPUR CITY, RAJASTHAN ,302003",RAJASTHAN,302003,CHAKSU KA CHOWKHALDIYON KA RASTA,JAIPUR,HIGH,0.83,explicit DISTRICT/DISTT marker in address; city inferred from district-adjacent address token: CHAKSU KA CHOWKHALDIYON KA RASTA,False
d10db56b-7e99-4711-b9a2-6eaef69cb8a6,71,S K Hallmarking & Assaying Centre,"H.No. 1589, Shop No. G-9, G-10, G-11, Royal EnclavJadion Ka Rasta, Jaipur, Rajasthan, JAIPUR, JAIPUR CITY, RAJASTHAN ,302003",RAJASTHAN,302003,ROYAL ENCLAVJADION KA RASTA,JAIPUR,HIGH,0.83,explicit DISTRICT/DISTT marker in address; city inferred from district-adjacent address token: ROYAL ENCLAVJADION KA RASTA,False
48024f3d-120c-4fcd-adec-b2f56c62096b,193,SHREE SALASAR BALAJI HALLMARKING CENTRE,"Shop No. 5-6, 798/1286,Sekhar Nagar, Jhotwara, Rajasthan, JAIPUR, JHOTWARA, RAJASTHAN ,302012 OSC Address: Shop no 150, Haldiyon Ka Rasta,Musrafo Ka Chowk,, JAIPUR, JHOTWARA, RAJASTHAN, 302003",RAJASTHAN,302003,JHOTWARA,JAIPUR,HIGH,0.83,explicit DISTRICT/DISTT marker in address; city inferred from district-adjacent address token: JHOTWARA,False
a41c0771-2b64-4aef-b934-47498e577665,194,SHREE SALASAR BALAJI HALLMARKING CENTRE,"Shop No. 5-6, 798/1286,Sekhar Nagar, Jhotwara, Rajasthan, JAIPUR, JHOTWARA, RAJASTHAN ,302012 OSC Address: 1556, Jat Ke Kue Ka Rasta,Chandpole Bazar,, JAIPUR, JHOTWARA, RAJASTHAN, 302003",RAJASTHAN,302003,JHOTWARA,JAIPUR,HIGH,0.83,explicit DISTRICT/DISTT marker in address; city inferred from district-adjacent address token: JHOTWARA,False
9610c42e-9c57-4bc6-a657-3e3d72786770,195,SHREE SALASAR BALAJI HALLMARKING CENTRE,"Shop No. 5-6, 798/1286,Sekhar Nagar, Jhotwara, Rajasthan, JAIPUR, JHOTWARA, RAJASTHAN ,302012 OSC Address: Shop no 150, Haldiyon Ka Rasta,Musrafo Ka Chowk,, JAIPUR, JHOTWARA, RAJASTHAN, 302003",RAJASTHAN,302003,JHOTWARA,JAIPUR,HIGH,0.83,explicit DISTRICT/DISTT marker in address; city inferred from district-adjacent address token: JHOTWARA,False
6fe3f45b-1710-4956-8735-ce1fb724cee1,196,SREE SATYAM HALLMARKING,"1535,FIRSTH FLOOR PATVO KA RASTA,NAMKEEN WALI GALICHAURA RASTA JAIPUR (RAJASTHAN), JAIPUR, JAIPUR CITY, RAJASTHAN ,302003",RAJASTHAN,302003,NAMKEEN,JAIPUR,HIGH,0.83,explicit DISTRICT/DISTT marker in address; city inferred from district-adjacent address token: NAMKEEN,False
1f12b549-2749-4824-8a80-4cd3c5290d5d,203,RR HALLMARKING CENTRE,"1079,1084/5,BHAGIRATH KAGDI BHAWANGANGA MATA KI GALI, GOPAL JI KA RASTA, JAIPUR, JAIPUR, JAIPUR CITY, RAJASTHAN ,302003",RAJASTHAN,302003,GOPAL JI KA RASTA,JAIPUR,HIGH,0.83,explicit DISTRICT/DISTT marker in address; city inferred from district-adjacent address token: GOPAL JI KA RASTA,False
c5ae1c64-a376-4de6-a8d1-2c1e10787d65,3,City Hallmarking Centre,"2780/20, 1st Floor, Beadon Pura,Karol Bagh, New Delhi, CENTRAL DELHI, KAROL BAGH, DELHI ,110005",DELHI,110005,KAROL BAGH,NEW DELHI,HIGH,0.83,explicit DISTRICT/DISTT marker in address; city inferred from district-adjacent address token: KAROL BAGH,False
659ee0d2-544f-497b-a7c6-c856f2c62c68,15,DELHI HALLMARKING CENTRE,"2782/20-21, 1st floor Beadon puraKarol Bagh Delhi, CENTRAL DELHI, KAROL BAGH, DELHI ,110005",DELHI,110005,1ST FLOOR BEADON PURAKAROL BAGH,CENTRAL DELHI,HIGH,0.83,explicit DISTRICT/DISTT marker in address; city inferred from district-adjacent address token: 1ST FLOOR BEADON PURAKAROL BAGH,False
c68540b8-1d68-4df9-b6b1-f3f809a03a8e,23,M/s Lalji Assaying and Hallmarking Centre,"201-202, IInd floor, Kohinoor plazaBldg. no. 2581-82, Gali no. 5-6, Beadonpura Karol Bagh, New Delhi, CENTRAL DELHI, KAROL BAGH, DELHI ,110005",DELHI,110005,BEADONPURA KAROL BAGH,NEW DELHI,HIGH,0.83,explicit DISTRICT/DISTT marker in address; city inferred from district-adjacent address token: BEADONPURA KAROL BAGH,False
418d8478-c888-463f-9b29-19a957ffa07c,25,M/s Gehna Hallmarking Centre,"3533, Ground Floor, Gali No-6-7 RegharpuraKarol Bagh, New Delhi, CENTRAL DELHI, KAROL BAGH, DELHI ,110005",DELHI,110005,KAROL BAGH,NEW DELHI,HIGH,0.83,explicit DISTRICT/DISTT marker in address; city inferred from district-adjacent address token: KAROL BAGH,False
42442e46-0c5d-4f92-a728-054fb73f5af2,27,IDGL GOLD HALLMARKING CENTRE,"301-302,3rd floor, 2142-44, Vishnu Kiran Chamber, Gurudwara Road,Karol Bagh, New Delhi, CENTRAL DELHI, KAROL BAGH, DELHI ,110005",DELHI,110005,KAROL BAGH,NEW DELHI,HIGH,0.83,explicit DISTRICT/DISTT marker in address; city inferred from district-adjacent address token: KAROL BAGH,False
853056c3-ecaa-4f57-953f-3a7e3cb8193a,28,S.P. Assayers and Hallmarking,"2654, 3rd Floor, Chawla tower, Bank StreetKarol Bagh, New Delhi, CENTRAL DELHI, KAROL BAGH, DELHI ,110005",DELHI,110005,BANK STREETKAROL BAGH,NEW DELHI,HIGH,0.83,explicit DISTRICT/DISTT marker in address; city inferred from district-adjacent address token: BANK STREETKAROL BAGH,False
db08e3ce-7c3b-4abf-99b8-cec8baf70528,29,M/s Labin Gem Testing & Hallmarking Center,"3090/35, 1st Floor BeadonpuraKarol Bagh, New Delhi, CENTRAL DELHI, KAROL BAGH, DELHI ,110005",DELHI,110005,1ST FLOOR BEADONPURAKAROL BAGH,NEW DELHI,HIGH,0.83,explicit DISTRICT/DISTT marker in address; city inferred from district-adjacent address token: 1ST FLOOR BEADONPURAKAROL BAGH,False
2ab05c71-a1a6-4227-a2a8-b800b0fc9111,42,M/s R C Hallmarking,"31/3206, 1st floor Beadonpura,Karol Bagh, Bew Delhi, CENTRAL DELHI, KAROL BAGH, DELHI ,110005",DELHI,110005,BEW,CENTRAL DELHI,HIGH,0.83,explicit DISTRICT/DISTT marker in address; city inferred from district-adjacent address token: BEW,False
d39baaed-a28e-4c5d-a991-32abac2acdb6,50,CHETNA HALLMARKING LAB,"3239/30, 1st floor, 29 No Gali, BeadonpuraKarol Bagh, New Delhi, CENTRAL DELHI, KAROL BAGH, DELHI ,110005",DELHI,110005,BEADONPURAKAROL BAGH,NEW DELHI,HIGH,0.83,explicit DISTRICT/DISTT marker in address; city inferred from district-adjacent address token: BEADONPURAKAROL BAGH,False
810306ce-d2a3-439c-bc3b-702eb8cba2e9,51,M/s Prince Hallmarking & Refinery Pvt. Ltd.,"2619, Gali No. 12/13, RehgarpuraKarol Bagh, New Delhi, CENTRAL DELHI, KAROL BAGH, DELHI ,110005",DELHI,110005,REHGARPURAKAROL BAGH,NEW DELHI,HIGH,0.83,explicit DISTRICT/DISTT marker in address; city inferred from district-adjacent address token: REHGARPURAKAROL BAGH,False
cf20a0e4-3007-4fe2-b109-693b59ec8373,74,M s Maya Testing and Hallmarking Centre,"1st, 4922 Karol Bagh, 40,Regharpura, Central Delhi New Delhi –, CENTRAL DELHI, KAROL BAGH, DELHI ,110005",DELHI,110005,NEW DELHI,CENTRAL DELHI,HIGH,0.83,explicit DISTRICT/DISTT marker in address; city inferred from district-adjacent address token: NEW DELHI,False
d295b082-afeb-4f10-8008-83e1147c8571,79,STAR HALLMARK CENTRE,"2762 -B,GALI NO-22,FIRST FLOOR,BEADONPURAKAROL BAGH, CENTRAL DELHI, KAROL BAGH, DELHI ,110005",DELHI,110005,BEADONPURAKAROL BAGH,CENTRAL DELHI,HIGH,0.83,explicit DISTRICT/DISTT marker in address; city inferred from district-adjacent address token: BEADONPURAKAROL BAGH,False
6b66602e-157c-4aa1-944d-598d7766a4f4,180,KAPISH HALLMARKING CENTRE,"2650, Bank Street, Naiwala Karol Bagh North West Delhi, New Delhi - 110005, NORTH WEST DELHI, ASHOK VIHAR, DELHI ,110005",DELHI,110005,ASHOK VIHAR,NORTH WEST DELHI,HIGH,0.83,explicit DISTRICT/DISTT marker in address; city inferred from district-adjacent address token: ASHOK VIHAR,False
024f4372-4138-435a-9624-e2adca133bac,4,SIDDHNATH ASSAYING & HALLMARKING CENTRE,"137 S/F, Moti Bazar, Chandni ChowkDelhi, NORTH DELHI, CHANDNI CHOWK, DELHI ,110006",DELHI,110006,F,NORTH DELHI,HIGH,0.83,explicit DISTRICT/DISTT marker in address; city inferred from district-adjacent address token: F,False
ae4eb58d-aa79-42d4-98cc-43f18cdfb1a5,7,SAMRIDDHI ASSAYING & HALLMARKING CENTRE,"1170, 4th Floor, Kucha Mahajani,Chandni Chowk, Delhi, NORTH DELHI, CHANDNI CHOWK, DELHI ,110006",DELHI,110006,KUCHA MAHAJANI,NORTH DELHI,HIGH,0.83,explicit DISTRICT/DISTT marker in address; city inferred from district-adjacent address token: KUCHA MAHAJANI,False
a89d77d8-f6ae-4fdc-bd20-666f09959eea,9,M/s Shree Katyayani Enterprises,"Prop No. 1072, 3rd Floor, Kucha Natwan,Chandni Chowk Area, New Delhi, Central Delhi – 110 006, NORTH DELHI, CHANDNI CHOWK, DELHI ,110006",DELHI,110006,110 006,NEW DELHI,HIGH,0.83,explicit DISTRICT/DISTT marker in address; city inferred from district-adjacent address token: 110 006,False
9144d0a2-07b3-4099-b32f-3dbed0793d60,21,CHETNA ASSAYING AND HALLMARKING CENTRE,"1164, 4th Floor, Kuchamahajani,Chadni Chowk, Delhi, NORTH DELHI, CHANDNI CHOWK, DELHI ,110006",DELHI,110006,KUCHAMAHAJANI,NORTH DELHI,HIGH,0.83,explicit DISTRICT/DISTT marker in address; city inferred from district-adjacent address token: KUCHAMAHAJANI,False
2e19f2d5-16aa-448e-986e-97267670611c,26,M/s National Hallmarking Centre,"1170/1240, 5th Floor Kucha MahajaniChandni Chowk, Delhi, NORTH DELHI, CHANDNI CHOWK, DELHI ,110006",DELHI,110006,,NORTH DELHI,MEDIUM,0.55,explicit DISTRICT/DISTT marker in address,True
1906aa42-531d-46d6-b32c-d9abdbabd5d1,45,Shri Jee Assaying & Hallmarking Centre,"1166, 4th Floor Kucha MahajaniChandni Chowk Delhi, NORTH DELHI, CHANDNI CHOWK, DELHI ,110006",DELHI,110006,,NORTH DELHI,MEDIUM,0.55,explicit DISTRICT/DISTT marker in address,True
499f694a-ceda-409e-98f5-2b02ebd976ad,48,Ms J S Assaying & Hallmarking Centre,"1162, 4th floor, Kucha MahajaniChandni Chowk, Delhi, NORTH DELHI, CHANDNI CHOWK, DELHI ,110006",DELHI,110006,4TH FLOOR,NORTH DELHI,HIGH,0.83,explicit DISTRICT/DISTT marker in address; city inferred from district-adjacent address token: 4TH FLOOR,False
f8a44a1a-4b2e-463c-9a80-58c82b24cdda,52,M/s Prince Hallmarking & Refinery Pvt. Ltd.,"2619, Gali No. 12/13, RehgarpuraKarol Bagh, New Delhi, CENTRAL DELHI, KAROL BAGH, DELHI ,110005 OSC Address: 1178/1181, 2nd Floor,Kucha Mahajani,, NORTH DELHI, CIVIL LINES (NORTH DELHI), DELHI, 110006",DELHI,110006,REHGARPURAKAROL BAGH,NEW DELHI,HIGH,0.83,explicit DISTRICT/DISTT marker in address; city inferred from district-adjacent address token: REHGARPURAKAROL BAGH,False
96a0b714-c9e9-4ab8-b7ee-7be93d0e9dca,90,Rudra Hallmarking Lab,"Shop no. 72 and 73, 3rd floor Building no. 1184,Kucha Mahajani, Chandni Chowk, Delhi- 06, NORTH DELHI, CHANDNI CHOWK, DELHI ,110006",DELHI,110006,KUCHA MAHAJANI,NORTH DELHI,HIGH,0.83,explicit DISTRICT/DISTT marker in address; city inferred from district-adjacent address token: KUCHA MAHAJANI,False
946b34f3-5f57-405e-87c5-df9341e544e8,92,GUD LUCK HALLMARK CENTER,"FIRST FLOOR 181/225 DARIBA KALAN ROADCHANDNI CHOWK AREA, NORTH DELHI, CHANDNI CHOWK, DELHI ,110006",DELHI,110006,FIRST FLOOR 181,NORTH DELHI,HIGH,0.83,explicit DISTRICT/DISTT marker in address; city inferred from district-adjacent address token: FIRST FLOOR 181,False
db8d93cc-d3b2-4b0d-b7d6-4fcdad8a415a,93,KALASH HALLMARKING CENTRE,"1163 ,THIRD FLOORKUCHA MAHAJANI CHANDNI CHOWK NORTH DELHI, NORTH DELHI, CHANDNI CHOWK, DELHI ,110006",DELHI,110006,,NORTH DELHI,MEDIUM,0.55,explicit DISTRICT/DISTT marker in address,True
b1be5aee-277f-4948-a6ad-fbbd1c691889,97,Star Hallmarking Lab,"5TH FLOOR, 1094, ENTRY FORM 1167, KUCHA MAHAJANI,KUCHA NATWA, CHANDANI CHOWK, Central Delhi., CENTRAL DELHI, JAMA MASJID, DELHI ,110006",DELHI,110006,JAMA MASJID,CENTRAL DELHI,HIGH,0.83,explicit DISTRICT/DISTT marker in address; city inferred from district-adjacent address token: JAMA MASJID,False
8d8d2a00-e4bc-4ad6-81ae-ac558a82b195,117,CHETNA ASSAYING AND HALLMARKING CENTRE,"168,1st Floor Dasna Gate Near Chopla MandirUTTAR PRADESH, GHAZIABAD, GHAZIABAD, UTTAR PRADESH ,201001 OSC Address: 182, 2nd Floor, Katra Maahroo Dariba Kalan,Chandni Chaowk,, NORTH DELHI, CHANDNI CHOWK, DELHI, 110006",DELHI,110006,CHANDNI CHAOWK,NORTH DELHI,HIGH,0.83,explicit DISTRICT/DISTT marker in address; city inferred from district-adjacent address token: CHANDNI CHAOWK,False
ee8d9b5a-cb14-4265-8865-b95ae81cb599,6,LAWAT HALLMARKING CENTER PRIVATE LIMITED,"1733, Jat Ke Kue Ka Rasta,Chandpole Bazar,, JAIPUR, JAIPUR, RAJASTHAN ,302001",RAJASTHAN,302001,JAT KE KUE KA RASTA,JAIPUR,HIGH,0.83,explicit DISTRICT/DISTT marker in address; city inferred from district-adjacent address token: JAT KE KUE KA RASTA,False
690e22d7-d27b-4008-ae82-6d645132e62e,8,Prince Hallmarking and Refinery Private Limited,"Shri Balaji Complex, Shop No G -2Ground Floor No 68, BADA SARAFA, INDORE, INDORE CLOTH MARKET, MADHYA PRADESH ,452002",MADHYA PRADESH,452002,SHRI BALAJI CO,INDORE,HIGH,0.83,explicit DISTRICT/DISTT marker in address; city inferred from district-adjacent address token: SHRI BALAJI CO,False
32f796ca-e144-4db5-b1f0-a3619dcf421e,258,RS HALLMARKING CENTRE,"113, TIRUPATI MARKET, 67 BADA SARAFACLOTH MARKET, INDORE, INDORE, INDORE CLOTH MARKET, MADHYA PRADESH ,452002",MADHYA PRADESH,452002,,INDORE,MEDIUM,0.55,explicit DISTRICT/DISTT marker in address,True
53377bc8-58ac-4119-8fda-a172c5de6b21,260,BRAJRAJ HALLMARKING CENTRE PRIVATE LIMITED,"10, CHHOTA SARAFA, INDOREMADHYA PRADESH, INDORE, INDORE CITY-2, MADHYA PRADESH ,452002",MADHYA PRADESH,452002,CITY 2,INDORE,HIGH,0.83,explicit DISTRICT/DISTT marker in address; city inferred from district-adjacent address token: CITY 2,False
0e824fbd-1c34-4f25-8b9c-79e71f477cd4,265,BOMBAY HALLMARK CENTER,"FIRST FLOOR,30,PANCHRATNA MARKET,NAGARCHI BAKHAL,102 BLOCK A,SARAFA,INDORE, INDORE, INDORE NAGAR, MADHYA PRADESH ,452002",MADHYA PRADESH,452002,102 BLOCK A,INDORE,HIGH,0.83,explicit DISTRICT/DISTT marker in address; city inferred from district-adjacent address token: 102 BLOCK A,False
135ea6d7-de89-41f4-a2cb-ecd47c1f1cb9,269,KRISHNA HALLMARKING CENTRE,"108,SHREE BALAJI COMPLEX,OLD 62 NEW 68BADA SARAFA,INDORE, INDORE, INDORE NAGAR, MADHYA PRADESH ,452002",MADHYA PRADESH,452002,SHREE BALAJI CO,INDORE,HIGH,0.83,explicit DISTRICT/DISTT marker in address; city inferred from district-adjacent address token: SHREE BALAJI CO,False
4d49a0be-3889-47b7-9a56-a2429fee1b13,10,HRDK HALLMARKING CENTRE,"NEAR JULAHO KI MASJID, BAIJI KA TALAB, JODHPUR, JODHPUR CITY, RAJASTHAN ,342001",RAJASTHAN,342001,BAIJI KA TALAB,JODHPUR,HIGH,0.83,explicit DISTRICT/DISTT marker in address; city inferred from district-adjacent address token: BAIJI KA TALAB,False
1fc8b9f0-ed94-49f0-bce0-ca7b55af66d8,60,Salasar Balaji Hallmarking Centre,"1,DOOR NO.1, MOHAN VILAS,RAJPUTO KI BAGECHI KEPASS ,BAI JI KA TALAB, JODHPUR, JODHPUR CITY, RAJASTHAN ,342001",RAJASTHAN,342001,BAI JI KA TALAB,JODHPUR,HIGH,0.83,explicit DISTRICT/DISTT marker in address; city inferred from district-adjacent address token: BAI JI KA TALAB,False
34d3298a-ba64-468f-b3d5-5faf7971e3bb,61,PAWAN HALLMARKING CENTRE,"NEAR ARORA NAMKEEN,CORPGHORON KA CHOWK, JODHPUR, JODHPUR, RAJASTHAN ,342001",RAJASTHAN,342001,NEAR ARORA NAMKEEN,JODHPUR,HIGH,0.83,explicit DISTRICT/DISTT marker in address; city inferred from district-adjacent address token: NEAR ARORA NAMKEEN,False
6ae32a39-e8dc-4d15-aca2-9f83f4a97871,243,Shree Rajrajeshwari Hallmarking Centre,"kumbheshwar mandir ke samne, Ghoron ka chowkJodhpur, JODHPUR, JODHPUR, RAJASTHAN ,342001",RAJASTHAN,342001,KUMBHESHWAR MANDIR KE SAMNE,JODHPUR,HIGH,0.83,explicit DISTRICT/DISTT marker in address; city inferred from district-adjacent address token: KUMBHESHWAR MANDIR KE SAMNE,False
9cb2614e-e5f8-4be7-af5e-cb130933e7bc,250,SPMJ ASSAYING AND HALLMARKING CENTRE,"MANGILAL 185 MANJI KA HATHANEAR DR DHARIWAL CLINIC PAOTA, JODHPUR, JODHPUR CITY, RAJASTHAN ,342001",RAJASTHAN,342001,MANGILAL 185 MANJI KA HATHANEAR DR DHARIWAL CLINIC PAOTA,JODHPUR,HIGH,0.83,explicit DISTRICT/DISTT marker in address; city inferred from district-adjacent address token: MANGILAL 185 MANJI KA HATHANEAR DR DHARIWAL CLINIC PAOTA,False
0ab3ad49-32f6-410d-892e-1d8e09906221,255,SHRI SALASAR HALLMARKING CENTRE,"NEAR DUDHESWAR MAHADEV MANDIR, UPPER CHANDANI COMPLEX, BAIJI KA TALAB ROAD, JODHPUR, JODHPUR, RAJASTHAN ,342001",RAJASTHAN,342001,UPPER CHANDANI COMPLEX,JODHPUR,HIGH,0.83,explicit DISTRICT/DISTT marker in address; city inferred from district-adjacent address token: UPPER CHANDANI COMPLEX,False
0f0ce37b-2e3e-474e-95e6-e41410f373d0,11,SRI GANGANAGAR HALLMARKING CENTRE,"SHOP NO.-59 FIRST FLOOR OLD DHAN MANDISRI GANGANAGAR, GANGANAGAR, SRIGANGANAGAR, RAJASTHAN ,335001",RAJASTHAN,335001,59 FIRST FLOOR OLD DHAN MANDISRI,GANGANAGAR,HIGH,0.83,explicit DISTRICT/DISTT marker in address; city inferred from district-adjacent address token: 59 FIRST FLOOR OLD DHAN MANDISRI,False
80574dfb-a6f9-4f1a-b8af-6775beaa1f38,65,CITY HALLMARK CENTRE,"156 JAWAHAR MARKET, GANGANAGAR, SRIGANGANAGAR, RAJASTHAN ,335001",RAJASTHAN,335001,,GANGANAGAR,MEDIUM,0.55,explicit DISTRICT/DISTT marker in address,True
597f1c15-8e27-4ee2-8dfe-f06a31b4e918,12,Ms Swarn Assaying & Hallmarking Centre,"B-1/17 krishna nagarDelhi-110051, EAST DELHI, KRISHNA NAGAR, DELHI ,110051",DELHI,110051,B 1,EAST DELHI,HIGH,0.83,explicit DISTRICT/DISTT marker in address; city inferred from district-adjacent address token: B 1,False
0d64b6d6-1f77-445b-93ee-8948f34b5a31,18,Krishna Hallmarking Centre,"A-7/29, Frist Floor, Krishna NagarNew delhi, NEW DELHI, NEW DELHI G.P.O., DELHI ,110051",DELHI,110051,G P O,NEW DELHI,HIGH,0.83,explicit DISTRICT/DISTT marker in address; city inferred from district-adjacent address token: G P O,False
0cd4b190-86a5-4087-93c2-cbae1857eff9,13,Shri Salasar Balaji Hallmarking Centre,"G 1-5 & 6, EPIPSitapura IndustrialArea, Tonk Road, JAIPUR, SITAPURA INDUSTRIAL AREA, RAJASTHAN ,302022",RAJASTHAN,302022,EPIPSITAPURA INDUSTRIALAREA,JAIPUR,HIGH,0.83,explicit DISTRICT/DISTT marker in address; city inferred from district-adjacent address token: EPIPSITAPURA INDUSTRIALAREA,False
cb1ae046-8aa1-405f-aaae-0a8cb9f2f430,186,VAISHNAVI HALLMARKING CENTER,"1stFLOOR,J405,SITAPURA IND AREA SANGANER,JAIPUR, JAIPUR, INDUSTRIAL ESTATE (JAIPUR), RAJASTHAN ,302022",RAJASTHAN,302022,J405,JAIPUR,HIGH,0.83,explicit DISTRICT/DISTT marker in address; city inferred from district-adjacent address token: J405,False
081fc542-ce93-4f31-955e-15dde96a3d10,201,KHARA SONA CHANDI,"G1-31, RIICO INDUSTRIAL AREASITAPURA JAIPUR, JAIPUR, SITAPURA INDUSTRIAL AREA, RAJASTHAN ,302022",RAJASTHAN,302022,RIICO INDUSTRIAL AREASITAPURA,JAIPUR,HIGH,0.83,explicit DISTRICT/DISTT marker in address; city inferred from district-adjacent address token: RIICO INDUSTRIAL AREASITAPURA,False
6e62f400-fda3-4f5e-a1fa-6218720c890b,14,M/s Mahalaxmi Hallmarking Centre,"B-111, First Floor, Khasra No 84/22Arya Samaj Road, Uttam Nagar, Delhi, WEST DELHI, UTTAM NAGAR, DELHI ,110059",DELHI,110059,FIRST FLOOR,WEST DELHI,HIGH,0.83,explicit DISTRICT/DISTT marker in address; city inferred from district-adjacent address token: FIRST FLOOR,False
b5856854-4140-4e7e-8237-b00bae281f77,16,P S HALLMARKING CENTRE,"29/3A 4A 5A 6A 7A 8A,SARRAFA BAZARKUCHA NEEL,MEERUT, MEERUT, MEERUT CITY, UTTAR PRADESH ,250002",UTTAR PRADESH,250002,SARRAFA BAZARKUCHA NEEL,MEERUT,HIGH,0.83,explicit DISTRICT/DISTT marker in address; city inferred from district-adjacent address token: SARRAFA BAZARKUCHA NEEL,False
8837314e-76a4-49ab-8288-b8fe0e5b5fd2,158,Saatvik Assaying and Hallmarking Center,"Shop No. 2, Building No. 6, Neel GaliSaraffa Bazaar, MEERUT, MEERUT CITY, UTTAR PRADESH ,250002",UTTAR PRADESH,250002,NEEL GALISARAFFA BAZAAR,MEERUT,HIGH,0.83,explicit DISTRICT/DISTT marker in address; city inferred from district-adjacent address token: NEEL GALISARAFFA BAZAAR,False
a3ad2a7c-ff70-48ea-86fb-ed9534ed45a5,159,sonu assaying and hallmarking center,"Building no. 51, Rabadi wali gali, velly bazarroad, kagji bazar, meerut, MEERUT, MEERUT CITY, UTTAR PRADESH ,250002",UTTAR PRADESH,250002,VELLY BAZARROAD,MEERUT,HIGH,0.83,explicit DISTRICT/DISTT marker in address; city inferred from district-adjacent address token: VELLY BAZARROAD,False
ae67dacf-f084-4344-a53c-4ab41457c87f,161,MS GOLD LAB,"216/246 Neel Gali Sarffa Bazar216/246 Neel Gali Sarffa Bazar, MEERUT, MEERUT CITY, UTTAR PRADESH ,250002",UTTAR PRADESH,250002,246 NEEL GALI SARFFA BAZAR216,MEERUT,HIGH,0.83,explicit DISTRICT/DISTT marker in address; city inferred from district-adjacent address token: 246 NEEL GALI SARFFA BAZAR216,False
fbdbdc02-1cc3-4d42-830e-09523b56c181,162,Hira Hallmarking Centre,"65, Kagji Bazar, Sarafa, Meerut, MEERUT, MEERUT CITY, UTTAR PRADESH ,250002",UTTAR PRADESH,250002,,MEERUT,MEDIUM,0.55,explicit DISTRICT/DISTT marker in address,True
d7169cc9-94c4-4a90-affb-fec454d63f25,163,SHREE BALAJI HALLMARKING CENTRE,"97, SARAI LAL DASSARAFA BAZAR, MEERUT, MEERUT CITY, UTTAR PRADESH ,250002",UTTAR PRADESH,250002,,MEERUT,MEDIUM,0.55,explicit DISTRICT/DISTT marker in address,True
54ca59c7-359a-4414-a6b0-a83b04a61b66,17,S R ASSAYING AND HALLMARKING CENTRE,"23/20-B, First FloolTilak Nagar, New Delhi, WEST DELHI, TILAK NAGAR (WEST DELHI), DELHI ,110018",DELHI,110018,TILAK,NEW DELHI,HIGH,0.83,explicit DISTRICT/DISTT marker in address; city inferred from district-adjacent address token: TILAK,False
88eeb474-30ca-4145-8833-6e6dd4e91035,95,SHIVAJI GOLD HALLMARKING CENTRE,"23/9-A, Ground Floor, Rajinder Kaur MargShemrock Gallery Tilak Nagar, Near Post Office, West Delhi, WEST DELHI, TILAK NAGAR (WEST DELHI), DELHI ,110018",DELHI,110018,POST OFFICE,WEST DELHI,HIGH,0.83,explicit DISTRICT/DISTT marker in address; city inferred from district-adjacent address token: POST OFFICE,False
1eab51d9-f5ba-4b28-aa9f-a96d16d2c257,19,SHRI BALAJI HALLMARKING CENTRE,"WARD NO 16, NAYA SHAHAR, NEAR DUJOD GATESIKAR , RAJASTHAN, SIKAR, SIKAR, RAJASTHAN ,332001",RAJASTHAN,332001,NAYA SHAHAR,SIKAR,HIGH,0.83,explicit DISTRICT/DISTT marker in address; city inferred from district-adjacent address token: NAYA SHAHAR,False
d1b1b60b-6fc1-4fd1-aac7-cb6ba975c514,32,Shri Shyam Hallmark Centre,"Chiranji Panwari Ki Gali, SikarChiranji Panwari Ki Gali, Sikar, SIKAR, SIKAR, RAJASTHAN ,332001",RAJASTHAN,332001,CHIRANJI PANWARI KI GALI,SIKAR,HIGH,0.83,explicit DISTRICT/DISTT marker in address; city inferred from district-adjacent address token: CHIRANJI PANWARI KI GALI,False
847dd5f5-26e8-4d5b-b259-ba0e6a73c37c,64,Heman hallmarking Centre,"Shop No. 15,Shyam Plaza Ward no. 16,between Subhash Chowk & Nani Gate Near Gopinath, SIKAR, SIKAR, RAJASTHAN ,332001",RAJASTHAN,332001,,SIKAR,MEDIUM,0.55,explicit DISTRICT/DISTT marker in address,True
ffc1b569-45ff-4c90-a4ff-f5a82e50177e,20,IDGL Hallmarking Centre,"91-A, Block-A, First Floor, Central MarketLajpat Nagar-ll , New Delhi, SOUTH DELHI, LAJPAT NAGAR (SOUTH DELHI), DELHI ,110024",DELHI,110024,LAJPAT,NEW DELHI,HIGH,0.83,explicit DISTRICT/DISTT marker in address; city inferred from district-adjacent address token: LAJPAT,False
bc36a0c1-ceae-432c-a046-96938398848e,1551,SHREE HALLMARKING CENTRE,"G/F, First Floor, I-44, Central MarketLajpat Nagar 2, New Delhi - 110024, SOUTH EAST DELHI, SOUTH EAST DELHI, DELHI ,110024",DELHI,110024,I 44,SOUTH EAST DELHI,HIGH,0.83,explicit DISTRICT/DISTT marker in address; city inferred from district-adjacent address token: I 44,False
8038dde2-f0bb-49b8-97bf-8078ff87e878,22,SHREE KALYAN HALLMARKING CENTRE,"13/301 OPPOSITE MAHILA SIKSHA SADANNAYA BAZAR, AJMER, AJMER, AJMER, RAJASTHAN ,305001",RAJASTHAN,305001,,AJMER,MEDIUM,0.55,explicit DISTRICT/DISTT marker in address,True
b4aeec95-e54d-4055-9a1b-91fddf6e28b9,197,L S HALLMARK CENTRE,"0, GHEE MANDI, NAYA BAAZARAJMER, AJMER, AJMER, RAJASTHAN ,305001",RAJASTHAN,305001,NAYA BAAZAR,AJMER,HIGH,0.83,explicit DISTRICT/DISTT marker in address; city inferred from district-adjacent address token: NAYA BAAZAR,False
613db513-9924-41e4-b0ce-18d41533b8cc,24,J P Testing and gold hallmarking Centre,"Ward no 7, Holi darwaja , Dulhe Singh RastaChomu , Distt Jaipur Rural, JAIPUR, JAIPUR, RAJASTHAN ,303702",RAJASTHAN,303702,RURAL,JAIPUR,HIGH,0.83,explicit DISTRICT/DISTT marker in address; city inferred from district-adjacent address token: RURAL,False
83a95f08-ce43-47f9-9a35-2315342864a2,188,Shree Shyam Hallmarking Center,"o, near by Gopal ji ka mandir , holi darwaja road Chopad , Chomu , Jaipur , Rajasthan , 303702, JAIPUR, CHOMU, RAJASTHAN ,303702",RAJASTHAN,303702,CHOMU,JAIPUR,HIGH,0.83,explicit DISTRICT/DISTT marker in address; city inferred from district-adjacent address token: CHOMU,False
89b0c7fc-ad5a-4e7f-8ef0-576e2bc368da,191,Darshan Hallmarking Center,"Holi Darwaza , R.C. complex , Chopad, Chomu, JAIPUR, CHOMU, RAJASTHAN ,303702",RAJASTHAN,303702,CHOMU,JAIPUR,HIGH,0.83,explicit DISTRICT/DISTT marker in address; city inferred from district-adjacent address token: CHOMU,False
e03704eb-7d4a-4c22-815a-7d35bbd674c8,30,M/s Vinayak Assaying & Hallmarking Pvt. Ltd.,"160, 3rd Floor, Kapil ViharSaraswati Vihar, Delhi, NORTH WEST DELHI, SARASWATI VIHAR, DELHI ,110034",DELHI,110034,SARASWATI VIHAR,NORTH WEST DELHI,HIGH,0.83,explicit DISTRICT/DISTT marker in address; city inferred from district-adjacent address token: SARASWATI VIHAR,False
240e2319-a591-4b79-9345-101d556a2584,31,Sidhnath Gold Hallmark Centre,"437/17, SAIYYAD WALI GALI, RAILWAY ROAD, ROHTAKHARYANA, 124001, ROHTAK, JHAJJAR ROAD ROHTAK, HARYANA ,124001",HARYANA,124001,SAIYYAD WALI GALI,ROHTAK,HIGH,0.83,explicit DISTRICT/DISTT marker in address; city inferred from district-adjacent address token: SAIYYAD WALI GALI,False
c49bf5a6-6e59-4b9d-8102-89b22ea25b2f,685,Om Hallmark Centre,"473/17,Near Pech Beri Wala, Railway Road, Sayad Wa, ROHTAK, ROHTAK, HARYANA ,124001",HARYANA,124001,SAYAD WA,ROHTAK,HIGH,0.83,explicit DISTRICT/DISTT marker in address; city inferred from district-adjacent address token: SAYAD WA,False
316765cb-92ac-44bd-baf3-c5ecaff56c1f,33,Rama Krishna Gold Hallmarking,"Flat 1E, 1st Floor, Rukhmani EnclaveCity Kotwali, BIKANER, BIKANER, RAJASTHAN ,334001",RAJASTHAN,334001,RUKHMANI ENCLAVECITY KOTWALI,BIKANER,HIGH,0.83,explicit DISTRICT/DISTT marker in address; city inferred from district-adjacent address token: RUKHMANI ENCLAVECITY KOTWALI,False
58f82e9a-b211-4e61-91b8-91fb554d5d1a,38,MAA KARNI HALLMARKING CENTRE,"MOHALLA DESHWALIKUMHARAN ,BEHIND CITY KOTWALI, BIKANER , RAJASTHAN -334001, BIKANER, BIKANER CITY, RAJASTHAN ,334001",RAJASTHAN,334001,CITY KOTWALI,BIKANER,HIGH,0.83,explicit DISTRICT/DISTT marker in address; city inferred from district-adjacent address token: CITY KOTWALI,False
e734a403-75b7-49b0-8c26-430896ed8960,231,SHREE KISHAN HALLMARKING CENTER,"0, BEHIND CITY KOTWALI, KUMAHARO KA MOHALLAOLD BIKANER, BIKANER, BIKANER CITY, RAJASTHAN ,334001",RAJASTHAN,334001,KUMAHARO KA MOHALLAOLD,BIKANER,HIGH,0.83,explicit DISTRICT/DISTT marker in address; city inferred from district-adjacent address token: KUMAHARO KA MOHALLAOLD,False
88782b9a-181c-4443-b677-1c9a07203818,234,SHREE KUNDANWALA HALLMARKING CENTRE,"FIRST FLOOR,KUNDANWALA KA MOHALLA SATAYNARAYAN TEMPLE,Bikaner Jewels,old Bikaner,Rajasthan,334001, BIKANER, BIKANER, RAJASTHAN ,334001",RAJASTHAN,334001,OLD,BIKANER,HIGH,0.83,explicit DISTRICT/DISTT marker in address; city inferred from district-adjacent address token: OLD,False
d9bb3a8f-b120-4cc7-a2c9-29bbb69440f3,236,SHREE SHYAM HALLMARKING CENTER,"WARD NO. 75, BEHIND CITY KOTWALI, RAMPURIYAROAD, bikaner, Bikaner, Bikaner, Rajasthan, 334001, BIKANER, BIKANER, RAJASTHAN ,334001",RAJASTHAN,334001,RAMPURIYAROAD,BIKANER,HIGH,0.83,explicit DISTRICT/DISTT marker in address; city inferred from district-adjacent address token: RAMPURIYAROAD,False
2f040494-7214-4f89-93bf-3ffe3afb9ffb,34,Amola Hallmark,"F12 - 15, Kotahri ComplexSarafa Bazar, GWALIOR, LASHKAR, MADHYA PRADESH ,474001",MADHYA PRADESH,474001,KOTAHRI CO,GWALIOR,HIGH,0.83,explicit DISTRICT/DISTT marker in address; city inferred from district-adjacent address token: KOTAHRI CO,False
d8f2ba37-3040-4a93-a283-c6731e1f8b10,81,ELIXIR GOLD,"GROUND FLOOR,29-30, SHREE NATH COMPLEXMOAR BAZAR,LASHKAR,GWALIOR, GWALIOR, GWALIOR, MADHYA PRADESH ,474001",MADHYA PRADESH,474001,LASHKAR,GWALIOR,HIGH,0.83,explicit DISTRICT/DISTT marker in address; city inferred from district-adjacent address token: LASHKAR,False
e56873ba-aeb4-4551-8a23-245337047a41,82,PARAKH GOLD TESTING AND HALLMARK CENTER,"Second floor, Hall no 203, Sarrafa BazarLashkar, GWALIOR, LASHKAR, MADHYA PRADESH ,474001",MADHYA PRADESH,474001,SARRAFA BAZARLASHKAR,GWALIOR,HIGH,0.83,explicit DISTRICT/DISTT marker in address; city inferred from district-adjacent address token: SARRAFA BAZARLASHKAR,False
304afdf8-f8ba-4430-8a38-ec98a8266200,281,PAWAN HALLMARK CENTER,"Second floor, Above Pawan Jewellers,Main RoadSarrafa Bazar, Gwalior, GWALIOR, GWALIOR CITY, MADHYA PRADESH ,474001",MADHYA PRADESH,474001,ABOVE PAWAN JEWELLERS,GWALIOR,HIGH,0.83,explicit DISTRICT/DISTT marker in address; city inferred from district-adjacent address token: ABOVE PAWAN JEWELLERS,False
e60d0405-6a27-472f-b65e-6637ea253c6c,35,SATNA HALLMARKING CENTRE,"Ward No.- 41, Infront of Lalbihari MarketHanuman Chowk, Satna, SATNA, SATNA, MADHYA PRADESH ,485001",MADHYA PRADESH,485001,,SATNA,MEDIUM,0.55,explicit DISTRICT/DISTT marker in address,True
e1e02b27-d22a-4fe4-8206-ba00cf746726,36,SATNA HALLMARKING CENTRE,"Ward No.- 41, Infront of Lalbihari MarketHanuman Chowk, Satna, SATNA, SATNA, MADHYA PRADESH ,485001 OSC Address: 1st Floor Kediya Market, Sarafa Katni,, KATNI, KATNI, MADHYA PRADESH, 485001",MADHYA PRADESH,485001,,SATNA,MEDIUM,0.55,explicit DISTRICT/DISTT marker in address,True
8f7e9073-941c-4d40-91d9-da69b14b745d,288,SHREE RAM HALLMARKING CENTRE,"DURGA MANDIR, NEAR DURGA MANDIR, PURANI ABKARI, SIDDHI VINAYAK PARISAR, SATNA, SATNA, SATNA, MADHYA PRADESH ,485001",MADHYA PRADESH,485001,SIDDHI VINAYAK PARISAR,SATNA,HIGH,0.83,explicit DISTRICT/DISTT marker in address; city inferred from district-adjacent address token: SIDDHI VINAYAK PARISAR,False
6c68d618-b0ae-45ca-8536-330f24570623,37,Shree Balaji Hallmark & Testing Center,"Plot No. 4, Rana Pratap NagarJhotwara, Jaipur, JAIPUR, JAIPUR CITY, RAJASTHAN ,302012",RAJASTHAN,302012,RANA PRATAP NAGA,JAIPUR,HIGH,0.83,explicit DISTRICT/DISTT marker in address; city inferred from district-adjacent address token: RANA PRATAP NAGA,False
1fa75287-1d5a-4a55-91d0-7bc47742da22,40,S S Hallmarking Centre,"Shop No. F1 to F4, Kanha Plaza Plot No. 1Rana Pratap Nagar, Jhotwara, Jaipur, JAIPUR, JAIPUR CITY, RAJASTHAN ,302012",RAJASTHAN,302012,JHOTWARA,JAIPUR,HIGH,0.83,explicit DISTRICT/DISTT marker in address; city inferred from district-adjacent address token: JHOTWARA,False
6ebe7679-2e1c-481e-8094-5ee1684534f8,182,B R HALLMARKING CENTRE,"SHOP NO.B-3, B-4, BASHMENT PLOT NO.A-1,TRIMURTI PLAZA, SAHKAR NAGAR-B, JHOTWARA, JAIPUR, JAIPUR, JHOTWARA, RAJASTHAN ,302012",RAJASTHAN,302012,JHOTWARA,JAIPUR,HIGH,0.83,explicit DISTRICT/DISTT marker in address; city inferred from district-adjacent address token: JHOTWARA,False
0aff0e4a-0f7c-42ee-ab55-ed03aef4e16f,189,MAA AMBEY HALLMARKING CENTRE,"SHAHKAR NAGAR, A-22-W, SHILP COLONY,,JHOTWARA, JAIPUR, Jaipur, Rajasthan, 302012, JAIPUR, JHOTWARA, RAJASTHAN ,302012",RAJASTHAN,302012,JHOTWARA,JAIPUR,HIGH,0.83,explicit DISTRICT/DISTT marker in address; city inferred from district-adjacent address token: JHOTWARA,False
e717681a-41a1-460e-91c8-09a81b084fde,192,SHREE SALASAR BALAJI HALLMARKING CENTRE,"Shop No. 5-6, 798/1286,Sekhar Nagar, Jhotwara, Rajasthan, JAIPUR, JHOTWARA, RAJASTHAN ,302012",RAJASTHAN,302012,JHOTWARA,JAIPUR,HIGH,0.83,explicit DISTRICT/DISTT marker in address; city inferred from district-adjacent address token: JHOTWARA,False
e368e7ab-ed89-4697-bd37-90e52235b6c2,39,Ayush Hallmarking Center,"B 8-10, Panchratna Plaza, Brijrajpura, KOTA, KOTA, RAJASTHAN ,324006",RAJASTHAN,324006,BRIJRAJPURA,KOTA,HIGH,0.83,explicit DISTRICT/DISTT marker in address; city inferred from district-adjacent address token: BRIJRAJPURA,False
9b3dfaeb-b303-4f6e-8c4b-fe507b34454a,210,VAIBHAV & GARGI HALLMARKING CENTRE,"GROUND FLOOR, 18/108, SHOP NO. 2, KHANDUJA BHAWAN,BHERU JI KA CHOWK, BRIJRAJPURA, KOTA,, KOTA, KOTA, RAJASTHAN ,324006",RAJASTHAN,324006,BRIJRAJPURA,KOTA,HIGH,0.83,explicit DISTRICT/DISTT marker in address; city inferred from district-adjacent address token: BRIJRAJPURA,False
3f060e15-e1b0-4e99-934a-2edf8901d958,216,SUJAL HALLMARKING CENTRE,"lakharapada, brijrajpura, kota, Kota, Rajasthan, 3Rajasthan, KOTA, KOTA, RAJASTHAN ,324006",RAJASTHAN,324006,BRIJRAJPURA,KOTA,HIGH,0.83,explicit DISTRICT/DISTT marker in address; city inferred from district-adjacent address token: BRIJRAJPURA,False
5c507db6-68ea-4200-abf2-8818e1508977,217,DIVYANSH HALLMARKING CENTRE,"GANESH COMPAX,FIRST FLOOR,7,DIVYANSH HALLMARKINGNEAR NEW SARAFA MARKET,KOTA, KOTA, KOTA, RAJASTHAN ,324006",RAJASTHAN,324006,FIRST FLOOR,KOTA,HIGH,0.83,explicit DISTRICT/DISTT marker in address; city inferred from district-adjacent address token: FIRST FLOOR,False
43db0102-b814-4f05-9c65-956bdb5ba495,41,RAMJI HALLMARKING CENTRE,"NEAR MAHARAJA AGERSEN PUBLIC SCHOOL, MANDI BANS, MORADABAD, MORADABAD, UTTAR PRADESH ,244001",UTTAR PRADESH,244001,MANDI BANS,MORADABAD,HIGH,0.83,explicit DISTRICT/DISTT marker in address; city inferred from district-adjacent address token: MANDI BANS,False
5aaf116e-45e3-48d4-82ab-306eb4fbce21,63,BALAJI HALLMARKING CENTER,"MOHALLA-ATAI OPP.LAXMI NARAYAN MANDIRMANDI CHOWK, MORADABAD, MORADABAD, UTTAR PRADESH ,244001",UTTAR PRADESH,244001,,MORADABAD,MEDIUM,0.55,explicit DISTRICT/DISTT marker in address,True
f117ff05-4352-47c6-9c41-6847b4a325ea,69,SHRI BANKEY BIHARI HALLMARK CENTER,"JILAL STREET, MANDI CHOWK, MORADABADUTTAR PRADESH, 244001, MORADABAD, MORADABAD, UTTAR PRADESH ,244001",UTTAR PRADESH,244001,,MORADABAD,MEDIUM,0.55,explicit DISTRICT/DISTT marker in address,True
bcd3581f-ff6a-4284-97ba-2dee65dbd7c3,43,SURAJ HALLMARKING & ASSAYING CENTRE,"Front of Jain Mandir, Fort Road,Sarafa Market, Tesil Huzur Dist. Rewa, REWA, REWA, MADHYA PRADESH ,486001",MADHYA PRADESH,486001,TESIL HUZUR,REWA,HIGH,0.83,explicit DISTRICT/DISTT marker in address; city inferred from district-adjacent address token: TESIL HUZUR,False
5e651874-8acc-4f2b-b87a-72adce065797,44,MEERA HALLMARKING CENTRE,"117,SADAR CHOWKSARAFA BAZAR, MEERUT, MEERUT CANTT, UTTAR PRADESH ,250001",UTTAR PRADESH,250001,CANTT,MEERUT,HIGH,0.83,explicit DISTRICT/DISTT marker in address; city inferred from district-adjacent address token: CANTT,False
774651d2-e37f-4cd8-b97c-e9061513415b,160,Aadinath Hallmarking Centre,"Shop No. 180A, Sadar Saraffa Bazar, Meerut, U.P, MEERUT, MEERUT CITY, UTTAR PRADESH ,250001",UTTAR PRADESH,250001,U P,MEERUT,HIGH,0.83,explicit DISTRICT/DISTT marker in address; city inferred from district-adjacent address token: U P,False
88b26979-5a82-40e2-b737-540dd1d05191,46,DWARIKA HALLMARKING CENTRE,"2-5, Swarn Plaza, Suraj PolePali, Rajasthan, PALI, PALI CITY, RAJASTHAN ,306401",RAJASTHAN,306401,SURAJ POLE,PALI,HIGH,0.83,explicit DISTRICT/DISTT marker in address; city inferred from district-adjacent address token: SURAJ POLE,False
a3aed6c2-f138-4b72-b949-ac87f7cc0219,202,Maa Kripa Hallmarking Center,"52, KHATRIYO KA BAS, PALI, PALI CITY, RAJASTHAN ,306401",RAJASTHAN,306401,KHATRIYO KA BAS,PALI,HIGH,0.83,explicit DISTRICT/DISTT marker in address; city inferred from district-adjacent address token: KHATRIYO KA BAS,False
54403ed0-f72a-40c5-b434-84b377dafc66,47,TARUN HALLMARKING CENTRE,"2nd floor, 114, Chandni ChowkRatlam, M.P., RATLAM, RATLAM, MADHYA PRADESH ,457001",MADHYA PRADESH,457001,M P,RATLAM,HIGH,0.83,explicit DISTRICT/DISTT marker in address; city inferred from district-adjacent address token: M P,False
8ca11c59-f4c2-4837-bf11-f8cb40bcc266,261,JMJ HALLMARK CENTER,"2/3, TAL WALO KI GALI, CHANDANI CHOWK, RATLAM, RATLAM CITY, MADHYA PRADESH ,457001",MADHYA PRADESH,457001,TAL WALO KI GALI,RATLAM,HIGH,0.83,explicit DISTRICT/DISTT marker in address; city inferred from district-adjacent address token: TAL WALO KI GALI,False
1f3aac10-3173-440b-94c5-dfc74ae0cc3c,262,ARIHANT HALLMARKING CENTER,"Municiple no.17,Chandani Chowk, RATLAM, RATLAM CITY, MADHYA PRADESH ,457001",MADHYA PRADESH,457001,,RATLAM,MEDIUM,0.55,explicit DISTRICT/DISTT marker in address,True
36d92924-5d96-4410-9bee-f097e790e0a0,268,MOONAT HALLMARK CENTER,"THIRD FLOOR,39/2,CHANDANI CHOWK,RATNALMADHYA PRADESH, RATLAM, RATLAM, MADHYA PRADESH ,457001",MADHYA PRADESH,457001,RATNAL,RATLAM,HIGH,0.83,explicit DISTRICT/DISTT marker in address; city inferred from district-adjacent address token: RATNAL,False
274dac55-9451-496c-a218-3ac13852aec4,270,Shree Ganesh assaying and Hallmarking Center,"1st Floor,Moonat complex,27/3 Dhanjibhaika NohraChandni Chowk, RATLAM, RATLAM, MADHYA PRADESH ,457001",MADHYA PRADESH,457001,MOONAT CO,RATLAM,HIGH,0.83,explicit DISTRICT/DISTT marker in address; city inferred from district-adjacent address token: MOONAT CO,False
3efed464-c5ad-4d4a-84df-668dcd84fcf1,49,BRIJ HALLMARKING CENTER,"1st FLOOR HARI COMPLEX KOTWALI ROAD MATHURAMATHURA, MATHURA, MATHURA, UTTAR PRADESH ,281001",UTTAR PRADESH,281001,,MATHURA,MEDIUM,0.55,explicit DISTRICT/DISTT marker in address,True
ca95a0eb-cbf7-43ac-aaf9-ff80d92f06e2,174,RP Assaying and Hallmarking centre,"First Floor, 3, 4 & 5, Sarrafa Bhawan,Koyla Wali Gali, Dalpat Khidki, Mathura, MATHURA, MATHURA, UTTAR PRADESH ,281001",UTTAR PRADESH,281001,DALPAT KHIDKI,MATHURA,HIGH,0.83,explicit DISTRICT/DISTT marker in address; city inferred from district-adjacent address token: DALPAT KHIDKI,False
a9f4d845-c764-4078-aad7-80f53bd309d3,178,ANKIT HALLMARK CENTER,"176, KOYLA GLI MATHURA, DALPAT KHIDAKIMATHURA, MATHURA, MATHURA CITY, UTTAR PRADESH ,281001",UTTAR PRADESH,281001,DALPAT KHIDAKI,MATHURA,HIGH,0.83,explicit DISTRICT/DISTT marker in address; city inferred from district-adjacent address token: DALPAT KHIDAKI,False
2c5f1a25-a363-4084-9277-33a07ddcb2bb,179,AKARSH HALLMARKING CENTRE,"1204, GALI MEGHA, CHOWK BAZAR, MATHURA,MATHURAUttar Pradesh, MATHURA, MATHURA, UTTAR PRADESH ,281001",UTTAR PRADESH,281001,GALI MEGHA,MATHURA,HIGH,0.83,explicit DISTRICT/DISTT marker in address; city inferred from district-adjacent address token: GALI MEGHA,False
324b8795-8310-4a2e-9506-59048a536be3,53,Lakshmi Assaying And Hallmarking Centre,"1ST FLOOR SHOP NO. 132-134MAIN MARKET NO.1 NIT FARIDABAD, FARIDABAD, FARIDABAD NIT, HARYANA ,121001",HARYANA,121001,NIT,FARIDABAD,HIGH,0.83,explicit DISTRICT/DISTT marker in address; city inferred from district-adjacent address token: NIT,False
6b18c203-14fe-48ab-8734-e91ec58b8cd6,679,BOMBAY ASSAYING AND HALLMARKING CENTRE,"FIRST FLOOR,1E/51,NIT,FARIDABADHARYANA, FARIDABAD, FARIDABAD NIT, HARYANA ,121001",HARYANA,121001,NIT,FARIDABAD,HIGH,0.83,explicit DISTRICT/DISTT marker in address; city inferred from district-adjacent address token: NIT,False
8df93878-ad60-4ad4-9549-bd4e028e3c8a,54,Lakshmi Assaying And Hallmarking Centre,"1ST FLOOR SHOP NO. 132-134MAIN MARKET NO.1 NIT FARIDABAD, FARIDABAD, FARIDABAD NIT, HARYANA ,121001 OSC Address: 278/13, sadar bazar,Roshan Pura,, GURGAON, GURGAON, HARYANA, 122001",HARYANA,122001,NIT,FARIDABAD,HIGH,0.83,explicit DISTRICT/DISTT marker in address; city inferred from district-adjacent address token: NIT,False
e0b5fb1d-6cff-45ca-bc02-7e784262be43,681,SHREE KRISHNA HALLMARKING CENTRE,"SHOP NO.230,JACUMPURA,CHOTA GURUDWARA,GURUGRAM, GURGAON, GURGAON, HARYANA ,122001",HARYANA,122001,CHOTA GURUDWARA,GURUGRAM,HIGH,0.83,explicit DISTRICT/DISTT marker in address; city inferred from district-adjacent address token: CHOTA GURUDWARA,False
8168197a-7f74-479b-b319-ef0aa1883e3d,55,OM HALLMARKING CENTRE,"COMERCIAL COMPLEX, UNDER GROUND, HOLI CHOWK, SIROHI, SHEOGANJ (SIROHI), RAJASTHAN ,307027",RAJASTHAN,307027,SHEOGANJ,SIROHI,HIGH,0.83,explicit DISTRICT/DISTT marker in address; city inferred from district-adjacent address token: SHEOGANJ,False
8013ef95-c4d3-4019-80ac-7fd65686a96d,78,VIKAS HALLMARKING ASSAY CENTER,", NEAR HANUMAN TEMPAL HOLY CHOCK, SHEOGANJSirohi, Rajasthan, 307027, SIROHI, SHEOGANJ (SIROHI), RAJASTHAN ,307027",RAJASTHAN,307027,SHEOGANJ,SIROHI,HIGH,0.83,explicit DISTRICT/DISTT marker in address; city inferred from district-adjacent address token: SHEOGANJ,False
2b78b0a2-7798-4850-af7c-e003ad006435,184,LAKHAN HALLMARKING CENTRE,"01 UF, CHIPA VAS, HOLI CHOWK,SHEOGANJ, DIST. SIROHI, SIROHI, SHEOGANJ (SIROHI), RAJASTHAN ,307027",RAJASTHAN,307027,SHEOGANJ,SIROHI,HIGH,0.83,explicit DISTRICT/DISTT marker in address; city inferred from district-adjacent address token: SHEOGANJ,False
01fe1d14-c63e-482c-b259-cb98cc5b70c2,56,VARSHA HALLMARKING &ASSAYING CENTRE,"PLOT NO. 40, 1ST FLOOR NEAR SHREEJI MANDIRREE JI MPLOT NO. 40, 1ST FLOOR NEAR SHREEJI MANDIRREE JI M, BHOPAL, BHOPAL G.P.O., MADHYA PRADESH ,462001",MADHYA PRADESH,462001,1ST FLOOR NEAR SHREEJI MANDIRREE JI M,BHOPAL,HIGH,0.83,explicit DISTRICT/DISTT marker in address; city inferred from district-adjacent address token: 1ST FLOOR NEAR SHREEJI MANDIRREE JI M,False
f5dcccd4-b41a-4e95-b3b1-21a7df361e7f,73,SHRI SURAJ HALLMARKING AND ASSAYING CENTRE,"H. No. 100, 1st and 2nd Floor, Ghantewali Gali,Chintaman Chauraha, Marwari Road, Bhopal, BHOPAL, BHOPAL G.P.O., MADHYA PRADESH ,462001",MADHYA PRADESH,462001,G P O,BHOPAL,HIGH,0.83,explicit DISTRICT/DISTT marker in address; city inferred from district-adjacent address token: G P O,False
196f6553-66a6-485a-99d5-dd3b5baf284b,272,NARAYAN HALLMARKING CENTRE,"FIRST AND SECOND FLOOR, H NO. 6, CHOWK BAZAR, LALWANI GALI, BHOPAL, BHOPAL, BHOPAL G.P.O., MADHYA PRADESH ,462001",MADHYA PRADESH,462001,LALWANI GALI,BHOPAL,HIGH,0.83,explicit DISTRICT/DISTT marker in address; city inferred from district-adjacent address token: LALWANI GALI,False
29d63c0d-aba9-42dd-8032-770ecae2338c,274,GURU KRIPA HALLMARK CENTER,"SHOP NO 1 AND 2,KRISHNA VILLA MARKETNEAR JAMA MASJID, LAKHERAPURA,BHOPAL, BHOPAL, BHOPAL G.P.O., MADHYA PRADESH ,462001",MADHYA PRADESH,462001,LAKHERAPURA,BHOPAL,HIGH,0.83,explicit DISTRICT/DISTT marker in address; city inferred from district-adjacent address token: LAKHERAPURA,False
b905313b-1cb4-43d1-8d36-3246fabbbdc3,275,SHREENATH JI TUNCH & HALLMARK,"First Floor, 33, Chintaman Chouraha,Marwari Road, Bhopal, BHOPAL, BERASIA BHOPAL, MADHYA PRADESH ,462001",MADHYA PRADESH,462001,BERASIA,BHOPAL,HIGH,0.83,explicit DISTRICT/DISTT marker in address; city inferred from district-adjacent address token: BERASIA,False
34604036-ee3e-45ea-b84b-778a7bdf9f49,57,SHREE SHYAM HALLMARK,"Ground Floor, 104/74 Vijay PathMansarovar, Jaipur, Rajasthan - 302020, JAIPUR, MANSAROVAR, RAJASTHAN ,302020",RAJASTHAN,302020,74 VIJAY PATHMANSAROVAR,JAIPUR,HIGH,0.83,explicit DISTRICT/DISTT marker in address; city inferred from district-adjacent address token: 74 VIJAY PATHMANSAROVAR,False
73d805a0-a450-4f85-b54a-a6e721f3679e,58,SUBHASH HALLMARKING CENTRE,"LAXMIPURA,BEHIND SR. SEC.SCHOOLWARD NO.20,PHALODI, JODHPUR, PHALODI, RAJASTHAN ,342301",RAJASTHAN,342301,PHALODI,JODHPUR,HIGH,0.83,explicit DISTRICT/DISTT marker in address; city inferred from district-adjacent address token: PHALODI,False
71958e47-6ec1-498c-9e96-079c295c1dc7,251,PARSHMANI HALLMARK CENTER,"Jawahar Pyau,Station Road, Phalodi, Rajasthan, JODHPUR, PHALODI, RAJASTHAN ,342301",RAJASTHAN,342301,PHALODI,JODHPUR,HIGH,0.83,explicit DISTRICT/DISTT marker in address; city inferred from district-adjacent address token: PHALODI,False
fe6bcc5d-844f-47f7-b858-9c2a7191229f,59,SHREE HINDUSTAN TESTING CENTER,"6/1, MUKTI MARG, DEWAS, DEWAS, DEWAS, MADHYA PRADESH ,455001",MADHYA PRADESH,455001,,DEWAS,MEDIUM,0.55,explicit DISTRICT/DISTT marker in address,True
ce248d71-5762-4cc6-9dd4-4b6f77eb2e10,62,MAA BHAVANI HALLMARKING CENTRE,"Gali No. 52, House No. 4607, basement and Ground FloorRegharpura, Karol Bagh New Delhi, CENTRAL DELHI, KAROL BAGH, DELHI ,110149",DELHI,110149,KAROL BAGH,CENTRAL DELHI,HIGH,0.83,explicit DISTRICT/DISTT marker in address; city inferred from district-adjacent address token: KAROL BAGH,False
bc9dcc11-7a14-4c5a-ad32-7308145730b7,66,JHUNJHUNU HALLMARKING CENTER,"Flat No.408, Ratan Sagar Complex, Ward No.32,Opp-Purani Jila Parisad,Near Sabji Mandi Jhunjhunu, JHUNJHUNU, JHUNJHUNU CITY, RAJASTHAN ,333001",RAJASTHAN,333001,SABJI MANDI,JHUNJHUNU,HIGH,0.83,explicit DISTRICT/DISTT marker in address; city inferred from district-adjacent address token: SABJI MANDI,False
dad0b17e-a2cf-49d1-a8e9-2ec3aec0e009,225,MANGLAM HALLMARKING CENTRE,"FLAT NO. 01, 3rd FLOOR, GURU KRIPA COMPLEX,ROAD NO. 01, OPP. NAGAR PARISHAD, JHUNJHUNU,, JHUNJHUNU, JHUNJHUNU, RAJASTHAN ,333001",RAJASTHAN,333001,GURU KRIPA COMPLEX,JHUNJHUNU,HIGH,0.83,explicit DISTRICT/DISTT marker in address; city inferred from district-adjacent address token: GURU KRIPA COMPLEX,False
92cc9c0d-3d51-46b7-8fae-4eed416a6e25,227,Dawar Hallmarking Center,"Near Safedi mata temple, Nisant complex, near NepaFirst floor, Jhunjhunu, JHUNJHUNU, JHUNJHUNU, RAJASTHAN ,333001",RAJASTHAN,333001,NEPAFIRST FLOOR,JHUNJHUNU,HIGH,0.83,explicit DISTRICT/DISTT marker in address; city inferred from district-adjacent address token: NEPAFIRST FLOOR,False
40ff93ba-87d8-4ceb-a34f-de778fa1f93b,67,JHUNJHUNU HALLMARKING CENTER,"Flat No.408, Ratan Sagar Complex, Ward No.32,Opp-Purani Jila Parisad,Near Sabji Mandi Jhunjhunu, JHUNJHUNU, JHUNJHUNU CITY, RAJASTHAN ,333001 OSC Address: F-10/F-11/F-12, First Floor,Near Shekhsariya Girls School, Poonia Market,, JHUNJHUNU, JHUNJHUNU, RAJASTHAN, 333042",RAJASTHAN,333042,SABJI MANDI,JHUNJHUNU,HIGH,0.83,explicit DISTRICT/DISTT marker in address; city inferred from district-adjacent address token: SABJI MANDI,False
e9408e16-fb2b-4478-a389-0d99a737f5ad,237,ANURAG HALLMARKING CENTER,"Anurag hallmarking center, ward no.9Behind of shekhsaria kanya ser. sec. school, JHUNJHUNU, NAWALGARH, RAJASTHAN ,333042",RAJASTHAN,333042,9BEHIND OF SHEKHSARIA KANYA SER SEC SCHOOL,JHUNJHUNU,HIGH,0.83,explicit DISTRICT/DISTT marker in address; city inferred from district-adjacent address token: 9BEHIND OF SHEKHSARIA KANYA SER SEC SCHOOL,False
7e9152c5-8a38-4155-96bf-a8160e934b5d,68,NAVKAR HALLMARKING CENTER,"GULMANDI BHILWARA, BHILWARA, BHILWARA, RAJASTHAN ,311001",RAJASTHAN,311001,GULMANDI,BHILWARA,HIGH,0.83,explicit DISTRICT/DISTT marker in address; city inferred from district-adjacent address token: GULMANDI,False
9432a632-1267-45ba-b78d-704282d499ad,207,PRINCY HALLMARKING CENTRE,"1ST FLOOR, SARAFA BAZAR, SARAFA BAZAR,GULMANDI CHOWK,Bhilwara, Bhilwara,Rajasthan,311001, BHILWARA, BHILWARA CITY, RAJASTHAN ,311001",RAJASTHAN,311001,1ST FLOOR,BHILWARA,HIGH,0.83,explicit DISTRICT/DISTT marker in address; city inferred from district-adjacent address token: 1ST FLOOR,False
7230e005-3d4d-40e0-a9b0-390e91fe5375,70,MEERA HALLMARKING CENTRE,"SHOP NO 06,FIRST FLOOR ,JANPATH MARGNANHA BAZAR,MERTA CITY, NAGAUR, MERTA CITY, RAJASTHAN ,341510",RAJASTHAN,341510,MERTA,NAGAUR,HIGH,0.83,explicit DISTRICT/DISTT marker in address; city inferred from district-adjacent address token: MERTA,False
3557a408-4bc1-4787-9bae-3716bee12a38,247,RADHIKA HALLMARK CENTRE AND TESTING,"Basement floor Krishna complex Janpath RoadMeera Marg, Merta City, NAGAUR, MERTA CITY, RAJASTHAN ,341510",RAJASTHAN,341510,MERTA,NAGAUR,HIGH,0.83,explicit DISTRICT/DISTT marker in address; city inferred from district-adjacent address token: MERTA,False
00b91905-bf6a-4077-8f08-92ac8d3e1857,72,GRG HALLMARKING CENTRE,"VAIDAN GALI,HALU BAZAR,BHIWANI,HARYANA,127021, BHIWANI, BHIWANI, HARYANA ,127021",HARYANA,127021,VAIDAN GALI,BHIWANI,HIGH,0.83,explicit DISTRICT/DISTT marker in address; city inferred from district-adjacent address token: VAIDAN GALI,False
d247e477-94c3-4b7b-9e2c-b2a27330dc75,75,Mega Hallmarking Centre,"House No. 1885, 3rd Floor, Jagara Mandir GaliKotla Mubarakpur, New Delhi, SOUTH EAST DELHI, SOUTH EAST DELHI, DELHI ,110003",DELHI,110003,JAGARA MANDIR GALIKOTLA MUBARAKPUR,NEW DELHI,HIGH,0.83,explicit DISTRICT/DISTT marker in address; city inferred from district-adjacent address token: JAGARA MANDIR GALIKOTLA MUBARAKPUR,False
50bdbd3f-f357-49b4-a278-b99103c402bf,76,G S HALLMARKING CENTER,"SECOND FLOOR, YGS SHOPING MALLBAJAJA BAZAR, ALWAR, ALWAR BUS STAND, RAJASTHAN ,301001",RAJASTHAN,301001,BUS STAND,ALWAR,HIGH,0.83,explicit DISTRICT/DISTT marker in address; city inferred from district-adjacent address token: BUS STAND,False
47afda4c-eae8-41d4-a5b3-7923ddc0aac7,183,SHREE SHYAM HALLMARKING CENTER,"Shop No. 201 & 202, Om Kripa,Bajaja Bazar Road,, ALWAR, ALWAR, RAJASTHAN ,301001",RAJASTHAN,301001,OM KRIPA,ALWAR,HIGH,0.83,explicit DISTRICT/DISTT marker in address; city inferred from district-adjacent address token: OM KRIPA,False
674ba1d2-3b44-4803-b1d3-78d07e163d6a,77,SSJ MOSUN HALLMARKING CENTRE,"H.No. 876, Ganga Mata Ki Gali, Gopal Ji Ka Rasta JAIPUR, JAIPUR, JAIPUR CITY, RAJASTHAN ,302002",RAJASTHAN,302002,GOPAL JI KA RASTA,JAIPUR,HIGH,0.83,explicit DISTRICT/DISTT marker in address; city inferred from district-adjacent address token: GOPAL JI KA RASTA,False
2b60b394-e882-4558-b3d7-2b505e17989d,190,SHRI R K HALLMARKING,"2ND FLOOR1912,LADIWALON KI GALI, CHUORA RASTA, JAIPUR, JAIPUR, JAIPUR CITY, RAJASTHAN ,302002",RAJASTHAN,302002,CHUORA RASTA,JAIPUR,HIGH,0.83,explicit DISTRICT/DISTT marker in address; city inferred from district-adjacent address token: CHUORA RASTA,False
c97e7bb1-4bc5-4d38-9018-94efdc1c73cf,80,STAR HALLMARK CENTRE,"2762 -B,GALI NO-22,FIRST FLOOR,BEADONPURAKAROL BAGH, CENTRAL DELHI, KAROL BAGH, DELHI ,110005 OSC Address: GF, Back Side, RZ-6/2,Raj Nagar, Part-I, Palam Colony, SOUTH WEST DELHI, PALAM VILLAGE, DELHI, 110077",DELHI,110077,BEADONPURAKAROL BAGH,CENTRAL DELHI,HIGH,0.83,explicit DISTRICT/DISTT marker in address; city inferred from district-adjacent address token: BEADONPURAKAROL BAGH,False
a7b1839f-1639-41e6-8e7e-ea094d472c13,83,Kanha Hallmarking Center,"NEAR SATYANARAYAN TEMPLE, PUSTAK GALI, PULLBAZAR, NARNOUL, Mahendragarh, Haryana, 123001, MAHENDRAGARH, NARNAUL, HARYANA ,123001",HARYANA,123001,NARNOUL,MAHENDRAGARH,HIGH,0.83,explicit DISTRICT/DISTT marker in address; city inferred from district-adjacent address token: NARNOUL,False
1472ac95-a897-465e-9b2f-f4c80a77ab2d,84,Kanha Hallmarking Center,"NEAR SATYANARAYAN TEMPLE, PUSTAK GALI, PULLBAZAR, NARNOUL, Mahendragarh, Haryana, 123001, MAHENDRAGARH, NARNAUL, HARYANA ,123001 OSC Address: Soni Market, Old Anaj Mandi,Jan Aushadi Kendra,, JAIPUR, KOTPUTLI, RAJASTHAN, 303108",RAJASTHAN,303108,JAN AUSHADI KENDRA,JAIPUR,HIGH,0.83,explicit DISTRICT/DISTT marker in address; city inferred from district-adjacent address token: JAN AUSHADI KENDRA,False
55dab088-17d9-43e7-81ac-175fd1b1c918,204,TIRUPATI HALLMARKING CENTER,"Kotputli,Old Anaj Mandi,Soni Market,FASTag Center,Kotputli,Barabas Rural,Jaipur,Rajasthan,303108., JAIPUR, KOTPUTLI, RAJASTHAN ,303108",RAJASTHAN,303108,BARABAS RURAL,JAIPUR,HIGH,0.83,explicit DISTRICT/DISTT marker in address; city inferred from district-adjacent address token: BARABAS RURAL,False
a76fffcf-51ad-48b3-b767-287218ba10ef,229,SHREE MAHALAXMI HALLMARKING CENTRE,"PLOT NO. H1-24,RIICO Industrial Area, Neem Ka Thana, SIKAR, NIMKATHANA, RAJASTHAN ,332713 OSC Address: First Floor, Katla, Old Anaj Mandi,Kotputli, Jaipur, JAIPUR, KOTPUTLI, RAJASTHAN, 303108",RAJASTHAN,303108,NEEM KA THANA,SIKAR,HIGH,0.83,explicit DISTRICT/DISTT marker in address; city inferred from district-adjacent address token: NEEM KA THANA,False
f5ae0086-c0ec-4046-ba64-f2997ff025d9,85,CHURU HALLMARKING CENTRE,"BALAJI TOWER, RAMGADIYA DARWAJA, DADU BHAWAN KEPAS, CHURU, Churu, Rajasthan, 331001, CHURU, CHURU, RAJASTHAN ,331001",RAJASTHAN,331001,DADU BHAWAN KEPAS,CHURU,HIGH,0.83,explicit DISTRICT/DISTT marker in address; city inferred from district-adjacent address token: DADU BHAWAN KEPAS,False
dedc407e-7dc3-4449-b6f3-6ddd886c1624,240,J J HALLMARKING,"NEAR PANCHMUKHI BALAJI MANDIR MOCHIWARA, CHURU, CHURU, RAJASTHAN ,331001",RAJASTHAN,331001,PANCHMUKHI BALAJI MANDIR MOCHIWARA,CHURU,HIGH,0.83,explicit DISTRICT/DISTT marker in address; city inferred from district-adjacent address token: PANCHMUKHI BALAJI MANDIR MOCHIWARA,False
ba755d4e-414c-47c1-9f25-4d84ba5be6e0,86,CHURU HALLMARKING CENTRE,"BALAJI TOWER, RAMGADIYA DARWAJA, DADU BHAWAN KEPAS, CHURU, Churu, Rajasthan, 331001, CHURU, CHURU, RAJASTHAN ,331001 OSC Address: 1st Floor, Opposite Pashu Hospital,Near Punjab National Bank,, CHURU, CHURU, RAJASTHAN, 331304",RAJASTHAN,331304,DADU BHAWAN KEPAS,CHURU,HIGH,0.83,explicit DISTRICT/DISTT marker in address; city inferred from district-adjacent address token: DADU BHAWAN KEPAS,False
076498f5-d3ed-402e-9698-eb6bb7e71a49,87,CHURU HALLMARKING CENTRE,"BALAJI TOWER, RAMGADIYA DARWAJA, DADU BHAWAN KEPAS, CHURU, Churu, Rajasthan, 331001, CHURU, CHURU, RAJASTHAN ,331001 OSC Address: 239, Ashok Stambh,Near Munni Wala Kua,, CHURU, CHURU, RAJASTHAN, 331022",RAJASTHAN,331022,DADU BHAWAN KEPAS,CHURU,HIGH,0.83,explicit DISTRICT/DISTT marker in address; city inferred from district-adjacent address token: DADU BHAWAN KEPAS,False
09437e1e-ab1a-4880-b228-45c12dbf4d66,88,S G HALLMARK CENTER,"A-462, 463 Pocket-00, Sector -2, Avantika Rohini North West Delhi, NORTH WEST DELHI, ROHINI COURTS, DELHI ,110085",DELHI,110085,AVANTIKA ROHINI,NORTH WEST DELHI,HIGH,0.83,explicit DISTRICT/DISTT marker in address; city inferred from district-adjacent address token: AVANTIKA ROHINI,False
0b092eda-3f0e-4639-9afe-775d28178957,89,BOMBAY ASSAY COMPANY,"#67, Third Floor, Okhla Phase III,Okhla Industrial Area, Delhi, 110020, SOUTH EAST DELHI, SOUTH EAST DELHI, DELHI ,110020",DELHI,110020,OKHLA PHASE III,SOUTH EAST DELHI,HIGH,0.83,explicit DISTRICT/DISTT marker in address; city inferred from district-adjacent address token: OKHLA PHASE III,False
fe5243cb-79b9-4539-9742-fc6c52edae25,91,Raj Hallmarking Centre,"3rd Floor, Plot No. 512-A, KH No- 52,Gali Chaudhriyan, SOUTH WEST DELHI, NAJAFGARH, DELHI ,110043",DELHI,110043,GALI CHAUDHRIYAN,SOUTH WEST DELHI,HIGH,0.83,explicit DISTRICT/DISTT marker in address; city inferred from district-adjacent address token: GALI CHAUDHRIYAN,False
ef882261-8b17-4b71-8b18-2c26ebb5b491,94,Kashyap Assaying and Hallmarking Centre,"first floor, B-67, Mayapuri Industrial, SOUTH WEST DELHI, MAYA PURI, DELHI ,110064",DELHI,110064,MAYAPURI INDUSTRIAL,SOUTH WEST DELHI,HIGH,0.83,explicit DISTRICT/DISTT marker in address; city inferred from district-adjacent address token: MAYAPURI INDUSTRIAL,False
3b6c6664-716c-4c38-a2f9-1cab304557ca,96,SHRI GANESH HALLMARKING AND ASSAYING CENTRE,"H-70, VIJAY CHOWK , LAXMI NAGAR, DELHI-110092, EAST DELHI, LAXMI NAGAR (EAST DELHI), DELHI ,110092",DELHI,110092,LAXMI,EAST DELHI,HIGH,0.83,explicit DISTRICT/DISTT marker in address; city inferred from district-adjacent address token: LAXMI,False
568ffaaa-a9ee-47be-ab81-1e7b62d31ec7,98,SHREE GANPATI TESTING & HALLMARKING CENTRE,"C 91, THIRD FLOORWAZIRPUR INDUSTRIAL AREA, NORTH DELHI, , DELHI ,110052",DELHI,110052,C 91,NORTH DELHI,HIGH,0.83,explicit DISTRICT/DISTT marker in address; city inferred from district-adjacent address token: C 91,False
c0283d91-a976-498e-8e48-b6d88f6c5db9,99,Shree Salasar Hallmarking Centre,"1st Floor, Building No. 2771,DSIIDC Industrial Area Narela, NORTH WEST DELHI, NARELA, DELHI ,110040",DELHI,110040,NARELA,NORTH WEST DELHI,HIGH,0.83,explicit DISTRICT/DISTT marker in address; city inferred from district-adjacent address token: NARELA,False
fc474a6a-ac60-4368-8d4c-ec80ad5a2fe8,100,SHREE SHYAM JI HALLMARK CENTER,"KUMAR GATE, BADA BAZAR, NEAR KAILASH HALWAISONIPAT, HARYANA, SONIPAT, SONIPAT, HARYANA ,131001",HARYANA,131001,,,LOW,0.1,No valid district in address or pincode lookup,True
d694a6ac-eccc-403c-8c9e-a54d98f76e9d,101,MAHALUXMI HALLMARKING CENTRE,"983/4 Indra Market ,Near Arya Samaj Mandir,Jamalpura, SONIPAT, SONIPAT, HARYANA ,131001",HARYANA,131001,,,LOW,0.1,No valid district in address or pincode lookup,True
1268d3d4-6036-4eca-b9e2-f51bb379fd29,678,SHREE BALAJI HALLMARKING CENTRE,"1105/15 ASHRI GATE, SATYANARAYAN MANDIR GALIMAIN BAZAR, JIND, JIND, JIND, HARYANA ,126102 OSC Address: L-13, ground floor, model town, behind RK sweets, subhash chowk sonipat, SONIPAT, MODEL TOWN, SONIPAT, HARYANA, 131001",HARYANA,131001,SONIPAT,JIND,HIGH,0.83,explicit DISTRICT/DISTT marker in address; city inferred from district-adjacent address token: SONIPAT,False
889b5e83-e754-4b4f-bd3c-fe5b68e0efe1,102,R R HALLMARKING CENTER,"5/68 A,SETH GALI,HUKUMCHAND,NEHARU ROADFARRUKHABAD, FARRUKHABAD, FARRUKHABAD, UTTAR PRADESH ,209625",UTTAR PRADESH,209625,HUKUMCHAND,FARRUKHABAD,HIGH,0.83,explicit DISTRICT/DISTT marker in address; city inferred from district-adjacent address token: HUKUMCHAND,False
c4969517-2999-45f3-b866-982479bd0357,103,SHRI HARI ASSAYING AND HALLMARKING CENTER,"144 SHOP NO.4,5,RICHPALPURI CHANDARPURI GHAZIABADCHANDERPURI GHAZIABAD, GHAZIABAD, GHAZIABAD, UTTAR PRADESH ,201001",UTTAR PRADESH,201001,RICHPALPURI CHANDARPURI,GHAZIABAD,HIGH,0.83,explicit DISTRICT/DISTT marker in address; city inferred from district-adjacent address token: RICHPALPURI CHANDARPURI,False
ee8b9421-cc02-498c-984c-7c77655af8e3,105,BOMBAY ASSAYING AND HALLMARKING CENTER,"bombayassayinghallmarkcenter@gmail.com161, patuwa wali gali, moholla kanhiya lal,delhi, GHAZIABAD, GHAZIABAD CITY, UTTAR PRADESH ,201001",UTTAR PRADESH,201001,DELHI,GHAZIABAD,HIGH,0.83,explicit DISTRICT/DISTT marker in address; city inferred from district-adjacent address token: DELHI,False
7e4f72ab-f68e-4409-ae4d-22f8653e5b17,109,SHREEJI ASSAYING & HALLMARKING CENTER,"I FLOOR,SHOPNO 13 AT PLOT NO182T0188,NEAR CHAUPALANavyug Market, Ghaziabad, Uttar Pradesh 201001, GHAZIABAD, GHAZIABAD, UTTAR PRADESH ,201001",UTTAR PRADESH,201001,CHA,GHAZIABAD,HIGH,0.83,explicit DISTRICT/DISTT marker in address; city inferred from district-adjacent address token: CHA,False
9ad55507-551a-42b5-8a18-3976e66a5c2a,115,ALANKAR ASSAYING AND HALLMARKING CENTRE,"GROUND FLOOR,167,MIRZA JAAN BAZAR DASANA GATE,GHAZIABAD,GHAZIABAD,Ghaziabad,UTTAR PRADESH,201001, GHAZIABAD, , UTTAR PRADESH ,201001",UTTAR PRADESH,201001,GROUND FLOOR,GHAZIABAD,HIGH,0.83,explicit DISTRICT/DISTT marker in address; city inferred from district-adjacent address token: GROUND FLOOR,False
c41a1a76-583f-45bf-a8e0-5382306f8971,116,CHETNA ASSAYING AND HALLMARKING CENTRE,"168,1st Floor Dasna Gate Near Chopla MandirUTTAR PRADESH, GHAZIABAD, GHAZIABAD, UTTAR PRADESH ,201001",UTTAR PRADESH,201001,,GHAZIABAD,MEDIUM,0.55,explicit DISTRICT/DISTT marker in address,True
2dbdc9eb-1388-4445-a2fc-09a75b3af9e1,120,JAISHREE HALLMARKING CENTRE,"165 FIRST FLOOR PAKKI MORI DASNA GATENEAR CHOPLA HANUMAN MANDIR, GHAZIABAD, GHAZIABAD CITY, UTTAR PRADESH ,201001",UTTAR PRADESH,201001,165 FIRST FLOOR PAKKI MORI DASNA GATENEAR CHOPLA HANUMAN MANDIR,GHAZIABAD,HIGH,0.83,explicit DISTRICT/DISTT marker in address; city inferred from district-adjacent address token: 165 FIRST FLOOR PAKKI MORI DASNA GATENEAR CHOPLA HANUMAN MANDIR,False
4cbf6145-5af4-4d85-804c-c78e29122044,104,QUALITY ASSAY & HALLMARKING CENTRE PRIVATE LIMITED,"1ST FLOOR, D-91, Sector 2, Vyapar Marg, NoidaGautambuddha Nagar, Uttar Pradesh- 201301, GAUTAM BUDDH NAGAR, NOIDA, UTTAR PRADESH ,201301",UTTAR PRADESH,201301,,,LOW,0.1,No valid district in address or pincode lookup,True
4b210b6a-a7ac-4b3f-90a0-cfda2c0f6e9c,121,United Assaying Hallmark Centre LLP,"Near GIP Footover Bridge,2nd floor,J-5A,Sector-18, GAUTAM BUDDH NAGAR, NOIDA, UTTAR PRADESH ,201301",UTTAR PRADESH,201301,,,LOW,0.1,No valid district in address or pincode lookup,True
3e1a11c1-9b8e-4713-9644-1eb43b93e2bf,106,OM GOVIND HALLMARKING CENTER,"FIRST FLOOR, 54/14,CHATURBHUJ GALINAYAGANJ,KANPUR, KANPUR NAGAR, NAYAGANJ, UTTAR PRADESH ,208001",UTTAR PRADESH,208001,KANPUR,KANPUR NAGAR,HIGH,0.83,explicit DISTRICT/DISTT marker in address; city inferred from district-adjacent address token: KANPUR,False
cb839d1b-84dd-4f64-9e33-42f69d2c63dd,107,AARADHY HALLMARKING CENTER,"34/62-63,SWAI SINGH KA HATA, CHOWK SARRAFAKANPUR,KANPUR NAGAR, KANPUR NAGAR, KANPUR, UTTAR PRADESH ,208001",UTTAR PRADESH,208001,KANPUR,KANPUR NAGAR,HIGH,0.83,explicit DISTRICT/DISTT marker in address; city inferred from district-adjacent address token: KANPUR,False
a2a4b1d1-7e47-497d-aa17-cd766b64d6ec,108,AARADHY HALLMARKING CENTER,"34/62-63,SWAI SINGH KA HATA, CHOWK SARRAFAKANPUR,KANPUR NAGAR, KANPUR NAGAR, KANPUR, UTTAR PRADESH ,208001 OSC Address: 38/101, Shop No. 1 Meston Road,Chowk Sarrafa,, KANPUR NAGAR, KANPUR, UTTAR PRADESH, 208001",UTTAR PRADESH,208001,KANPUR,KANPUR NAGAR,HIGH,0.83,explicit DISTRICT/DISTT marker in address; city inferred from district-adjacent address token: KANPUR,False
77540fd9-b76b-445a-a93e-aca406a17ce9,111,VRINDAVAN HALLMARKING CENTRE,"38/156, YUG SQUARE, GILISH BAZAR,KANPURKANPUR, KANPUR NAGAR, KANPUR, UTTAR PRADESH ,208001",UTTAR PRADESH,208001,KANPURKANPUR,KANPUR NAGAR,HIGH,0.83,explicit DISTRICT/DISTT marker in address; city inferred from district-adjacent address token: KANPURKANPUR,False
bbddcdcf-3e39-44aa-bc22-9d6c6d9d36a8,112,Guptaji Assaying and Hallmarking Centre,"49/61 (Basement SR Jewels)Nayaganj, KANPUR NAGAR, NAYAGANJ, UTTAR PRADESH ,208001",UTTAR PRADESH,208001,61 BASEMENT SR JEWELS NAYAGANJ,KANPUR NAGAR,HIGH,0.83,explicit DISTRICT/DISTT marker in address; city inferred from district-adjacent address token: 61 BASEMENT SR JEWELS NAYAGANJ,False
e0a5eb7c-84af-46c1-8cfe-99437c8b7150,113,ANIKA HALLMARK,"43/53CHOWK SARAFA, KANPUR NAGAR, KANPUR, UTTAR PRADESH ,208001",UTTAR PRADESH,208001,KANPUR,KANPUR NAGAR,HIGH,0.83,explicit DISTRICT/DISTT marker in address; city inferred from district-adjacent address token: KANPUR,False
b3f19e48-c7ef-4565-b5ef-be129983b3b5,119,Shri Radhey Hallmarking Centre,"43/8, Dhobi Mohal, Narial BazarKanpur, Kanpur Nagar, Uttar Pradesh, KANPUR NAGAR, KANPUR, UTTAR PRADESH ,208001",UTTAR PRADESH,208001,NARIAL BAZARKANPUR,KANPUR NAGAR,HIGH,0.83,explicit DISTRICT/DISTT marker in address; city inferred from district-adjacent address token: NARIAL BAZARKANPUR,False
592eb632-57bd-4b1a-ae3c-794aa0ea3214,727,SHREE HALLMARKING CENTRE,"58/5 Birhana Road,, KANPUR NAGAR, KANPUR, UTTAR PRADESH ,208001",UTTAR PRADESH,208001,KANPUR,KANPUR NAGAR,HIGH,0.83,explicit DISTRICT/DISTT marker in address; city inferred from district-adjacent address token: KANPUR,False
58f2eb48-83b8-41c1-935a-b1acb4535053,728,MA Testing & Hallmarking Centre,"26/39 2nd Floor,Pheel Khana ,Birhana Road Kanpur, KANPUR NAGAR, BIRHANA RAOD, UTTAR PRADESH ,208001",UTTAR PRADESH,208001,BIRHANA RAOD,KANPUR NAGAR,HIGH,0.83,explicit DISTRICT/DISTT marker in address; city inferred from district-adjacent address token: BIRHANA RAOD,False
32e9d4e2-9f88-400a-951b-c5c96ce8e1c1,749,NAKODA HALLMARKING CENTRE,"No. 43/189, PREM MARKET, 1st FLOOR, CHOWK SARAFFA,MESTON ROAD, KANPUR, UTTAR PRADESH-208001, KANPUR NAGAR, KANPUR, UTTAR PRADESH ,208001",UTTAR PRADESH,208001,KANPUR,KANPUR NAGAR,HIGH,0.83,explicit DISTRICT/DISTT marker in address; city inferred from district-adjacent address token: KANPUR,False
7b87018b-de38-4fa1-9a83-cc3dffacf887,750,NAKODA HALLMARKING CENTRE,"No. 43/189, PREM MARKET, 1st FLOOR, CHOWK SARAFFA,MESTON ROAD, KANPUR, UTTAR PRADESH-208001, KANPUR NAGAR, KANPUR, UTTAR PRADESH ,208001 OSC Address: No. 26/47, Ground Floor,Pheelkhana, Birhana Road,, KANPUR NAGAR, KANPUR, UTTAR PRADESH, 208001",UTTAR PRADESH,208001,KANPUR,KANPUR NAGAR,HIGH,0.83,explicit DISTRICT/DISTT marker in address; city inferred from district-adjacent address token: KANPUR,False
a6a498f6-4b1c-4fec-868f-54ac53b87529,110,Vinayak Hallmarking Centre,"Surya Market, Sunaron Wali Gali,Munshi Para, Near Amber Hall,, BULANDSHAHR, BULANDSHAHR, UTTAR PRADESH ,203001",UTTAR PRADESH,203001,AMBER HALL,BULANDSHAHR,HIGH,0.83,explicit DISTRICT/DISTT marker in address; city inferred from district-adjacent address token: AMBER HALL,False
8084148c-8e97-41af-8849-8a8b0f54b61f,114,ELIXIR GOLD,"REMESWAR MARKETHOME GANG, ETAWAH, ETAWAH CITY, UTTAR PRADESH ,206001",UTTAR PRADESH,206001,REMESWAR MARKETHOME GANG,ETAWAH,HIGH,0.83,explicit DISTRICT/DISTT marker in address; city inferred from district-adjacent address token: REMESWAR MARKETHOME GANG,False
88089037-e37f-4bec-9c90-c2ab4c6c1c5e,118,JMD Hallmarking Center,"0, Sarafa Bazar Mainpuri, 0, Agra Road,Sarafa Bazar, Mainpuri, Uttar Pradesh, MAINPURI, MAINPURI, UTTAR PRADESH ,205001",UTTAR PRADESH,205001,,MAINPURI,MEDIUM,0.55,explicit DISTRICT/DISTT marker in address,True
59bd5380-694d-4552-94a0-c1fe9ab9bccf,122,Shri Savariya Seth Gold Testing And Hallmark Center,"Flat No. KH 231486/10, First Floor,Loni Sub Post Office, Prashnat Vihar, GHAZIABAD, LONI, UTTAR PRADESH ,201102",UTTAR PRADESH,201102,PRASHNAT VIHAR,GHAZIABAD,HIGH,0.83,explicit DISTRICT/DISTT marker in address; city inferred from district-adjacent address token: PRASHNAT VIHAR,False
8d9741f8-15db-42f2-a48d-b22b34a164f5,123,CP HALLMARKING CENTER,"01,UNCHA MANDIPRAYAGRAJ, ALLAHABAD, ALLAHABAD CITY, UTTAR PRADESH ,211003",UTTAR PRADESH,211003,UNCHA MANDIPRAY,ALLAHABAD,HIGH,0.83,explicit DISTRICT/DISTT marker in address; city inferred from district-adjacent address token: UNCHA MANDIPRAY,False
9adfa2fc-cfa9-4057-94ba-153099cbd7c1,745,ALLAHABAD HALLMARKING CENTRE,"67A/1/87A/1, MEERGANJ, ALLAHABAD, ALLAHABAD, ALLAHABAD CHOWK, UTTAR PRADESH ,211003",UTTAR PRADESH,211003,MEERGANJ,ALLAHABAD,HIGH,0.83,explicit DISTRICT/DISTT marker in address; city inferred from district-adjacent address token: MEERGANJ,False
b36f68b0-8edd-4c24-91e6-6805cca97bca,124,MAA SUDAMA HALLMARK,"CHOWK BAZAR, CHOWK BAZAR ROAD, U.P, BANDA, BANDA, UTTAR PRADESH ,210001",UTTAR PRADESH,210001,U P,BANDA,HIGH,0.83,explicit DISTRICT/DISTT marker in address; city inferred from district-adjacent address token: U P,False
2fe90049-6e02-48f1-9112-1602041f96bc,125,SINGHAL HALLMARKING CENTRE,"H. No. CK58/30, AASBHAIRAVCHAUK, VARANASI, VARANASI, UTTAR PRADESH ,221001",UTTAR PRADESH,221001,AASBHAIRAVCHAUK,VARANASI,HIGH,0.83,explicit DISTRICT/DISTT marker in address; city inferred from district-adjacent address token: AASBHAIRAVCHAUK,False
ff724e5d-b3df-4612-b9d8-faba6a26478b,127,DASBHUJA MARKETING LIMITED,"CK 21/35-A, GAWAL DAS SAHU LANECHOWK,VARANASI, VARANASI, VARANASI CITY, UTTAR PRADESH ,221001",UTTAR PRADESH,221001,GAWAL DAS SAHU LANECHOWK,VARANASI,HIGH,0.83,explicit DISTRICT/DISTT marker in address; city inferred from district-adjacent address token: GAWAL DAS SAHU LANECHOWK,False
9e65d673-b9a8-469c-8b59-d96c94ee2a86,129,G K HALLMARKING CENTER,"C.K.60/29-KH, KARNAGHANTA, VARANASIUTTAR PRADESH-221001, VARANASI, VARANASI, UTTAR PRADESH ,221001",UTTAR PRADESH,221001,KARNAGHANTA,VARANASI,HIGH,0.83,explicit DISTRICT/DISTT marker in address; city inferred from district-adjacent address token: KARNAGHANTA,False
bc37003c-ed3c-4f6e-aae7-1732c490ac28,130,VARANASI HALLMARK CENTER,"CK-20/20LAKHI CHAUTRA, VARANASI, VARANASI, UTTAR PRADESH ,221001",UTTAR PRADESH,221001,20LAKHI CHAUTRA,VARANASI,HIGH,0.83,explicit DISTRICT/DISTT marker in address; city inferred from district-adjacent address token: 20LAKHI CHAUTRA,False
d4011632-c1b7-4fa8-ba20-7dddd9d1b20a,134,SWASTIK HALLMARKING CENTRE,"CK 16/7-A, BINDESHWARI PALACESUDIYA, VARANASI, VARANASI, VARANASI CITY, UTTAR PRADESH ,221001",UTTAR PRADESH,221001,BINDESHWARI PALACESUDIYA,VARANASI,HIGH,0.83,explicit DISTRICT/DISTT marker in address; city inferred from district-adjacent address token: BINDESHWARI PALACESUDIYA,False
15fcf41d-ba0c-4689-a947-0111ef01f3a4,138,SHRI LAXMI HALLMARKING AND TUNCH CENTRE,"CK57/49, CHOWK, SHIV MANDIR, RESHMA KATRACHOWK, VARANASI, UTTAR PRADESH-221001, VARANASI, VARANASI, UTTAR PRADESH ,221001",UTTAR PRADESH,221001,RESHMA KATRACHOWK,VARANASI,HIGH,0.83,explicit DISTRICT/DISTT marker in address; city inferred from district-adjacent address token: RESHMA KATRACHOWK,False
74b1ffa0-1dbd-4a8e-9e8c-3876816d1ce7,143,RBR HALLMARKING AND ASSAYING CENTER,"CK 15/52 SUDIYACHOWK, VARANASI, VARANASI, UTTAR PRADESH ,221001",UTTAR PRADESH,221001,52 SUDIYACHOWK,VARANASI,HIGH,0.83,explicit DISTRICT/DISTT marker in address; city inferred from district-adjacent address token: 52 SUDIYACHOWK,False
f3c837b8-effc-4e09-ba88-d14b091b837a,740,AYUSH HALLMARKING CENTRE,"CK 18/32,ANNAPURNA BHAWAN,THATHERI BAZAR,CHOWKVARANASI, VARANASI, VARANASI CITY, UTTAR PRADESH ,221001",UTTAR PRADESH,221001,ANNAPURNA BHAWAN,VARANASI,HIGH,0.83,explicit DISTRICT/DISTT marker in address; city inferred from district-adjacent address token: ANNAPURNA BHAWAN,False
d3c0f23a-466d-4467-9ebf-652131dda36e,757,TANISHI HALLMARKING CENTRE,"CK 60/23 Karnghanta Chowk varanasiCK 60/16 Karnghanta Chowk Varanasi, VARANASI, VARANASI CANTT, UTTAR PRADESH ,221001",UTTAR PRADESH,221001,CANTT,VARANASI,HIGH,0.83,explicit DISTRICT/DISTT marker in address; city inferred from district-adjacent address token: CANTT,False
ffb5979b-a564-4bff-a133-eebe3c6e0d92,758,MARATHA HALLMARKING CENTER,"CK 57/05, RESHAM KATRA, CHOWK,VARANASI, VARANASI, VARANASI CITY, UTTAR PRADESH ,221001",UTTAR PRADESH,221001,RESHAM KATRA,VARANASI,HIGH,0.83,explicit DISTRICT/DISTT marker in address; city inferred from district-adjacent address token: RESHAM KATRA,False
21e68acf-7519-458c-80a5-227a13609df5,763,Shree Assaying & Hallmarking Centre,"CK 57/53 Machharhatta ,Reshamkatra, VARANASI, VARANASI, UTTAR PRADESH ,221001",UTTAR PRADESH,221001,RESHAMKATRA,VARANASI,HIGH,0.83,explicit DISTRICT/DISTT marker in address; city inferred from district-adjacent address token: RESHAMKATRA,False
61ac71aa-9ebb-4d46-8157-15623bfb4da1,765,G D HALLMARKING CENTRE,"CK 16/11-12, SUDIYA, VARANASI, VARANASI, VARANASI CITY, UTTAR PRADESH ,221001",UTTAR PRADESH,221001,SUDIYA,VARANASI,HIGH,0.83,explicit DISTRICT/DISTT marker in address; city inferred from district-adjacent address token: SUDIYA,False
2f5b1c1c-0a9f-4f7a-bdf9-10fb6c46c739,126,B K HALLMARKING,"4TH FLOOR,BHAWAN NO.332/029,CHOWK,LUCKNOW, LUCKNOW, LUCKNOW CHOWK, UTTAR PRADESH ,226003",UTTAR PRADESH,226003,4TH FLOOR,LUCKNOW,HIGH,0.83,explicit DISTRICT/DISTT marker in address; city inferred from district-adjacent address token: 4TH FLOOR,False
f7c9c0ce-6eb2-4811-b0ef-925202f327d1,132,KANAHAIYA HALLMARKING CENTER,"309/14 KA GHADIYALICHOWK, LUCKNOW, LUCKNOW CHOWK, UTTAR PRADESH ,226003",UTTAR PRADESH,226003,14 KA GHADIYALICHOWK,LUCKNOW,HIGH,0.83,explicit DISTRICT/DISTT marker in address; city inferred from district-adjacent address token: 14 KA GHADIYALICHOWK,False
823377e0-0b83-43c3-87ec-841a11dcc915,136,A S GOLD HALLMARKING AND ASSAYERS,"HOUSE NO-309/23, FLAT NO-201, CHOWK, LUCKNOW, LUCKNOW CHOWK, UTTAR PRADESH ,226003",UTTAR PRADESH,226003,,LUCKNOW,MEDIUM,0.55,explicit DISTRICT/DISTT marker in address,True
1fae02da-86c7-4195-96fa-b2a2f2d141fd,137,S A N HALLMARKING CENTRE,"332/41,Shree Plaza Complex,2nd FloorChowk Sarrafa,Lucknow-226003, LUCKNOW, LUCKNOW CHOWK, UTTAR PRADESH ,226003",UTTAR PRADESH,226003,2ND FLOORCHOWK SARRAFA,LUCKNOW,HIGH,0.83,explicit DISTRICT/DISTT marker in address; city inferred from district-adjacent address token: 2ND FLOORCHOWK SARRAFA,False
4caf3366-2f86-455b-b093-64409477e9c1,142,PATIL I HALLMARK,"FLOOR 2,309/24 GARYALI GALICHOWK, LUCKNOW, LUCKNOW CHOWK, UTTAR PRADESH ,226003",UTTAR PRADESH,226003,24 GARYALI GALICHOWK,LUCKNOW,HIGH,0.83,explicit DISTRICT/DISTT marker in address; city inferred from district-adjacent address token: 24 GARYALI GALICHOWK,False
fbcad4c2-0bda-474d-9eee-28eb872561ec,733,Govind Hallmarking and Bullion Assayers,"332/26 Govind Market, Chowk Sarafa, Chowk, LUCKNOW, ADARSH NAGAR (LUCKNOW), UTTAR PRADESH ,226003",UTTAR PRADESH,226003,ADARSH,LUCKNOW,HIGH,0.83,explicit DISTRICT/DISTT marker in address; city inferred from district-adjacent address token: ADARSH,False
ae2e8550-7345-4a6c-9146-31611090e762,761,ANANDIMA HALLMARKING CENTRE PRIVATE LIMITED,"321/5/1-K,3rd FLOOR, BAHORAN TOLA CHOWK321/5/1-K,3rd FLOOR, BAHORAN TOLA CHOWK, LUCKNOW, LUCKNOW CHOWK, UTTAR PRADESH ,226003",UTTAR PRADESH,226003,3RD FLOOR,LUCKNOW,HIGH,0.83,explicit DISTRICT/DISTT marker in address; city inferred from district-adjacent address token: 3RD FLOOR,False
0a4ec07e-c00b-4dd9-b5b3-26f92885bc6d,768,BALAJI MANOJ HALLMARK,"3RD FLOOR 332/40 INFRONT OF HARI MASJIDGOLE DARWADA CHOWK SARRAFA, LUCKNOW, LUCKNOW CHOWK, UTTAR PRADESH ,226003",UTTAR PRADESH,226003,3RD FLOOR 332,LUCKNOW,HIGH,0.83,explicit DISTRICT/DISTT marker in address; city inferred from district-adjacent address token: 3RD FLOOR 332,False
aeaa1ee1-f7c9-409f-aa5e-3163b05ca2f8,128,SHIV SHAKTI TOUNCH AND HALLMARKING CENTRE,"NEW NO. 143/263A, OLD NO. 081/KA/2 JUTE WALI GALIPOST & PS: AMINABAD, LUCKNOW, AMINABAD PARK, UTTAR PRADESH ,226018",UTTAR PRADESH,226018,2 JUTE WALI GALIPOST & PS AMINABAD,LUCKNOW,HIGH,0.83,explicit DISTRICT/DISTT marker in address; city inferred from district-adjacent address token: 2 JUTE WALI GALIPOST & PS AMINABAD,False
dccf3ad7-f7e6-45b7-9d91-8d19ae4c256a,139,SHREE SHYAM JI HALLMARKING CENTRE,"189,AMINABAD,Bazar Jhaulal,LucknowUttar Pradesh,226018, LUCKNOW, AMINABAD PARK, UTTAR PRADESH ,226018",UTTAR PRADESH,226018,AMINABAD PARK,LUCKNOW,HIGH,0.83,explicit DISTRICT/DISTT marker in address; city inferred from district-adjacent address token: AMINABAD PARK,False
2ecd62a8-fb75-48ea-8f34-273e0479b2e4,131,B R GOLD TANCH AND HALLMARK CENTER,"218, MALKHANA, KAIPERGANJRAEBAREILI, RAEBARELI, , UTTAR PRADESH ,229001",UTTAR PRADESH,229001,,,LOW,0.1,No valid district in address or pincode lookup,True
f23201d4-8a73-4e3c-886e-50243a1096e8,133,AVADH HALLMARK CENTRE,"Shop No-2, Yadav Market, Taksal,Ayodhya, Uttar Pradesh - 224 001, FAIZABAD, AYODHYA RS, UTTAR PRADESH ,224001",UTTAR PRADESH,224001,224 001,FAIZABAD,HIGH,0.83,explicit DISTRICT/DISTT marker in address; city inferred from district-adjacent address token: 224 001,False
aeb1377d-ae51-419d-9095-409d33eb2aab,140,R A HALLMARKING CENTRE,"5/14/20,LYED GATE NEAR INFONT OF CHOWK ELECT.SUBSTATION CHOWK FAIZABAD, UTTAR PRADESH,224001, FAIZABAD, AYODHYA RS, UTTAR PRADESH ,224001",UTTAR PRADESH,224001,AYODHYA RS,FAIZABAD,HIGH,0.83,explicit DISTRICT/DISTT marker in address; city inferred from district-adjacent address token: AYODHYA RS,False
768d9c7e-259e-4550-9198-85da80445679,135,R R C HALLMARKING & TEST CENTRE,"PLOT NO 89, MAHANAGAR CHAURAHABEHIND RITZ CONTINENTAL, GOLE MARKET, LUCKNOW, LUCKNOW, MAHANAGAR, UTTAR PRADESH ,226006",UTTAR PRADESH,226006,MAHANAGAR,LUCKNOW,HIGH,0.83,explicit DISTRICT/DISTT marker in address; city inferred from district-adjacent address token: MAHANAGAR,False
a605b8f6-9bff-4f8a-aa81-c19a22626c09,141,UVA GOLD TESTING,"JAYRAMPUR,GHOSIA,BHADOHISANT RAVIDAS NAGAR, BHADOI, BHADOHI, UTTAR PRADESH ,221301",UTTAR PRADESH,221301,,,LOW,0.1,No valid district in address or pincode lookup,True
bfa2b35b-2b99-4619-b7ea-74cfffaa56b1,144,G K HALLMARKING CENTRE,"VAISHNAVI MARKET,BEGAM WARD,PT. SHYAM BIHARI GALI,SADAR,PRATAPGARH,UTTAR PRADESH, PRATAPGARH, SADAR BAZAR, UTTAR PRADESH ,230001",UTTAR PRADESH,230001,SADAR,PRATAPGARH,HIGH,0.83,explicit DISTRICT/DISTT marker in address; city inferred from district-adjacent address token: SADAR,False
fb8907bd-9cac-40f9-8a1e-38d339ec83f7,145,JAI VINDHYAWASINI HALLMARKING CENTER,"673,PRADEEP KUMAR SONI,GANESHGANJ,MIRZAPUR, MIRZAPUR, MIRZAPUR CITY, UTTAR PRADESH ,231001",UTTAR PRADESH,231001,GANESHGANJ,MIRZAPUR,HIGH,0.83,explicit DISTRICT/DISTT marker in address; city inferred from district-adjacent address token: GANESHGANJ,False
c44b9351-bb64-466f-bc25-6e4c0964c642,146,JAISWAL HALLMARK CENTER,"H.N. 8, SHOP NO. 8/3,NEAR RADHA KRISHNA MANDIR,SARAI POKHTA, STEAMER GHAT, MARKEENGANJ,GHAZIPUR, GHAZIPUR, MARKEENGANJ, UTTAR PRADESH ,233001",UTTAR PRADESH,233001,MARKEENGANJ,GHAZIPUR,HIGH,0.83,explicit DISTRICT/DISTT marker in address; city inferred from district-adjacent address token: MARKEENGANJ,False
f873eac4-97c1-4861-9939-281995d2c418,147,SHREE JI HALLMARKING AND TESTING CENTER,"SECOND FLOOR, KANHAIYA LAL SARAFA MARKETSARAFA BAZAR, SAHARANPUR, SAHARANPUR, UTTAR PRADESH ,247001",UTTAR PRADESH,247001,SECOND FLOOR,SAHARANPUR,HIGH,0.83,explicit DISTRICT/DISTT marker in address; city inferred from district-adjacent address token: SECOND FLOOR,False
36f40b7e-85b1-46ef-b9a5-dedc17ad1a47,153,Bhavya Hallmarking Centre,"SARAF,13/1434/2,GHER HARSHARAN DASSSARAFFA BAZAR, SAHARANPUR, SAHARANPUR CITY, UTTAR PRADESH ,247001",UTTAR PRADESH,247001,SARAF,SAHARANPUR,HIGH,0.83,explicit DISTRICT/DISTT marker in address; city inferred from district-adjacent address token: SARAF,False
d1edf131-87ac-4f9a-9d48-687a5ff0100e,799,SHRI MAHALAXMI HALLMARK,"13/1178/5-1/2, Mohalla BisatiyanNear Heeraganj, Laxmi Market, SAHARANPUR, SAHARANPUR CITY, UTTAR PRADESH ,247001",UTTAR PRADESH,247001,MOHALLA BISATIYANNEAR HEERAGANJ,SAHARANPUR,HIGH,0.83,explicit DISTRICT/DISTT marker in address; city inferred from district-adjacent address token: MOHALLA BISATIYANNEAR HEERAGANJ,False
7e3c3f2a-7865-49b2-897f-84a038bb83a8,148,SHREE RAM GOLD AND SILVER TEST LAB AND HALLMARK CENTRE,"NEAR AXIS BANK,148,CIVIL LINE,BAREILLY,BAREILLY,UTTAR PRADESH,243001, BAREILLY, BAREILLY CITY, UTTAR PRADESH ,243001",UTTAR PRADESH,243001,CIVIL LINE,BAREILLY,HIGH,0.83,explicit DISTRICT/DISTT marker in address; city inferred from district-adjacent address token: CIVIL LINE,False
cf68336c-4609-4f0e-9286-35b4dc969ec7,151,SHRI BANKEY BIHARI ASSAYING AND HALLMARK CENTRE PRIVATE LIMITED,"SHOP NO 70,GARAIYA QILA,BAREILLY, BAREILLY, BAREILLY, UTTAR PRADESH ,243001",UTTAR PRADESH,243001,GARAIYA QILA,BAREILLY,HIGH,0.83,explicit DISTRICT/DISTT marker in address; city inferred from district-adjacent address token: GARAIYA QILA,False
7741dac0-414e-4bac-b3fa-252df06c350e,156,TIRUPATI ASSAYING & HALLMARKING CENTER,"FIRST FLOOR,SHOP NO-1,2,3, 214, ALAMGIRIGANJBAREILLY, BAREILLY, BAREILLY CITY, UTTAR PRADESH ,243001",UTTAR PRADESH,243001,ALAMGIRIGANJ,BAREILLY,HIGH,0.83,explicit DISTRICT/DISTT marker in address; city inferred from district-adjacent address token: ALAMGIRIGANJ,False
88126ad1-603d-4d40-a221-de99e609b0e1,157,MA HALLMARKING CENTRE LLP,"SHOP NO F-9, F-10,ALAMGIRIGANJ,MAROOF BANSMANDI,BAREILLY, BAREILLY, BAREILLY, UTTAR PRADESH ,243001",UTTAR PRADESH,243001,MAROOF BANSMANDI,BAREILLY,HIGH,0.83,explicit DISTRICT/DISTT marker in address; city inferred from district-adjacent address token: MAROOF BANSMANDI,False
92059609-0a93-4c9a-9d8d-01dbc3ba1961,772,TIRUPATI ASSAYING & HALLMARKING CENTER,"FIRST FLOOR,SHOP NO-1,2,3, 214, ALAMGIRIGANJBAREILLY, BAREILLY, BAREILLY CITY, UTTAR PRADESH ,243001",UTTAR PRADESH,243001,ALAMGIRIGANJ,BAREILLY,HIGH,0.83,explicit DISTRICT/DISTT marker in address; city inferred from district-adjacent address token: ALAMGIRIGANJ,False
de82988c-8e49-44b5-b56e-04baee91d507,149,SHREE HALLMARKING CENTRE,"H NO-55 MISTANGANJLANGARKHANA GALI, RAMPUR, RAMPUR, UTTAR PRADESH ,244901",UTTAR PRADESH,244901,,RAMPUR,MEDIUM,0.55,explicit DISTRICT/DISTT marker in address,True
3d42a8b1-308d-41a0-a58c-da4fffdef707,150,A ONE COMPUTERIZED X RAY TUNCH BULLION AND REFINERY,"1ST FFOOR, SHOP NO. 8, MISTONGANJ,KUCHA PARMESHWARI DAS, RAMPUR, RAMPUR, RAMPUR, UTTAR PRADESH ,244901",UTTAR PRADESH,244901,KUCHA PARMESHWARI DAS,RAMPUR,HIGH,0.83,explicit DISTRICT/DISTT marker in address; city inferred from district-adjacent address token: KUCHA PARMESHWARI DAS,False
ee41f966-62f0-4cb3-a60f-5cf8c375c915,152,A ONE HALLMARKING CENTRE,"324/285, GARAIYA, NEEM KI CHARAI KE SAMNEBADA BAZAR, BAREILLY, BAREILLY, BAREILLY CITY, UTTAR PRADESH ,243003",UTTAR PRADESH,243003,GARAIYA,BAREILLY,HIGH,0.83,explicit DISTRICT/DISTT marker in address; city inferred from district-adjacent address token: GARAIYA,False
b70206f4-38b4-41ff-88dc-3948b0e05351,741,Bareilly Assay and Hallmarking Centre,"216, Basement, Shri Ram MarketNear Khandsari Mandir, Alamgiri Ganj, BAREILLY, SHIVAJI MARG (BAREILLY), UTTAR PRADESH ,243003",UTTAR PRADESH,243003,ALAMGIRI GANJ,BAREILLY,HIGH,0.83,explicit DISTRICT/DISTT marker in address; city inferred from district-adjacent address token: ALAMGIRI GANJ,False
146371d3-8479-46b1-8b84-0fd1c6ee5e24,154,VISHAL HALLMARKING CENTRE,"MOHALLA -CHOWKSI,CHOWK,SHAHJAHANPUR,UTTAR PRADESH242001, SHAHJAHANPUR, SHAHJAHANPUR, UTTAR PRADESH ,242001",UTTAR PRADESH,242001,MOHALLA CHOWKSI,SHAHJAHANPUR,HIGH,0.83,explicit DISTRICT/DISTT marker in address; city inferred from district-adjacent address token: MOHALLA CHOWKSI,False
f6e1982d-63c2-4e3c-a96f-902d63def60c,769,SHRI BANKEY BIHARI HALLMARK CENTRE,"MOH-MASJID GANJMOTI CHOWK, SHAHJAHANPUR, SHAHJAHANPUR CHAWK, UTTAR PRADESH ,242001",UTTAR PRADESH,242001,CHAWK,SHAHJAHANPUR,HIGH,0.83,explicit DISTRICT/DISTT marker in address; city inferred from district-adjacent address token: CHAWK,False
db57776f-12fd-4084-a753-db7e16d7e0ff,773,A ONE GOLD HALLMARKING CENTRE,"1ST FLOOR MATAN TOLASADAR, SHAHJAHANPUR, SHAHJAHANPUR CHAWK, UTTAR PRADESH ,242001",UTTAR PRADESH,242001,1ST FLOOR MATAN TOLASADAR,SHAHJAHANPUR,HIGH,0.83,explicit DISTRICT/DISTT marker in address; city inferred from district-adjacent address token: 1ST FLOOR MATAN TOLASADAR,False
070a2d42-1550-4061-b61a-8f1d7b927f7a,155,A ONE TESTING & HALLMARKING CENTRE,"SHIVAJI MARG, 1 AND 2 FLOOR SHIVAJI MARG465, ALAMGIRIGANJ, BAREILLY, BAREILLY, UTTAR PRADESH ,243005",UTTAR PRADESH,243005,ALAMGIRIGANJ,BAREILLY,HIGH,0.83,explicit DISTRICT/DISTT marker in address; city inferred from district-adjacent address token: ALAMGIRIGANJ,False
f70e8458-1d25-4488-aebe-291bbc0a72f3,164,R D HALLMARKING CENTRE,"NA,MOH-SARRAFA BAZAR LAKHIMPUR,SANKTA DEVI ROAD,LAKHIMPUR KHERI,LAKHIMPUR,UTTAR PRADESH,262701, LAKHIMPUR KHERI, LAKHIMPUR, UTTAR PRADESH ,262701",UTTAR PRADESH,262701,,,LOW,0.1,No valid district in address or pincode lookup,True
906f50f2-5b74-4b84-bd44-96ec844c99a6,165,Shree Banke Bihari Ji Hallmark Center,"Gangotri Katra,Purani Kotwali, AZAMGARH, AZAMGARH, UTTAR PRADESH ,276001",UTTAR PRADESH,276001,PURANI KOTWALI,AZAMGARH,HIGH,0.83,explicit DISTRICT/DISTT marker in address; city inferred from district-adjacent address token: PURANI KOTWALI,False
19b56b97-20c9-46b5-9574-f3f65026a585,167,JAI MAA HALLMARKING CENTRE,"1st Floor, Purani Kotwali, Asifganj, Sadar azamgarh, Azamgarh City, AZAMGARH, AZAMGARH, UTTAR PRADESH ,276001",UTTAR PRADESH,276001,SADAR,AZAMGARH,HIGH,0.83,explicit DISTRICT/DISTT marker in address; city inferred from district-adjacent address token: SADAR,False
5fe81aa1-7f52-456e-af7a-6ae6800e89a1,171,S R HALLMARKING CENTER,"0,MAKAN NO 113,0,PURANIKOTWALI ,ASIFGANJ AZAMGARH UTTAR PRADESH, AZAMGARH, AZAMGARH, UTTAR PRADESH ,276001",UTTAR PRADESH,276001,ASIFGANJ AZAMGARH,AZAMGARH,HIGH,0.83,explicit DISTRICT/DISTT marker in address; city inferred from district-adjacent address token: ASIFGANJ AZAMGARH,False
06cfc974-b1be-45cf-8731-cc2503f1653a,166,SIDDHI VINAYAK HALLMARKING CENTRE,"MALI TOLA,MANGAL BAZAR,PURANI BASTI, BASTI, BASTI, UTTAR PRADESH ,272002",UTTAR PRADESH,272002,PURANI,BASTI,HIGH,0.83,explicit DISTRICT/DISTT marker in address; city inferred from district-adjacent address token: PURANI,False
e8e0c324-5b7d-4168-8dd0-4898d3d71bf1,168,SUSHMA ENTERPRISES HALLMARING CENTRE,"QUASIMPURA BAAZ KI MASJID2/A KHALSA UTTARTOLA QAZITOLA MAU, MAU, MAU, UTTAR PRADESH ,275101",UTTAR PRADESH,275101,A KHALSA UTTARTOLA QAZITOLA,MAU,HIGH,0.83,explicit DISTRICT/DISTT marker in address; city inferred from district-adjacent address token: A KHALSA UTTARTOLA QAZITOLA,False
339e7572-fe4f-4d40-8012-705c6fc480f1,169,Suraj Hallmarking Centre,"Near Saraffa Bhawan, First Floor, Shop No. 4,5,6J.K. Complex, Ghantaghar, GORAKHPUR, GORAKHPUR, UTTAR PRADESH ,273005",UTTAR PRADESH,273005,GHANTAGHAR,GORAKHPUR,HIGH,0.83,explicit DISTRICT/DISTT marker in address; city inferred from district-adjacent address token: GHANTAGHAR,False
43b93ba7-72fd-4e9f-aaa0-da9798e91085,173,ARADHYA ASSAYING AND HALLMARKING CENTRE,"Infront of Sarrafa Bhawan, Srinath Gahana Bhawan,Sheshpur, Geeta Press Post, GORAKHPUR, GORAKHPUR, UTTAR PRADESH ,273005",UTTAR PRADESH,273005,GEETA PRESS POST,GORAKHPUR,HIGH,0.83,explicit DISTRICT/DISTT marker in address; city inferred from district-adjacent address token: GEETA PRESS POST,False
acc0180f-2bdc-4d24-abce-786015f74d11,764,Aashiwad Hallmarking Center,"DD Market Halsiganj Chowk Gorakhpur, GORAKHPUR, GITA PRESS, UTTAR PRADESH ,273005",UTTAR PRADESH,273005,GITA PRESS,GORAKHPUR,HIGH,0.83,explicit DISTRICT/DISTT marker in address; city inferred from district-adjacent address token: GITA PRESS,False
bee0a94f-11b8-41c9-b463-dc386680e407,170,PRIYANSH HALLMARKING AND GOLD TUNCH CENTRE,"Rama Narayan Complex, Second Floor, Laxmi Market, BALLIA, BALLIA, UTTAR PRADESH ,277001",UTTAR PRADESH,277001,SECOND FLOOR,BALLIA,HIGH,0.83,explicit DISTRICT/DISTT marker in address; city inferred from district-adjacent address token: SECOND FLOOR,False
b8933685-cb7a-428e-b4dd-a24f4e67a375,172,GOLDEN HALLMARKING CENTRE,"22/392, MALVIYA ROAD, BHARAULI BAZAR,SRI SINGUR GENERAL STORES, DEORIA, DEORIA, , UTTAR PRADESH ,274001",UTTAR PRADESH,274001,SRI SINGUR GENERAL STORES,DEORIA,HIGH,0.83,explicit DISTRICT/DISTT marker in address; city inferred from district-adjacent address token: SRI SINGUR GENERAL STORES,False
9a2222d1-dfc8-481e-a2e8-937ce4c7f2df,175,RM HALLMARKING CENTRE LLP,"68A INDUSTRIAL ESTATE NUNHAIAGRA, AGRA, NUNHAI, UTTAR PRADESH ,282006",UTTAR PRADESH,282006,68A INDUSTRIAL ESTATE NUNHAI,AGRA,HIGH,0.83,explicit DISTRICT/DISTT marker in address; city inferred from district-adjacent address token: 68A INDUSTRIAL ESTATE NUNHAI,False
90f84877-52c6-4899-8c0f-10920528e24d,176,ELIXIR GOLD,"CHANDRA SHEKHAR AZAD SMARAK,FIRST FLOORCIVIL LINES ROAD,JHANSI CANTT TOWNSHIP,JHANSI, JHANSI, JHANSI CITY, UTTAR PRADESH ,284001",UTTAR PRADESH,284001,CANTT TOWNSHIP,JHANSI,HIGH,0.83,explicit DISTRICT/DISTT marker in address; city inferred from district-adjacent address token: CANTT TOWNSHIP,False
80d17fad-ff85-4227-8967-ceeef9a88760,777,JMK ENTERPRISES,"FIRST FLOOR, 25/34, WAKE MOHALLAGANDHIGHAR KA TAPRA, JHANSI, JHANSI CANTT., UTTAR PRADESH ,284001",UTTAR PRADESH,284001,WAKE MOHALLAGANDHIGHAR KA TAPRA,JHANSI,HIGH,0.83,explicit DISTRICT/DISTT marker in address; city inferred from district-adjacent address token: WAKE MOHALLAGANDHIGHAR KA TAPRA,False
a7b41b83-823a-4f63-bdf5-806e59927b19,177,DARSH SOLUTIONS,"13/64 13/64/1 13/65 & 14/37 2ND FLOORKINARI BAZAR, AGRA, AGRA, UTTAR PRADESH ,282003",UTTAR PRADESH,282003,65 & 14,AGRA,HIGH,0.83,explicit DISTRICT/DISTT marker in address; city inferred from district-adjacent address token: 65 & 14,False
b6160dd2-4d98-4091-9045-e56b7115045f,735,OAM HALLMARKING CENTRE,"1ST FLOOR VIDHYA MARKETHOSPITAL ROAD, AGRA, AGRA, UTTAR PRADESH ,282003",UTTAR PRADESH,282003,,AGRA,MEDIUM,0.55,explicit DISTRICT/DISTT marker in address,True
ac27cb48-ddb4-4297-acae-43a9ff67c6b0,181,M K HALLMARKING CENTER,"0, Sabji Mandi, Main Market, Sojat CityPali, Rajasthan, 306104, PALI, SOJAT, RAJASTHAN ,306104",RAJASTHAN,306104,SOJAT,PALI,HIGH,0.83,explicit DISTRICT/DISTT marker in address; city inferred from district-adjacent address token: SOJAT,False
2ad88ace-ee3a-4c06-89c7-275fff81ff62,185,SHRIJI HALLMARKING,"SAVO KA BASS, JAITARANJAITARAN, PALI, JAITARAN, RAJASTHAN ,306302",RAJASTHAN,306302,JAITARANJAITARAN,PALI,HIGH,0.83,explicit DISTRICT/DISTT marker in address; city inferred from district-adjacent address token: JAITARANJAITARAN,False
1420422e-9cd4-41ae-bf55-5a2ad50cfc91,187,JAGRITI HALLMARKING & REFINERY CENTER,"Frist Floor, E801, Vaishali Nagar, Jaipur, Rajasth, JAIPUR, JAIPUR CITY, RAJASTHAN ,302021",RAJASTHAN,302021,RAJASTH,JAIPUR,HIGH,0.83,explicit DISTRICT/DISTT marker in address; city inferred from district-adjacent address token: RAJASTH,False
7cb99a50-b631-4aa3-9384-63b4d887464d,198,L S HALLMARK CENTRE,"0, GHEE MANDI, NAYA BAAZARAJMER, AJMER, AJMER, RAJASTHAN ,305001 OSC Address: 1 Floor, 217, City Tower,Pipliya Bazar, Beawar,, AJMER, AJMER, RAJASTHAN, 305901",RAJASTHAN,305901,NAYA BAAZAR,AJMER,HIGH,0.83,explicit DISTRICT/DISTT marker in address; city inferred from district-adjacent address token: NAYA BAAZAR,False
e459d04d-455c-4601-914b-447b53533cb1,199,L S HALLMARK CENTRE,"0, GHEE MANDI, NAYA BAAZARAJMER, AJMER, AJMER, RAJASTHAN ,305001 OSC Address: Khidaki Gate, Kekri, AJMER, AJMER, RAJASTHAN, 304005",RAJASTHAN,304005,NAYA BAAZAR,AJMER,HIGH,0.83,explicit DISTRICT/DISTT marker in address; city inferred from district-adjacent address token: NAYA BAAZAR,False
877d3227-cc78-4027-a54c-ec9d6fd58c32,200,L S HALLMARK CENTRE,"0, GHEE MANDI, NAYA BAAZARAJMER, AJMER, AJMER, RAJASTHAN ,305001 OSC Address: Khidaki Gate,Kekri, AJMER, AJMER, RAJASTHAN, 304005",RAJASTHAN,304005,NAYA BAAZAR,AJMER,HIGH,0.83,explicit DISTRICT/DISTT marker in address; city inferred from district-adjacent address token: NAYA BAAZAR,False
4ea0aded-89a4-4951-9389-85b35ecb8b1c,205,MB Hallmark Centre,"Plot No. S 4 - 39, 40,MADRI, MEWAR INDUSTRIAL AREA, UDAIPUR, UDAIPUR, RAJASTHAN ,313001",RAJASTHAN,313001,MADRI,UDAIPUR,HIGH,0.83,explicit DISTRICT/DISTT marker in address; city inferred from district-adjacent address token: MADRI,False
de44b4a0-7ca8-4b4f-a420-ab410ea35ae9,206,MAHALAXMI HALLMARK CENTRE,"145, WARD NO-45, MOTI CHOHATTA,UDAIPUR, UDAIPUR, , RAJASTHAN ,313001",RAJASTHAN,313001,MOTI CHOHATTA,UDAIPUR,HIGH,0.83,explicit DISTRICT/DISTT marker in address; city inferred from district-adjacent address token: MOTI CHOHATTA,False
31ad4500-4b0a-4490-974e-13e26f5a5884,208,KAUSHALYA GOLD TESTING LAB AND HALLMARKEING CENTER,"39, MOTI CHOHATTA, GHANTAGHAR, UDAIPUR, UDAIPUR, UDAIPUR CITY, RAJASTHAN ,313001",RAJASTHAN,313001,GHANTAGHAR,UDAIPUR,HIGH,0.83,explicit DISTRICT/DISTT marker in address; city inferred from district-adjacent address token: GHANTAGHAR,False
049cf926-a5c1-4bd3-8da3-b3b5b70d6070,209,RISHABH ASSAYING & HALLMARKING CENTER,"Plot No -F, Road No-3, Mewar Industrial AreaMadri, Udaipur, UDAIPUR, UDAIPUR CITY, RAJASTHAN ,313001",RAJASTHAN,313001,MEWAR INDUSTRIAL AREAMADRI,UDAIPUR,HIGH,0.83,explicit DISTRICT/DISTT marker in address; city inferred from district-adjacent address token: MEWAR INDUSTRIAL AREAMADRI,False
19df3920-a90b-4abc-a8cb-62601a8d369a,211,Ravi Nuwal Gold Testing And Hallmarking Center,"Nanhi Ji Ki GaliChogan Gate, BUNDI, BUNDI, RAJASTHAN ,323001",RAJASTHAN,323001,,BUNDI,MEDIUM,0.55,explicit DISTRICT/DISTT marker in address,True
b5c6ca65-a3c8-4a63-b81b-0f8f08e61ce0,212,Shri Govindam Assaying and Hallmarking Centre,"2ND FLOOR WARAD NO 7 NEAR JIYAJI SUITINGPURANI MANDI SARAFA BAZAR, KARAULI, HINDAUN CITY, RAJASTHAN ,322230",RAJASTHAN,322230,HINDAUN,KARAULI,HIGH,0.83,explicit DISTRICT/DISTT marker in address; city inferred from district-adjacent address token: HINDAUN,False
ca97f79e-7dbb-4ec5-ba26-95610b38b871,213,SHRI SHYAM HALLMARKING CENTER AND GOLD TESTING,"NEAR CHAMUNDA DEVI TEMPLE, MISRA MOHALLASAWAI MADHOPUR, GANGAPUR CITY, SAWAI MADHOPUR, GANGAPUR, RAJASTHAN ,322201",RAJASTHAN,322201,GANGAPUR,SAWAI MADHOPUR,HIGH,0.83,explicit DISTRICT/DISTT marker in address; city inferred from district-adjacent address token: GANGAPUR,False
4b32e42b-0cad-4da2-8c58-7122595e1866,218,SARVESHWAR HALLMARKING CENTER,"Ist FLOOR, BLOCK B, CHAUTH MATA GALI,Gangapur City, Sawai Madhopur, Rajasthan, 322201, SAWAI MADHOPUR, GANGAPUR BAZAR, RAJASTHAN ,322201",RAJASTHAN,322201,GANGAPUR,SAWAI MADHOPUR,HIGH,0.83,explicit DISTRICT/DISTT marker in address; city inferred from district-adjacent address token: GANGAPUR,False
acd58752-8502-418d-b9e6-7f80037e9c73,214,SHRI SHYAM HALLMARKING CENTER AND GOLD TESTING,"NEAR CHAMUNDA DEVI TEMPLE, MISRA MOHALLASAWAI MADHOPUR, GANGAPUR CITY, SAWAI MADHOPUR, GANGAPUR, RAJASTHAN ,322201 OSC Address: Bazar Bazaria, Upbhokta Bhandar Ke Samne,Sawai Madhopur,, SAWAI MADHOPUR, SAWAIMADHOPUR, RAJASTHAN, 322001",RAJASTHAN,322001,GANGAPUR,SAWAI MADHOPUR,HIGH,0.83,explicit DISTRICT/DISTT marker in address; city inferred from district-adjacent address token: GANGAPUR,False
9af8cb91-4c0e-4ffe-bb18-30860b9648b7,215,G S Hallmarking Centre,"1st floor, Main market, KB Plaza, Laxman mandir,Bharatpur, Rajasthan, BHARATPUR, BHARATPUR, RAJASTHAN ,321001",RAJASTHAN,321001,LAXMAN MANDIR,BHARATPUR,HIGH,0.83,explicit DISTRICT/DISTT marker in address; city inferred from district-adjacent address token: LAXMAN MANDIR,False
59d7ca14-1591-4d5a-bf14-6edd18bf7ff3,219,SHREE RAM GOVIND ASSAYING CENTRE,"Balaji Complex, Sadar Bazar, NokhaBikaner, Rajasthan - 334803, BIKANER, BIKANER CITY, RAJASTHAN ,334803",RAJASTHAN,334803,NOKHA,BIKANER,HIGH,0.83,explicit DISTRICT/DISTT marker in address; city inferred from district-adjacent address token: NOKHA,False
ead2c4b3-943c-4eea-bd08-0f6c455c9ebf,238,SHRI SHYAM HALL MARKING CENTER,"NK NAGA COMPLEX, KATLA CHOWK,DAGA MAHESHWARI, NOKHA, BIKANER, NOKHA, RAJASTHAN ,334803",RAJASTHAN,334803,NOKHA,BIKANER,HIGH,0.83,explicit DISTRICT/DISTT marker in address; city inferred from district-adjacent address token: NOKHA,False
e6165302-1ebe-4a64-a4e6-e66836aef9b4,220,SHRI P S HALLMARKING CENTRE,"Shop No 101, 107, Noor Beswa ComplexKedia Hospital Ke Pass, Ward No 16, Fatehpur, SIKAR, FATEHPUR SHEKHAWATI, RAJASTHAN ,332301",RAJASTHAN,332301,FATEHPUR,SIKAR,HIGH,0.83,explicit DISTRICT/DISTT marker in address; city inferred from district-adjacent address token: FATEHPUR,False
1f03606a-d329-4b9a-afa2-75b33008d383,221,SHRI P S HALLMARKING CENTRE,"Shop No 101, 107, Noor Beswa ComplexKedia Hospital Ke Pass, Ward No 16, Fatehpur, SIKAR, FATEHPUR SHEKHAWATI, RAJASTHAN ,332301 OSC Address: Shop No. 1, First Floor, Opp. Baroda Bank,Mohan Market, Purana Ward 15, Lachhmangarh,, SIKAR, LACHHMANGARH, RAJASTHAN, 332311",RAJASTHAN,332311,FATEHPUR,SIKAR,HIGH,0.83,explicit DISTRICT/DISTT marker in address; city inferred from district-adjacent address token: FATEHPUR,False
bd8ad095-d920-46a8-9240-8132f8bef99f,222,SIDHI VINAYAK HALLMARKING,"WARD NO. 13, KHASRA NO.131,NEAR UNION BANK KE PASSKHANDELA ROAD, SHRIMADHOPUR, SIKAR, SRIMADHOPUR BAZAR, RAJASTHAN ,332715",RAJASTHAN,332715,SHRIMADHOPUR,SIKAR,HIGH,0.83,explicit DISTRICT/DISTT marker in address; city inferred from district-adjacent address token: SHRIMADHOPUR,False
2e776466-0c1b-4609-adca-28373df8ef2f,223,K B HALLMARK CENTRE,"PLOT NO H-22, RICCO INDUSTRIAL AREASURATGARH, GANGANAGAR, SURATGARH, RAJASTHAN ,335804",RAJASTHAN,335804,RICCO INDUSTRIAL AREASURATGARH,GANGANAGAR,HIGH,0.83,explicit DISTRICT/DISTT marker in address; city inferred from district-adjacent address token: RICCO INDUSTRIAL AREASURATGARH,False
fdcee6f7-f192-42bf-9195-6703edda3147,224,DJN HALLMARKING CENTRE,"GHANTA GHAR ROAD,WEST MAIN MARKET,SARDARSHAHARCHURU, RAJASTHAN, 331403, CHURU, SARDARSHAHAR, RAJASTHAN ,331403",RAJASTHAN,331403,SARDARSHAHAR,CHURU,HIGH,0.83,explicit DISTRICT/DISTT marker in address; city inferred from district-adjacent address token: SARDARSHAHAR,False
ec6e24ee-4ba3-4aa6-9d20-389a20d2507d,226,GAURAV HALLMARKING CENTRE,"C-2, RIICO INDUSTRIAL AREARAJGARH, CHURU, CHURU, SADULPUR, RAJASTHAN ,331023",RAJASTHAN,331023,RIICO INDUSTRIAL AREARAJGARH,CHURU,HIGH,0.83,explicit DISTRICT/DISTT marker in address; city inferred from district-adjacent address token: RIICO INDUSTRIAL AREARAJGARH,False
4c1e65f3-23eb-4a80-8c3b-c552caeddd6f,228,SHREE MAHALAXMI HALLMARKING CENTRE,"PLOT NO. H1-24,RIICO Industrial Area, Neem Ka Thana, SIKAR, NIMKATHANA, RAJASTHAN ,332713",RAJASTHAN,332713,NEEM KA THANA,SIKAR,HIGH,0.83,explicit DISTRICT/DISTT marker in address; city inferred from district-adjacent address token: NEEM KA THANA,False
99cdfaf6-467c-4234-a3b4-cfdbac299dfd,230,GANPATI HALLMARKING CENTRE,"Soni Market,Janta Sweets k Samne, Hanumangarh TownHanumangarh, Hanumangarh, Rajasthan, 335513, HANUMANGARH, HANUMANGARH TOWN, RAJASTHAN ,335513",RAJASTHAN,335513,TOWNHANUMANGARH,HANUMANGARH,HIGH,0.83,explicit DISTRICT/DISTT marker in address; city inferred from district-adjacent address token: TOWNHANUMANGARH,False
3f283174-077d-48d9-a9cf-f0ebf273ead6,232,JYOTIRLING HALLMARKING CENTRE,"1ST FLOOR C/O SUNIL KUMAR, NEAR AMBAY TOWER,COURT ROAD, CHIRAWA, JHUNJHUNU, JHUNJHUNU, CHIRAWA, RAJASTHAN ,333026",RAJASTHAN,333026,CHIRAWA,JHUNJHUNU,HIGH,0.83,explicit DISTRICT/DISTT marker in address; city inferred from district-adjacent address token: CHIRAWA,False
598f721f-4bff-4603-b6ec-228b1bad58d5,235,JAISHREE BALAJI HALLMARKING CENTRE,"No. 205, Amby Tower, Court Road, ChirawaJhunjhunu, Rajasthan-333026, JHUNJHUNU, CHIRAWA, RAJASTHAN ,333026",RAJASTHAN,333026,CHIRAWA,JHUNJHUNU,HIGH,0.83,explicit DISTRICT/DISTT marker in address; city inferred from district-adjacent address token: CHIRAWA,False
6dc7064d-eee5-4c5a-8301-b1aa76636dc2,233,SHRI KARNI HALLMARKING CENTER,"Bigga Bass,TSS Hospital Ke Pass,Word No-05Shri Dungargarh,Bikaner, BIKANER, SHRI DUNGARGARH, RAJASTHAN ,331803",RAJASTHAN,331803,SHRI DUNGARGARH,BIKANER,HIGH,0.83,explicit DISTRICT/DISTT marker in address; city inferred from district-adjacent address token: SHRI DUNGARGARH,False
86e1fedb-a08f-42b7-b9d4-093736befa03,239,R K HALLMARKS ASSAYING AND REFINERS,"WARD NO- 6, NEAR GOVT. HOSPITALMOMASAR BASS, DUNGARGARH,, BIKANER, SHRI DUNGARGARH, RAJASTHAN ,331803",RAJASTHAN,331803,DUNGARGARH,BIKANER,HIGH,0.83,explicit DISTRICT/DISTT marker in address; city inferred from district-adjacent address token: DUNGARGARH,False
a75b8b85-1825-489e-9de2-46a17b76aa4f,241,SIDDHIVINAYAK ASSAYING AND HALLMARKING CENTRE,"SHOP NO. 1, NEAR MANAK HOSPITALKALYANPURA MARG NUMBER 2, KALYANPURA, BARMER, BARMER, RAJASTHAN ,344001",RAJASTHAN,344001,KALYANPURA,BARMER,HIGH,0.83,explicit DISTRICT/DISTT marker in address; city inferred from district-adjacent address token: KALYANPURA,False
b4e28c08-ff4e-4276-922f-f9437fc56e45,252,BARMER HALLMARKING CENTRE,"Khasra no. 3150/1585 Sunaro ka Vas Behind mainroad HP petrol pump Subhash Chowk, BARMER, BARMER, RAJASTHAN ,344001",RAJASTHAN,344001,,BARMER,MEDIUM,0.55,explicit DISTRICT/DISTT marker in address,True
a41f81b4-964c-4ca7-bf25-b6dbb6f424ba,242,Kalyan Hallmarking Centre,"ground floor shop no 204, Gopal plaza, near hadechbus stand sanchore rajasthan 343041, JALORE, SANCHORE, RAJASTHAN ,343041",RAJASTHAN,343041,HADECHBUS STAND SANCHORE,JALORE,HIGH,0.83,explicit DISTRICT/DISTT marker in address; city inferred from district-adjacent address token: HADECHBUS STAND SANCHORE,False
b2c3d43b-4ee5-4120-9056-1a4b5bf4104b,1274,KRISHNA HALLMARKING CENTER,"SHOP NO-19,PURANA BHATO KA WAS,MOHALLA-RUGNATHPURA, JALORE, SANCHORE, RAJASTHAN ,343041",RAJASTHAN,343041,MOHALLA RUGNATHPURA,JALORE,HIGH,0.83,explicit DISTRICT/DISTT marker in address; city inferred from district-adjacent address token: MOHALLA RUGNATHPURA,False
ab612eb9-3759-4ba4-af6e-27c9abfab694,1275,SEENU HALLMARKING CENTER,"ABOVE MATTU GOLD, JHAHBAJ PALACENEAR VIVEKANAND CIRCLE,SANCHORE,JALORE, JALORE, SANCHORE, RAJASTHAN ,343041",RAJASTHAN,343041,SANCHORE,JALORE,HIGH,0.83,explicit DISTRICT/DISTT marker in address; city inferred from district-adjacent address token: SANCHORE,False
58417b19-b501-404f-9cc8-057e352086c6,244,LAXMI HALLMARKING CENTRE,"WEST GATEKUCHAMAN CITY, NAGAUR, KUCHAMANCITY, RAJASTHAN ,341508",RAJASTHAN,341508,WEST GATEKUCHAMAN,NAGAUR,HIGH,0.83,explicit DISTRICT/DISTT marker in address; city inferred from district-adjacent address token: WEST GATEKUCHAMAN,False
e432476d-5c58-414f-8c03-60b95501e636,246,RSM HALLMARKING CENTER,"First Floor, Kayam Plazza, Purani Dhaan Mandi,kuchaman, Kuchaman City, Nagaur, Rajasthan-341508, NAGAUR, KUCHAMANCITY, RAJASTHAN ,341508",RAJASTHAN,341508,KUCHAMANCITY,NAGAUR,HIGH,0.83,explicit DISTRICT/DISTT marker in address; city inferred from district-adjacent address token: KUCHAMANCITY,False
591f483b-34ab-43f5-abb9-0ff674af651a,248,SHRI BALAJI HALLMARKING CENTRE,"SHOP NO 01, LILGHAR MOHALLA, ATHUNA DARWAJA, WARD NO 24, KUCHAMAN CITYDEEDWANA KUCHAMAN, RAJASTHAN, NAGAUR, KUCHAMANCITY, RAJASTHAN ,341508",RAJASTHAN,341508,KUCHAMANCITY,NAGAUR,HIGH,0.83,explicit DISTRICT/DISTT marker in address; city inferred from district-adjacent address token: KUCHAMANCITY,False
e7790990-acce-4bff-b70c-1c6ff83b7a3a,245,SHREE SIDDHI VINAYAK ASSAYING AND HALLMARKING CENTRE,"DHORIMANA SUB POST OFFICE, SONI BAZARUNNAMED ROAD, DHORIMANA, BARMER, DHORIMANA, RAJASTHAN ,344704",RAJASTHAN,344704,DHORIMANA,BARMER,HIGH,0.83,explicit DISTRICT/DISTT marker in address; city inferred from district-adjacent address token: DHORIMANA,False
b4833847-dd45-427b-a8a1-b40a26a62563,249,Shree Salasar Hallmark,"Basement Shop No. 2, Machiyon ka Chowk,Talawato ki pol ke pass, Nagaur, NAGAUR, NAGAUR, RAJASTHAN ,341001",RAJASTHAN,341001,TALAWATO KI POL KE PASS,NAGAUR,HIGH,0.83,explicit DISTRICT/DISTT marker in address; city inferred from district-adjacent address token: TALAWATO KI POL KE PASS,False
99e45a37-3e12-4daf-b9df-b9d190d411d9,253,DINESH HALLMARKING CENTRE,"Basement,Ambey Kripa Market,Sunaron Ki Gali,Behind Dupty Police Office, Degana, NAGAUR, DEGANA, RAJASTHAN ,341503",RAJASTHAN,341503,DEGANA,NAGAUR,HIGH,0.83,explicit DISTRICT/DISTT marker in address; city inferred from district-adjacent address token: DEGANA,False
9725c476-7bbe-4fd2-8e86-7fb5981af493,256,KRISHNAM HALLMARK CENTER,"Behind Police Deputy Office Degana, KHASRA NO 59,WARD No 13,Goredi Chancha, Nagaur, 341503, NAGAUR, NAGAUR, RAJASTHAN ,341503",RAJASTHAN,341503,GOREDI CHANCHA,NAGAUR,HIGH,0.83,explicit DISTRICT/DISTT marker in address; city inferred from district-adjacent address token: GOREDI CHANCHA,False
941ee500-1e1b-4e31-ad50-46c9ccda97ac,254,KARNI KRIPA HALLMARKING CENTRE,"Osiyan Railway Station, Shop No. 1 to 4 NearSubham Hospital, Kumharo KA BAS, JODHPUR, OSIAN, RAJASTHAN ,342303",RAJASTHAN,342303,KUMHARO KA BAS,JODHPUR,HIGH,0.83,explicit DISTRICT/DISTT marker in address; city inferred from district-adjacent address token: KUMHARO KA BAS,False
883228c8-c004-4570-a234-da1d79de5b6e,257,GOLD MASTER HALLMARKING AND ASSAYING CENTRE,"FIRST, 22, DHAN GALI, BADA SARAFAINDORE, INDORE, INDORE NAGAR, MADHYA PRADESH ,452001",MADHYA PRADESH,452001,DHAN GALI,INDORE,HIGH,0.83,explicit DISTRICT/DISTT marker in address; city inferred from district-adjacent address token: DHAN GALI,False
4cca7aa1-1583-430f-bb7e-acec47f40713,264,OM HALLMARKING,"12,MORSALI GALI,INDORE, INDORE, INDORE NAGAR, MADHYA PRADESH ,452001",MADHYA PRADESH,452001,MORSALI GALI,INDORE,HIGH,0.83,explicit DISTRICT/DISTT marker in address; city inferred from district-adjacent address token: MORSALI GALI,False
8164d03d-b0de-4172-bbac-426bacfab87c,267,SHREE YAMUNAJI HALLMARKING CENTRE,"SHOP NO 53-54, BADA SARRAFA, 101A & 101B, DIAMONDINDORE, MADHYA PRADESH, INDORE, INDORE CLOTH MARKET, MADHYA PRADESH ,452001",MADHYA PRADESH,452001,DIAMOND,INDORE,HIGH,0.83,explicit DISTRICT/DISTT marker in address; city inferred from district-adjacent address token: DIAMOND,False
b4a3b5a1-0e6b-4e8f-bcb1-53dba1720315,259,NEEMUCH HALLMARK CENTER,"16, SECOND FLOOR, WARD NO. 20OLD POST OFFICE, POONAMCHAND DEEPCHAND GALI, NEEMUCH, NEEMUCH, MADHYA PRADESH ,458441",MADHYA PRADESH,458441,POONAMCHAND DEEPCHAND GALI,NEEMUCH,HIGH,0.83,explicit DISTRICT/DISTT marker in address; city inferred from district-adjacent address token: POONAMCHAND DEEPCHAND GALI,False
93165251-8c0c-4cb9-a721-c6b7ee917afd,263,SAKSHI HALLMARKING CENTRE,"SHOP NO. 103, RAMKRISHNA MANDLOI MARGOPP. JAIN DOODH BHANDAR, KHADAKPURA, KHANDWA, KHANDWA (EAST NIMAR), KHANDWA, MADHYA PRADESH ,450001",MADHYA PRADESH,450001,KHADAKPURA,KHANDWA,HIGH,0.83,explicit DISTRICT/DISTT marker in address; city inferred from district-adjacent address token: KHADAKPURA,False
c5abac21-fd13-4daa-9549-f761e800a93c,266,HONEST HALLMARKING CENTRE,"62/2-B, SHANKRACHARYA MARGBADA DARWAJA, LAKHERWADI, UJJAIN., UJJAIN, UJJAIN, MADHYA PRADESH ,456010",MADHYA PRADESH,456010,LAKHERWADI,UJJAIN,HIGH,0.83,explicit DISTRICT/DISTT marker in address; city inferred from district-adjacent address token: LAKHERWADI,False
70a2e17e-7143-4dd8-a7aa-5ab0cd2978d1,271,VARSHA HALLMARKING,"Mezzanine Floor, 966 SQFT,Jawahar Bhawan, Roshanpura, New Market, Bhopal, BHOPAL, BHOPAL G.P.O., MADHYA PRADESH ,462003",MADHYA PRADESH,462003,G P O,BHOPAL,HIGH,0.83,explicit DISTRICT/DISTT marker in address; city inferred from district-adjacent address token: G P O,False
c0c78160-bd75-4ec8-a439-ea9989cfc219,276,SHUBH ASSAYING & HALLMARKING CENTRE,"46/3, Ram Laxmi Parisar, Malviya Nagar, BhopalMadhya Pradesh-462003, BHOPAL, BHOPAL G.P.O., MADHYA PRADESH ,462003",MADHYA PRADESH,462003,G P O,BHOPAL,HIGH,0.83,explicit DISTRICT/DISTT marker in address; city inferred from district-adjacent address token: G P O,False
cf85946f-8fb1-4528-a28b-1853c54d6522,273,DEVSHREE ASSAYING AND HALLMARKING CENTRE,"WARD NO. 24, BACK SIDEARYA SAMAJ MANDIR, BANSKULI, VIDISHA, VIDISHA, VIDISHA, MADHYA PRADESH ,464001",MADHYA PRADESH,464001,BANSKULI,VIDISHA,HIGH,0.83,explicit DISTRICT/DISTT marker in address; city inferred from district-adjacent address token: BANSKULI,False
7d0f9047-ceec-496a-9ebc-f6baf65481ed,277,SIDDHI VINAYAK ASSAY & HALLMARKING CENTER,"SIDDHI VINAYAK MARKET 3RD FLOOR MORE GALISARAFA BAZAR, GWALIOR, GWALIOR, MADHYA PRADESH ,474002",MADHYA PRADESH,474002,,GWALIOR,MEDIUM,0.55,explicit DISTRICT/DISTT marker in address,True
4d418219-f6d5-4316-8d35-7593b4932f77,278,SHUBH LABH HALLMARKING CENTRE & GOLD TESTING,"Mahaveer Ganj, Raj Takij Ke Pass, BhindMadhya Pradesh, 477001, BHIND, BHIND, MADHYA PRADESH ,477001",MADHYA PRADESH,477001,RAJ TAKIJ KE PASS,BHIND,HIGH,0.83,explicit DISTRICT/DISTT marker in address; city inferred from district-adjacent address token: RAJ TAKIJ KE PASS,False
4fed379c-c367-400a-b80b-55963fe8a124,279,LAXMINARAYAN ASSAYING AND HALLMARK CENTER,"IN FRONT OF LAXMI NARAYAN MANDIR, CHAKRA GHATKOTWALI ROAD, GOUGHAT PARKOTA, SAGAR, SAGAR, SAGAR CITY, MADHYA PRADESH ,470002",MADHYA PRADESH,470002,GOUGHAT PARKOTA,SAGAR,HIGH,0.83,explicit DISTRICT/DISTT marker in address; city inferred from district-adjacent address token: GOUGHAT PARKOTA,False
5b972362-0e6f-4bc4-9747-dd1ebfff70e3,280,Shree Ganesh Assaying & Hallmarking Centre,"2nd Floor Building no 33, ward no 10, GovardhanTakeej ke pass, Gandhi marg Chowk Bazar, CHHATARPUR, CHHATARPUR, MADHYA PRADESH ,471001",MADHYA PRADESH,471001,GOVARDHANTAKEEJ KE PASS,CHHATARPUR,HIGH,0.83,explicit DISTRICT/DISTT marker in address; city inferred from district-adjacent address token: GOVARDHANTAKEEJ KE PASS,False
4be44ae8-2180-445d-b896-d1af2beb07f6,282,SHRII RADHA RANI HALLMARKING CENTER,"SHAKTI JEWELLERS KE SAMNE, RAMGALI BAJARIYACHHATARPUR,MADHYA PRADESH-471001, CHHATARPUR, CHHATARPUR, MADHYA PRADESH ,471001",MADHYA PRADESH,471001,RAMGALI BAJARIYA,CHHATARPUR,HIGH,0.83,explicit DISTRICT/DISTT marker in address; city inferred from district-adjacent address token: RAMGALI BAJARIYA,False
6c5198f5-405e-4061-9aab-6828ef192279,283,Krishna Gold Testing and Hallmarking Center,"Tilak road Panchayati Dharamshala, MORENA, MORENA, MADHYA PRADESH ,476001",MADHYA PRADESH,476001,AMSHALA,MORENA,HIGH,0.83,explicit DISTRICT/DISTT marker in address; city inferred from district-adjacent address token: AMSHALA,False
f043110f-6d67-4802-bc74-941e4c1070d3,284,B R GOLD TESTING & HALLMARKING CENTRE,"19/26 PANCHAYATI DHARAMSHALAGURUDWARA ROAD NEW SARAFA BAZAR, MORENA, MORENA CITY, MADHYA PRADESH ,476001",MADHYA PRADESH,476001,26 PANCHAYATI,MORENA,HIGH,0.83,explicit DISTRICT/DISTT marker in address; city inferred from district-adjacent address token: 26 PANCHAYATI,False
5384ce7b-b3b0-4a9a-b9ee-98729fd4a5c5,285,KRISHNKUNJ HALLMARK CENTER,"MAIN NARSINGPUR ROAD SARNA,CHHINDWARA, MADHYA PRADESH - 480 001, CHHINDWARA, CHHINDWARA, MADHYA PRADESH ,480001",MADHYA PRADESH,480001,480 001,CHHINDWARA,HIGH,0.83,explicit DISTRICT/DISTT marker in address; city inferred from district-adjacent address token: 480 001,False
0d59e31a-7830-4385-a039-fc6f672581fb,286,MAA JALPA ASSAYING AND HALLMARKING CENTER,"SHOP NO 10,11,12, FIRST FLOOR, SHREE LAXMI NARAYANKATNI, MADHYA PRADESH 483501, KATNI, KATNI, MADHYA PRADESH ,483501",MADHYA PRADESH,483501,SHREE LAXMI NARAYAN,KATNI,HIGH,0.83,explicit DISTRICT/DISTT marker in address; city inferred from district-adjacent address token: SHREE LAXMI NARAYAN,False
fd2ab47b-daa1-4b28-8ce8-3896d47768a2,287,MAA NUNHAI HALLMARKING CENTRE,"SECOND FLOOR, NAZUL PLOT NO 78/9, 475, NUNHAI, SARAFA BAZAR, JABALPUR, Jabalpur, Madhya Pradesh, , JABALPUR, JABALPUR, MADHYA PRADESH ,482001",MADHYA PRADESH,482001,NUNHAI,JABALPUR,HIGH,0.83,explicit DISTRICT/DISTT marker in address; city inferred from district-adjacent address token: NUNHAI,False
750aef1d-9ea4-44a1-bade-20b62fbc4c01,1653,MAHAKOUSHAL HALLMARK CENTER,"785, Pt. Motilal Nehru Ward, Sunarhai, Jabalpur, JABALPUR, JABALPUR, MADHYA PRADESH ,482001",MADHYA PRADESH,482001,SUNARHAI,JABALPUR,HIGH,0.83,explicit DISTRICT/DISTT marker in address; city inferred from district-adjacent address token: SUNARHAI,False
17560c0a-38fb-4647-b935-4853582bf9a5,289,MANOJ HALLMARKING AND ASSAYING CENTER,"COSTOMER IVRS NO .N1001035098,C/O SHRI INERCHANDVAIDHYA WAARD NO.20,GUJARI CHOUK BALAGHAT., BALAGHAT, BALAGHAT, MADHYA PRADESH ,481001",MADHYA PRADESH,481001,GUJARI CHOUK,BALAGHAT,HIGH,0.83,explicit DISTRICT/DISTT marker in address; city inferred from district-adjacent address token: GUJARI CHOUK,False
b17cf4d9-6298-48d7-ab19-00171d677714,1654,Shree Akanksha Hallmarking,"Ward No.27, Sneh Nagar Bldg., Near Balaghat HeadPost Office, Balaghat, Madhya Pradesh, 481001, BALAGHAT, BALAGHAT CITY, MADHYA PRADESH ,481001",MADHYA PRADESH,481001,HEADPOST OFFICE,BALAGHAT,HIGH,0.83,explicit DISTRICT/DISTT marker in address; city inferred from district-adjacent address token: HEADPOST OFFICE,False
39d0bd77-58d1-4aac-813d-bc86f7ae6aab,290,SIYARAM HALLMARKING CENTRE,"80, Bartalla Street, 5th FloorKolkata- 700007, KOLKATA, BARABAZAR, WEST BENGAL ,700007",WEST BENGAL,700007,5TH FLOOR,KOLKATA,HIGH,0.83,explicit DISTRICT/DISTT marker in address; city inferred from district-adjacent address token: 5TH FLOOR,False
002cf7ea-0ba3-40d5-b6df-47c666c0363e,308,GANPATI HALLMARKING PVT LTD,"38, BURTOLLA STREET, 1ST FLOOR,KOLKATA - 700007, KOLKATA, BOWBAZAR (KOLKATA), WEST BENGAL ,700007",WEST BENGAL,700007,BO,KOLKATA,HIGH,0.83,explicit DISTRICT/DISTT marker in address; city inferred from district-adjacent address token: BO,False
53e8c9b5-d49d-4917-8e85-05a283f32bea,311,KOLKATA HALLMARKING CENTRE,"3 A, MADHO KISTO SETH LANE, 4TH & 5TH FLOORNEAR KALAKAR STREET, KOLKATA- 700007, KOLKATA, BARABAZAR, WEST BENGAL ,700007",WEST BENGAL,700007,BARABAZAR,KOLKATA,HIGH,0.83,explicit DISTRICT/DISTT marker in address; city inferred from district-adjacent address token: BARABAZAR,False
a9ea1ac8-5343-4a6f-8807-cb3a0a3a9883,328,Prince Hallmarking and Refinery Private Limited,"79 , MONOHAR DAS STREET , 2ND FLOOR , SONAPATTY ,BURRABAZAR, KOLKATA, BARABAZAR, WEST BENGAL ,700007",WEST BENGAL,700007,BURRABAZAR,KOLKATA,HIGH,0.83,explicit DISTRICT/DISTT marker in address; city inferred from district-adjacent address token: BURRABAZAR,False
26982cd4-b26f-4ffb-8488-ed3c4499787f,341,M S HALLMARKING PVT LTD,"52 NALINI SETH ROAD,SONAPATTY,BURRA BAZARDO, KOLKATA, BARABAZAR, WEST BENGAL ,700007",WEST BENGAL,700007,BURRA BAZARDO,KOLKATA,HIGH,0.83,explicit DISTRICT/DISTT marker in address; city inferred from district-adjacent address token: BURRA BAZARDO,False
7550ded8-fd96-4b09-b197-4f5549b75ac3,358,SUPREME HALLMARKING LLP,"13B, DIGAMBAR JAIN TEMPLE ROAD, 6TH FLOORKOLKATA- 700007, KOLKATA, KOLKATA, WEST BENGAL ,700007",WEST BENGAL,700007,6TH FLOOR,KOLKATA,HIGH,0.83,explicit DISTRICT/DISTT marker in address; city inferred from district-adjacent address token: 6TH FLOOR,False
6ed4c4a8-30a9-48a0-a690-e9ba8b5be151,371,RAVI HALLMARKING AND ASSAY CENTER,"19 BYYSACK STREET 2ND FLOOR SUITE 2, KOLKATA, KALAKAR STREET, WEST BENGAL ,700007",WEST BENGAL,700007,,KOLKATA,MEDIUM,0.55,explicit DISTRICT/DISTT marker in address,True
de273659-68a1-42e8-83a4-e2d34dfa35d1,381,Shree Ganesh Assaying & Hallmarking Centre,"14, Hanspukur first lane first floorNear marwari balika vidhyalaya, KOLKATA, BARABAZAR, WEST BENGAL ,700007",WEST BENGAL,700007,HANSPUKUR FIRST LANE FIRST FLOORNEAR MARWARI BALIKA VIDHYALAYA,KOLKATA,HIGH,0.83,explicit DISTRICT/DISTT marker in address; city inferred from district-adjacent address token: HANSPUKUR FIRST LANE FIRST FLOORNEAR MARWARI BALIKA VIDHYALAYA,False
b2cae3f0-7bc6-468e-9bad-aeeb0e3d0f13,408,NEW SIYARAM HALLMARKING CENTRE,"9, Munshi Sadruddin lane, Gr. Floor,NEAR M G ROAD METRO STATION, KOLKATA, KOLKATA, WEST BENGAL ,700007",WEST BENGAL,700007,GR FLOOR,KOLKATA,HIGH,0.83,explicit DISTRICT/DISTT marker in address; city inferred from district-adjacent address token: GR FLOOR,False
e302f0ba-5bd9-40ea-a35f-d51347d3609a,441,Karat Hallmarking,"5,kannulal lane,1st floorBara bazar, KOLKATA, BARABAZAR, WEST BENGAL ,700007",WEST BENGAL,700007,BARABAZAR,KOLKATA,HIGH,0.83,explicit DISTRICT/DISTT marker in address; city inferred from district-adjacent address token: BARABAZAR,False
3f695c92-894e-40a3-924b-feaa0070926e,459,R K ASSAYING & HALLMARKING CENTRE,"1,KANNU LAL LANEBARABAZAR, KOLKATA, BARABAZAR, WEST BENGAL ,700007",WEST BENGAL,700007,KANNU LAL LANEBARABAZAR,KOLKATA,HIGH,0.83,explicit DISTRICT/DISTT marker in address; city inferred from district-adjacent address token: KANNU LAL LANEBARABAZAR,False
d206a710-2a48-4128-ada4-0b4162c36d25,468,GEETA HALLMARKING CENTRE,"SCHEME-XLII-BLOCK'A', P2,KALAKAR STREET,KOLKATA,, KOLKATA, KALAKAR STREET, WEST BENGAL ,700007",WEST BENGAL,700007,P2,KOLKATA,HIGH,0.83,explicit DISTRICT/DISTT marker in address; city inferred from district-adjacent address token: P2,False
7c42595f-1484-44d2-8ff5-58d5484b9906,473,KALIKA HALLMARKING & ASSAY CENTRE,"2/1 Kannu Lal Lane, Ground Floor, Burrabazar, KOLKATA, BARABAZAR, WEST BENGAL ,700007",WEST BENGAL,700007,BURRABAZAR,KOLKATA,HIGH,0.83,explicit DISTRICT/DISTT marker in address; city inferred from district-adjacent address token: BURRABAZAR,False
931224a8-fc71-441c-ba93-92fb7158b59b,478,VIRAT HALLMARKING CENTRE,"1st Floor40, Burtolla Street, Kolkata, KOLKATA, BARABAZAR, WEST BENGAL ,700007",WEST BENGAL,700007,BARABAZAR,KOLKATA,HIGH,0.83,explicit DISTRICT/DISTT marker in address; city inferred from district-adjacent address token: BARABAZAR,False
6dff4b5d-e2e2-4eb7-8635-7981f819453a,489,Prince Hallmarking and Refinery Pvt Ltd,"2, Narayan Prasad Babu Lane,(Entrance 24 No. Burtolla St.) Ground Floor, KOLKATA, BARABAZAR, WEST BENGAL ,700007",WEST BENGAL,700007,BARABAZAR,KOLKATA,HIGH,0.83,explicit DISTRICT/DISTT marker in address; city inferred from district-adjacent address token: BARABAZAR,False
8cfee576-6904-45e4-96e1-14bef3bd6e74,490,Kanak Hallmarking Centre,"18A, Maharshi Debendra Road,4th floor4th Floor, KOLKATA, BARABAZAR, WEST BENGAL ,700007",WEST BENGAL,700007,4TH FLOOR4TH FLOOR,KOLKATA,HIGH,0.83,explicit DISTRICT/DISTT marker in address; city inferred from district-adjacent address token: 4TH FLOOR4TH FLOOR,False
8d8e6f77-6f0e-420d-b7ea-54bfffda98a0,493,GOLD PLAZA HALLMARKING CENTER,"26 ADI BANSTALA LANE3RD FLOOR, KOLKATA, BARABAZAR, WEST BENGAL ,700007",WEST BENGAL,700007,26 ADI BANSTALA LANE3RD FLOOR,KOLKATA,HIGH,0.83,explicit DISTRICT/DISTT marker in address; city inferred from district-adjacent address token: 26 ADI BANSTALA LANE3RD FLOOR,False
015a5f47-dcda-4091-b0f8-4dabbd9d7567,494,SHREE NARAYAN HALLMARKING CENTER,"71, MANAHAR DAS ROADJORASANKO POLICE STATION, BARA BAZAR, KOLKATA, BARABAZAR, WEST BENGAL ,700007",WEST BENGAL,700007,BARABAZAR,KOLKATA,HIGH,0.83,explicit DISTRICT/DISTT marker in address; city inferred from district-adjacent address token: BARABAZAR,False
1473c859-d278-4c0c-a13c-d06f68bff8f4,497,STAR HALLMARKING CENTRE,"4TH FLOOR, 5 KANNULAL LANE, BURRABAZARKOLKATA, WEST BENGAL-700007, KOLKATA, BOWBAZAR (KOLKATA), WEST BENGAL ,700007",WEST BENGAL,700007,BO,KOLKATA,HIGH,0.83,explicit DISTRICT/DISTT marker in address; city inferred from district-adjacent address token: BO,False
398c7707-5000-433a-bbad-a7e1037fac99,291,JINDUTT HALLMARK CENTER,"SADAR BAZAR,1st Floor, AAPAPUR,GANDHI CHOWK, DURGGANDHI CHOWK, DURG, CHHATTISGARH, DURG, DURG, CHHATTISGARH ,419001",CHHATTISGARH,419001,,,LOW,0.1,No valid district in address or pincode lookup,True
d9caa8be-b91c-48cf-a487-2e1eb8bcd9a4,292,RAIPUR HALLMARKING CENTRE,"Baid Market, Mahavir Bhawan, Sadar Bazar RoadShri Bhagwan Adinath Shwetambar Jain Mandir, RAIPUR, RAIPUR, CHHATTISGARH ,492001",CHHATTISGARH,492001,,,LOW,0.1,No valid district in address or pincode lookup,True
83cf76d2-566e-42e4-b3a8-780f5f38b9e4,293,SHREE VINAYAKA HALLMARK,"114 HALWAI LINERAIPUR RAIPUR-492001, RAIPUR, RAIPUR, CHHATTISGARH ,492001",CHHATTISGARH,492001,,,LOW,0.1,No valid district in address or pincode lookup,True
55d9b99b-a352-4bb6-93b3-116f7aa51829,294,JHUMKA HALLMARKING AND ASSAYING CENTRE,"OM PLAZA SADAR BAZAR AYUSH JEWELLERSBUDHAPARA RAIPUR, RAIPUR, RAIPUR, CHHATTISGARH ,492001",CHHATTISGARH,492001,,,LOW,0.1,No valid district in address or pincode lookup,True
93869de9-1ce3-4fdb-bcb4-f67000066cd4,295,Akshay Hallmarking Centre,"2nd Floor, Laxmi Bhawan,Sadar Bazar,, RAIPUR, RAIPUR, CHHATTISGARH ,492001",CHHATTISGARH,492001,,,LOW,0.1,No valid district in address or pincode lookup,True
60ff833a-8c8f-47bb-bc85-fad180882f61,297,MAHAVEER ASSAYING AND HALLMARKING CENTRE,"01ST FLOOR, LAXMI TOWER, NO. 9/233, F 4 5 6SADAR BAZAR, NEAR SUN AND SUN JEWELLERS, RAIPUR, RAIPUR, CHHATTISGARH ,492001",CHHATTISGARH,492001,,,LOW,0.1,No valid district in address or pincode lookup,True
5cd4c146-0fcf-4c05-9cab-517a1df7ccdc,299,JH Hallmarking Centre Unit of Join Hands Enterprise Pvt Ltd,"RAJ TOWER , 2nd FloorPetha Line, Nayapara, RAIPUR, RAIPUR, CHHATTISGARH ,492001",CHHATTISGARH,492001,,,LOW,0.1,No valid district in address or pincode lookup,True
62763b0c-7112-46f3-8157-4576880bbc53,303,PRINCE HALLMARKING AND REFINERY PRIVATE LIMITED,"2nd Floor, Barkati Complex, Sadar Bazar, Halwai Li, RAIPUR, RAIPUR, CHHATTISGARH ,492001",CHHATTISGARH,492001,,,LOW,0.1,No valid district in address or pincode lookup,True
f56c01d3-cf21-4f52-88cd-efe7acc7df45,361,ABHUSHAN HALLMARK CENTRE,"Lakhe Bada, Behind 45/137, ln front of Jain MandirMandir,Sadar Baza,, RAIPUR, RAIPUR, CHHATTISGARH ,492001",CHHATTISGARH,492001,,,LOW,0.1,No valid district in address or pincode lookup,True
bc1e553a-6ed2-4642-a5c6-8f1adeafae93,379,CHHATTISGARH HALLMARKING CENTRE,"3rd-Floor, Manak Tower, Sader BazarEdward Road, Raipur, Chhattisgarh-492001, RAIPUR, RAIPUR, CHHATTISGARH ,492001",CHHATTISGARH,492001,,,LOW,0.1,No valid district in address or pincode lookup,True
b3b56562-1588-4af3-bab0-ae074d0c25e1,296,TRIPTI ASSAYING AND HALLMARKING CENTRE,"F 7 AND 8 SHRI SHYAM SADAR BAZAR,SARAFA COMPLEX MAIN ROAD,BILASPUR,PIN-495001, BILASPUR, BILASPUR, CHHATTISGARH ,495001",CHHATTISGARH,495001,,,LOW,0.1,No valid district in address or pincode lookup,True
de642c13-7300-48bc-9498-ae05599ab2e2,300,AP ASSAYING AND HALLMARKING CENTRE,"C/O SMT REM SHEELA GUPTAINFRONT OF DR MAYA DUBEY GONDPARA, BILASPUR, BILASPUR, CHHATTISGARH ,495001",CHHATTISGARH,495001,,,LOW,0.1,No valid district in address or pincode lookup,True
cc94a3e1-d093-4809-bb36-0afee1320c6e,298,SHRI MANIDHARI ASSAYING AND HALLMARKING CENTRE,"WARD NO. 38 , SHOP No.702 Chirag Plaza,WARD NO. 38 , SHOP No.702 Chirag Plaza,, RAJNANDGAON, RAJNANDGAON, CHHATTISGARH ,491441",CHHATTISGARH,491441,,,LOW,0.1,No valid district in address or pincode lookup,True
78b34ac5-7754-4f29-9f29-db1a1fc49ea0,301,SP HALLMARKING CENTER,"INFRONT OF NAGAR NIGAM COMPLEX, PLOT NO.993/2,IMALIPARA, Ambikapur, SURGUJA, AMBIKAPUR, CHHATTISGARH ,497001",CHHATTISGARH,497001,,,LOW,0.1,No valid district in address or pincode lookup,True
7883105d-e547-4778-9b66-c82400f4b526,302,SHREE SHANKAR HALLMARKING,"House No. 36,Ward No.32,Jain Gali,Bharamhan Para, DURG, DURG, CHHATTISGARH ,491001",CHHATTISGARH,491001,,,LOW,0.1,No valid district in address or pincode lookup,True
7bdb73f6-cd30-481e-baa4-1d4bd532ad02,304,ACE HALLMARKING SERVICES PVT LTD,"P-24A , NANIGOPAL ROYCHOWDHURY AVENUE, KOLKATA, KOLKATA, WEST BENGAL ,700014",WEST BENGAL,700014,NANIGOPAL ROYCHOWDHURY AVENUE,KOLKATA,HIGH,0.83,explicit DISTRICT/DISTT marker in address; city inferred from district-adjacent address token: NANIGOPAL ROYCHOWDHURY AVENUE,False
64b41a25-934d-4018-a5b7-b0081d13bc61,305,M/S.JAI MAA AMBAY HALLMARKING CENTRE,"HOLDING NO. 67/N,NACHAN ROAD,BENACHITY,DURGAPURDURGAPUR-713213, BARDHAMAN, , WEST BENGAL ,713213",WEST BENGAL,713213,,,LOW,0.1,No valid district in address or pincode lookup,True
4459898b-83c2-4fce-aa43-c01f57d6eabb,364,JAI MAA AMBAY HALLMARKING CENTRE,"NACHAN ROADBENACHITY, BARDHAMAN, DURGAPUR, WEST BENGAL ,713213",WEST BENGAL,713213,,,LOW,0.1,No valid district in address or pincode lookup,True
4ca24797-4f4b-46d4-99bc-2a7388803f05,416,Sree Ganapati Hallmarking Centre,"Ruma Sweets Building, Nachan Road, Benachity,Durgapur, Paschim Bardhaman, BARDHAMAN, DURGAPUR, WEST BENGAL ,713213",WEST BENGAL,713213,DURGAPUR,PASCHIM BARDHAMAN,HIGH,0.83,explicit DISTRICT/DISTT marker in address; city inferred from district-adjacent address token: DURGAPUR,False
cb3a8a0d-5b1d-448d-b992-1ec71b854693,306,G N HALLMARKINGS BHUBANESWAR,"172, KHARVEL NAGARBHUBANESWAR - 751001, KHORDHA, BHUBANESWAR G.P.O., ODISHA ,751001",ODISHA,751001,KHARVEL NAGARBHUBANESWAR 751001,KHORDHA,HIGH,0.83,explicit DISTRICT/DISTT marker in address; city inferred from district-adjacent address token: KHARVEL NAGARBHUBANESWAR 751001,False
eafa8710-746e-4b0f-aa8a-011382c7a763,375,NAKODA HALLMARKING CENTRE,"PLOT-L,UNIT 3,JANPATHA,KHARVEL NAGAR,BHUBANESWAR, KHORDHA, KHARAVELA NAGAR, ODISHA ,751001",ODISHA,751001,BHUBANESWAR,KHORDHA,HIGH,0.83,explicit DISTRICT/DISTT marker in address; city inferred from district-adjacent address token: BHUBANESWAR,False
d86b834b-b28d-482e-9ca4-5a5f198a1338,399,B P HALLMARKING CENTER,"A/45, KHARVEL NAGAR, UNIT 3,, KHORDHA, BHUBANESWAR G.P.O., ODISHA ,751001",ODISHA,751001,UNIT 3,KHORDHA,HIGH,0.83,explicit DISTRICT/DISTT marker in address; city inferred from district-adjacent address token: UNIT 3,False
e4f46197-9cfd-4549-a36e-8f5030542e7c,307,Rahul Hallmarking Centre,"11,Fern Road, KOLKATA, BALLYGUNGE, WEST BENGAL ,700019",WEST BENGAL,700019,BALLYGUNGE,KOLKATA,HIGH,0.83,explicit DISTRICT/DISTT marker in address; city inferred from district-adjacent address token: BALLYGUNGE,False
7aa4f8b2-4fbf-4301-a5e9-70032bfcbaad,322,PRINCE HALLMARKING CENTRE GARIAHAT,"1A, EKDALIAPLACE, 1ST FLOORGARIAHAT, KOLKATA - 700019, KOLKATA, KOLKATA, WEST BENGAL ,700019",WEST BENGAL,700019,1ST FLOORGARIAHAT,KOLKATA,HIGH,0.83,explicit DISTRICT/DISTT marker in address; city inferred from district-adjacent address token: 1ST FLOORGARIAHAT,False
c2cd4118-1631-4591-a117-cd964076c3eb,390,SUNIL HALLMARKING CENTRE,"195/1 RASH BEHARI AVENUE, KOLKATA, GARIAHAT MARKET, WEST BENGAL ,700019",WEST BENGAL,700019,1 RASH BEHARI AVENUE,KOLKATA,HIGH,0.83,explicit DISTRICT/DISTT marker in address; city inferred from district-adjacent address token: 1 RASH BEHARI AVENUE,False
1d418c65-2520-46d6-8da6-90945f0871f5,470,SITARAM HALLMARKING CENTRE,"4/2, FERN ROAD, KOLKATA, BALLYGUNGE, WEST BENGAL ,700019",WEST BENGAL,700019,BALLYGUNGE,KOLKATA,HIGH,0.83,explicit DISTRICT/DISTT marker in address; city inferred from district-adjacent address token: BALLYGUNGE,False
39f3fa1f-76db-46b2-a44e-eff169e585ee,485,PATIL HALLMARKING CENTRE,"220A, RASH BEHARI AVENUE, KOLKATA, GARIAHAT MARKET, WEST BENGAL ,700019",WEST BENGAL,700019,RASH BEHARI AVENUE,KOLKATA,HIGH,0.83,explicit DISTRICT/DISTT marker in address; city inferred from district-adjacent address token: RASH BEHARI AVENUE,False
2f0c9aad-7071-4fc5-b112-24eba717aaf9,309,MAA LAXMI BULLION PRIVATE LIMITED,"RAGHUNATH COMMERCIAL COMPLEX ,1st FLOOR20 DR. R.C BANERJEE LANE, ASANSOL, BARDHAMAN, ASANSOL, WEST BENGAL ,713301",WEST BENGAL,713301,,,LOW,0.1,No valid district in address or pincode lookup,True
3f73e635-0bca-4e58-846d-d3cd86c999d0,385,ASANSOL HALLMARKING CENTRE,"121/44/C DR R.C. Banerjee LaneGhanty Gali, BARDHAMAN, ASANSOL, WEST BENGAL ,713301",WEST BENGAL,713301,,,LOW,0.1,No valid district in address or pincode lookup,True
1f9b680d-e5cc-4894-b6ac-342701fc4d7c,432,Balajee Hallmarking Centre,"136/45/40, 1st floorDr. R.C. Banerjee lane, BARDHAMAN, ASANSOL, WEST BENGAL ,713301",WEST BENGAL,713301,,,LOW,0.1,No valid district in address or pincode lookup,True
04a47935-d63e-4ede-9d41-61fc627c9266,310,PRADYUT HALLMARKING CENTRE,"VILL: PATNABAZAR, HOLDING NO: 426/0339,MIRZABAZAR MOHALLA, P.O: MIDNAPUR, PASCHIM MEDINIPUR, MIDNAPORE, WEST BENGAL ,721101",WEST BENGAL,721101,P O MIDNAPUR,PASCHIM MEDINIPUR,HIGH,0.83,explicit DISTRICT/DISTT marker in address; city inferred from district-adjacent address token: P O MIDNAPUR,False
59fa01e0-8adb-438b-9d31-8807d7449bbe,532,MAA DURGA HALLMARKING CENTRE,"NEAR BANDHAN LODGE DAKSHINPARABOXIBAZAR MIDNAPORE, PASCHIM MEDINIPUR, MIDNAPORE, WEST BENGAL ,721101",WEST BENGAL,721101,BANDHAN LODGE DAKSHINPARABOXIBAZAR MIDNAPORE,PASCHIM MEDINIPUR,HIGH,0.83,explicit DISTRICT/DISTT marker in address; city inferred from district-adjacent address token: BANDHAN LODGE DAKSHINPARABOXIBAZAR MIDNAPORE,False
98acb17c-51d8-4ae3-969f-18a0806b321f,312,QUALITY ASSAY & HALLMARKING CENTRE PRIVATE LIMITED,"1st Floor, Office No.6, CFB BUILDINGGems And Jewellery park,Howrah, West Bengal-711409, HOWRAH, HOWRAH, WEST BENGAL ,711409",WEST BENGAL,711409,CFB BUILDINGGEMS AND JEWELLERY PARK,HOWRAH,HIGH,0.83,explicit DISTRICT/DISTT marker in address; city inferred from district-adjacent address token: CFB BUILDINGGEMS AND JEWELLERY PARK,False
0728b3f8-6409-498b-9bff-9ba6abbff564,455,BOMBAY ASSAY COMPANY,"No GJB 3C6 3rd Floor of SDF B BlockGems and Jewellery Park, Ankurhati, HOWRAH, HOWRAH, WEST BENGAL ,711409",WEST BENGAL,711409,ANKURHATI,HOWRAH,HIGH,0.83,explicit DISTRICT/DISTT marker in address; city inferred from district-adjacent address token: ANKURHATI,False
6eae36c3-0311-487d-9893-401f96f3a1c3,509,BOMBAY ASSAY COMPANY,"Unit II, No GJB 3C5, 3rd floor of SDF B Block,Gems and Jewellery Park Ankurhati, HOWRAH, DOMJUR, WEST BENGAL ,711409",WEST BENGAL,711409,GEMS AND JEWELLERY PARK ANKURHATI,HOWRAH,HIGH,0.83,explicit DISTRICT/DISTT marker in address; city inferred from district-adjacent address token: GEMS AND JEWELLERY PARK ANKURHATI,False
239b05e7-c015-44fd-acc4-9cc79294f25b,313,Nakoda Hallmarking Centre,"Mehta House, Gulab Bag MarketThakur Wari road , Kadam Kuan, PATNA, KADAMKUAN, BIHAR ,800004",BIHAR,800004,KADAM KUAN,PATNA,HIGH,0.83,explicit DISTRICT/DISTT marker in address; city inferred from district-adjacent address token: KADAM KUAN,False
e59b7bfe-fd02-473b-a35a-b74ea0aea610,336,S R HALLMARKING CENTER,"SHOP NO.15,16 & 17 3RD FLOOR DUNDA SHAHI COMPLEX(OLD RUPAK CINEMA HALL) BAKERGANJ PATNA, PATNA, PATNA COLLECTORIATE, BIHAR ,800004",BIHAR,800004,16 & 17 3RD FLOOR DUNDA SHAHI COMPLEX OLD RUPAK CINEMA HALL BAKERGANJ,PATNA,HIGH,0.83,explicit DISTRICT/DISTT marker in address; city inferred from district-adjacent address token: 16 & 17 3RD FLOOR DUNDA SHAHI COMPLEX OLD RUPAK CINEMA HALL BAKERGANJ,False
d8e54b41-a69c-42f5-8c10-3be35793127a,340,SHREE SIDDHNATH HALLMARKING CENTRE,"Kalamanch , BakerganjBari Road , Patna, PATNA, PATNA COLLECTORIATE, BIHAR ,800004",BIHAR,800004,COLLECTORIATE,PATNA,HIGH,0.83,explicit DISTRICT/DISTT marker in address; city inferred from district-adjacent address token: COLLECTORIATE,False
1bf1c4ae-0c6f-4bc7-865b-20ff869995f4,342,SG ASSAYING & HALLMARKING CENTRE,"SHOP NO. 13, DUNDA SHAHI COMPLEX, GROUND FLOOR, BPATNA (BIHAR) - 800004, PATNA, PATNA CITY, BIHAR ,800004",BIHAR,800004,B,PATNA,HIGH,0.83,explicit DISTRICT/DISTT marker in address; city inferred from district-adjacent address token: B,False
2ee4639e-5db2-4a81-bf5c-652d2792b998,351,RIDDHI SIDDHI HALMARKING &BULLION PVT LTD,"SHOP NO G-10DUNDA SHAHI COMPLEX BAKERGANJ, PATNA, PATNA COLLECTORIATE, BIHAR ,800004",BIHAR,800004,G 10DUNDA SHAHI COMPLEX BAKERGANJ,PATNA,HIGH,0.83,explicit DISTRICT/DISTT marker in address; city inferred from district-adjacent address token: G 10DUNDA SHAHI COMPLEX BAKERGANJ,False
68abc879-cb40-4e44-a7a5-f62de9c41f9a,352,PATNA HALLMARKING CENTRE,"SHOP NO.- 1, LOWER GROUND FLOOR, BARI PATHVISION RUPAK COMMERCIAL COMPLEX, BAKERGANJ,, PATNA, BANKIPORE, BIHAR ,800004",BIHAR,800004,BAKERGANJ,PATNA,HIGH,0.83,explicit DISTRICT/DISTT marker in address; city inferred from district-adjacent address token: BAKERGANJ,False
226bebcd-c01b-4a98-a8a1-bd1fe876231c,376,SHIVANAND HALLMARKING AND ASSAYING CENTRE,"2ND FLOOR H NO 112A/65 CIRCLE NO. 13WARD NO. 38, BAKERGANJ, BARIPATH,, PATNA, PATNA COLLECTORIATE, BIHAR ,800004",BIHAR,800004,BARIPATH,PATNA,HIGH,0.83,explicit DISTRICT/DISTT marker in address; city inferred from district-adjacent address token: BARIPATH,False
d08caafe-84e7-46ad-8598-2f48d8c224e2,411,SRI BHRIGU HALLMARKING & ASSAYING CENTRE,"VISION RUPAK BAKERGANJ BARIPATH PATNA 800004SHOP NO.2 BASEMENT,VISION RUPAK COMMERCIAL COMPLEX, PATNA, BANKIPORE, BIHAR ,800004",BIHAR,800004,VISION RUPAK COMMERCIAL COMPLEX,PATNA,HIGH,0.83,explicit DISTRICT/DISTT marker in address; city inferred from district-adjacent address token: VISION RUPAK COMMERCIAL COMPLEX,False
56bf2bc1-7161-4c20-8c17-f3e7c621666f,428,R B R HALLMARKING CENTRE,"1ST & 2ND FLOOR, NAGESWAR COLONY,BAKARGANJ, PATNA 800004, PATNA, PATNA CITY, BIHAR ,800004",BIHAR,800004,BAKARGANJ,PATNA,HIGH,0.83,explicit DISTRICT/DISTT marker in address; city inferred from district-adjacent address token: BAKARGANJ,False
f2d3874f-8122-4f9f-a4cb-54d4b4e6edb7,632,G N HALLMARKINGS,"DHIRAJ NIWAS, NAGESHWAR COLONY,BAKERGANJ, PATNA, PATNA COLLECTORIATE, BIHAR ,800004",BIHAR,800004,BAKERGANJ,PATNA,HIGH,0.83,explicit DISTRICT/DISTT marker in address; city inferred from district-adjacent address token: BAKERGANJ,False
10f17ea8-9b6b-4b83-a491-0b606cec64b4,635,DIAMOND STANDARD HALLMARKING CENTRE,"DS COMPLEX - 5th FLOOR, BAKARGANG ROAD, BAKARGANG, PATNA, KADAMKUAN, BIHAR ,800004",BIHAR,800004,BAKARGANG,PATNA,HIGH,0.83,explicit DISTRICT/DISTT marker in address; city inferred from district-adjacent address token: BAKARGANG,False
5d5cb15b-5a5f-416b-bd3e-c0e93bc764e2,636,SHRI BALA JE HALLMARKING & TUNCH CENTRE,"4th FLOOR, DUNDA SAHI COMPLEX, BAKERGANJ, BARIPATHDunda sahi complex, PATNA, BANKIPORE, BIHAR ,800004",BIHAR,800004,BARIPATHDUNDA SAHI COMPLEX,PATNA,HIGH,0.83,explicit DISTRICT/DISTT marker in address; city inferred from district-adjacent address token: BARIPATHDUNDA SAHI COMPLEX,False
710b8084-3757-4ac3-a6f5-3a435465524c,638,R K HALLMARKING CENTRE,"POONAM COMPLEXBAKERGANJ, BARIPATH, PATNA, PATNA CITY, BIHAR ,800004",BIHAR,800004,BARIPATH,PATNA,HIGH,0.83,explicit DISTRICT/DISTT marker in address; city inferred from district-adjacent address token: BARIPATH,False
e5b1c581-af48-4d92-92ed-e04b60b3a302,639,JAY SHREE KRISHNA HALLMARKING CENTER,"4th Floor, Shop No-F/7,Dundasahi ComplexBakarganj Road, PATNA, KADAMKUAN, BIHAR ,800004",BIHAR,800004,KADAMKUAN,PATNA,HIGH,0.83,explicit DISTRICT/DISTT marker in address; city inferred from district-adjacent address token: KADAMKUAN,False
032e127f-3579-4a3c-958d-361110f3872c,314,PRINCE HALLMARKING CENTRE,"17/2 SHAMBHU NATH DAS LANE, GROUND FLOORBARANAGAR, KOLKATA- 700050, NORTH 24 PARGANAS, NOAPARA (NORTH 24 PARGANAS), WEST BENGAL ,700050",WEST BENGAL,700050,NOAPARA,NORTH 24 PARGANAS,HIGH,0.83,explicit DISTRICT/DISTT marker in address; city inferred from district-adjacent address token: NOAPARA,False
d64bfbf4-0fe2-450d-842a-5d52402769ab,363,PRINCE HALLMARKING AND REFINERY PVT LTD,"69/3/3,MONDALPARA LANE,BARANAGAR,KOLKATA-700090, NORTH 24 PARGANAS, NOAPARA (NORTH 24 PARGANAS), WEST BENGAL ,700090 OSC Address: 20, SWADHIN PALLY,SINTHI, NORTH 24 PARGANAS, SINDRANI, WEST BENGAL, 700050",WEST BENGAL,700050,NOAPARA,NORTH 24 PARGANAS,HIGH,0.83,explicit DISTRICT/DISTT marker in address; city inferred from district-adjacent address token: NOAPARA,False
fa0b1d78-27c8-44e7-a142-35c356dae836,315,M S HALLMARK CENTRE,"40/42/42 B S ROAD,OPP.DURGA MANDIR,P.S & P.O.-ENGLISH BAZAR, MALDAH, MALDA, WEST BENGAL ,732101",WEST BENGAL,732101,H,MALDA,HIGH,0.83,explicit DISTRICT/DISTT marker in address; city inferred from district-adjacent address token: H,False
98ade553-27cf-4e35-a228-dd598b28fb5f,420,SRI GANESH HALLMARKING CENTRE,"28/65(B)/25, B S ROADPOST: MALDA, PS: ENGLISH BAZAR, MALDAH, MALDA, WEST BENGAL ,732101",WEST BENGAL,732101,H,MALDA,HIGH,0.83,explicit DISTRICT/DISTT marker in address; city inferred from district-adjacent address token: H,False
55e57e9b-810d-4477-9125-8fd7bdbbde84,538,SRB HALLMARKING AND ASSAYING CENTRE,"36/34/38B. S ROAD , EBM, WARD NO-11, MALDAH, , WEST BENGAL ,732101",WEST BENGAL,732101,,,LOW,0.1,No valid district in address or pincode lookup,True
7b3e1fa4-d37c-48d4-b1af-43528e0f4faa,542,BALAJI HALLMARKING CENTRE,"WARD NO.16 HOLDING NO. 6/(A) B S ROADPOST: MALDA, PS: ENGLISH BAZAR, MALDAH, MALDA, WEST BENGAL ,732101",WEST BENGAL,732101,H,MALDA,HIGH,0.83,explicit DISTRICT/DISTT marker in address; city inferred from district-adjacent address token: H,False
cb5c353a-4dfd-43b1-b878-185b027d861f,316,NADIA ASSAYING & HALLMARKING CENTRE,"42,Subhash Avenue Bye Lane ,1st Floor New Market,Ranaghat, Nadia,Pin-741201, West Bengal, NADIA, RANAGHAT, WEST BENGAL ,741201",WEST BENGAL,741201,RANAGHAT,NADIA,HIGH,0.83,explicit DISTRICT/DISTT marker in address; city inferred from district-adjacent address token: RANAGHAT,False
3ee94031-0435-4272-8233-de49e0867b0d,388,SATYAM HALLMARK AND ASSAYING CENTRE,"39, SUBHAS AVENUE, RANAGHATNADIA (W.B.) - 741201, NADIA, RANAGHAT, WEST BENGAL ,741201",WEST BENGAL,741201,RANAGHAT,NADIA,HIGH,0.83,explicit DISTRICT/DISTT marker in address; city inferred from district-adjacent address token: RANAGHAT,False
7227f4a0-bbc8-4fa0-9f38-dd8b99b3a739,401,Anima Hallmarking and Assaying Centre,"1st floor,33 G.N.P.C RoadJadunath Market, Rail Bazar,Ward no 05, NADIA, RANAGHAT, WEST BENGAL ,741201",WEST BENGAL,741201,RANAGHAT,NADIA,HIGH,0.83,explicit DISTRICT/DISTT marker in address; city inferred from district-adjacent address token: RANAGHAT,False
53c7525b-95bb-4294-b7f0-abbd28aaf1a3,317,NADIA ASSAYING & HALLMARKING CENTRE,"42,Subhash Avenue Bye Lane ,1st Floor New Market,Ranaghat, Nadia,Pin-741201, West Bengal, NADIA, RANAGHAT, WEST BENGAL ,741201 OSC Address: Bethuadahari,Nakashipara,Nadia, NADIA, BETHUADAHARI, WEST BENGAL, 741126",WEST BENGAL,741126,RANAGHAT,NADIA,HIGH,0.83,explicit DISTRICT/DISTT marker in address; city inferred from district-adjacent address token: RANAGHAT,False
77a088c6-e3f8-4173-be46-f536aa030af9,585,BURIMA HALLMARKING CENTRE,"BISWAMBHAR ROY, BAHADUR ROAD, NADIA, KRISHNANAGAR, WEST BENGAL ,741101 OSC Address: Ward No- 81, Patuli Road,Fultala, P.O. & P.S., NADIA, BETHUADAHARI, WEST BENGAL, 741126",WEST BENGAL,741126,KRISHNANAGAR,NADIA,HIGH,0.83,explicit DISTRICT/DISTT marker in address; city inferred from district-adjacent address token: KRISHNANAGAR,False
071964c0-6c49-44d4-916e-bdd55322925f,318,SRI CHAKRA HALLMARKING,"KAMALABALA STREETNEAR VENKETSWARA TEMPLE, GANJAM, BERHAMPUR CITY, ODISHA ,760001",ODISHA,760001,KAMALABALA STREETNEAR VENKETSWARA TEMPLE,GANJAM,HIGH,0.83,explicit DISTRICT/DISTT marker in address; city inferred from district-adjacent address token: KAMALABALA STREETNEAR VENKETSWARA TEMPLE,False
55c342f5-2d18-4dbf-8ad8-661e96af0ca0,319,SANATANI HALLMARK CENTRE,"WARD NO-13, PARBATIIPUR, TAMLUK, PURBA MEDINIPURPURBA MEDINIPUR- 721636, PURBA MEDINIPUR, TAMLUK, WEST BENGAL ,721636",WEST BENGAL,721636,PURBA MEDINIPUR 721636,PURBA MEDINIPUR,HIGH,0.83,explicit DISTRICT/DISTT marker in address; city inferred from district-adjacent address token: PURBA MEDINIPUR 721636,False
17bf6478-8d94-4cc9-ad5b-73ee1dbf8085,369,NEW RURAL HALLMARKING CENTRE,"PREMISES NO.-293,WARD NO.-13,PARBATIPUR,TAMLUK,DIST.-PURBA MEDINIPUR,(W.B)- 721636, PURBA MEDINIPUR, TAMLUK, WEST BENGAL ,721636",WEST BENGAL,721636,W B 721636,PURBA MEDINIPUR,HIGH,0.83,explicit DISTRICT/DISTT marker in address; city inferred from district-adjacent address token: W B 721636,False
c215fd65-4d8f-495a-95bf-27efb40dd9e4,525,GM HALLMARKING CENTRE,"854/A PARBATI PUR SUB POST OFFICE PARBATIPUR TALUK, PURBA MEDINIPUR, TAMLUK, WEST BENGAL ,721636",WEST BENGAL,721636,A PARBATI PUR SUB POST OFFICE PARBATIPUR TALUK,PURBA MEDINIPUR,HIGH,0.83,explicit DISTRICT/DISTT marker in address; city inferred from district-adjacent address token: A PARBATI PUR SUB POST OFFICE PARBATIPUR TALUK,False
fa3cc0ed-31b6-4308-9d0a-92e5b26f2bb9,320,G N HALLMARKING CENTRE,"2ND FLOOR, 171, BB GANGULY STREETKOLKATA- 700012, KOLKATA, BOWBAZAR (KOLKATA), WEST BENGAL ,700012",WEST BENGAL,700012,BO,KOLKATA,HIGH,0.83,explicit DISTRICT/DISTT marker in address; city inferred from district-adjacent address token: BO,False
9d696b68-b994-412b-8daf-66f728f6763b,392,BASANT HALLMARKING CENTRE,"36 A , NABIN CHAND LANEKOLKATA, KOLKATA, KOLKATA, WEST BENGAL ,700012",WEST BENGAL,700012,NABIN CHAND LANE,KOLKATA,HIGH,0.83,explicit DISTRICT/DISTT marker in address; city inferred from district-adjacent address token: NABIN CHAND LANE,False
51af5df5-8ad0-40f5-a19c-255e9bc43e17,394,MAKALI HALLMARKING CENTRE,"30, CHUNAPUKUR LANE, Bow BazarKolkata, Kolkata, West Bengal, 700012, KOLKATA, BOWBAZAR (KOLKATA), WEST BENGAL ,700012",WEST BENGAL,700012,BO,KOLKATA,HIGH,0.83,explicit DISTRICT/DISTT marker in address; city inferred from district-adjacent address token: BO,False
7bde98c6-c39a-4b10-81a1-b5fafcae7cca,402,TARAKNATH HALL MARKING CENTRE,"25A,CHUNAPUKUR LANE,KOLKATA-700012, KOLKATA, BOWBAZAR (KOLKATA), WEST BENGAL ,700012",WEST BENGAL,700012,BO,KOLKATA,HIGH,0.83,explicit DISTRICT/DISTT marker in address; city inferred from district-adjacent address token: BO,False
a8f55826-8730-4bcc-b89f-0512449db29d,427,SHYAMA HALLMARKING CENTRE,"32 SASHI BHUSAN DEY STREET,KOLKATA-700012, KOLKATA, BOWBAZAR (KOLKATA), WEST BENGAL ,700012",WEST BENGAL,700012,BO,KOLKATA,HIGH,0.83,explicit DISTRICT/DISTT marker in address; city inferred from district-adjacent address token: BO,False
b1b3e3a1-87c4-4aec-9cbd-0b8cb3024a4d,448,BALAJI HALLMARKING & ASSAYING CENTRE,"2C,REFUGEE LANE,BOWBAZAR,KOLKATA,WEST BENGAL700012, KOLKATA, BOWBAZAR (KOLKATA), WEST BENGAL ,700012",WEST BENGAL,700012,BO,KOLKATA,HIGH,0.83,explicit DISTRICT/DISTT marker in address; city inferred from district-adjacent address token: BO,False
b4416c87-e37e-4c40-873e-182fd77b0fa7,461,R N HALLMARKING,"12/1 SAKARA PARA LANE, KOLKATA, BOWBAZAR (KOLKATA), WEST BENGAL ,700012",WEST BENGAL,700012,BO,KOLKATA,HIGH,0.83,explicit DISTRICT/DISTT marker in address; city inferred from district-adjacent address token: BO,False
1ea16201-299d-4ef8-a017-28e8dfb691d6,463,Vijay Hallmarking,"202/C, Bipin Behari Ganguly Street, KOLKATA, BOWBAZAR (KOLKATA), WEST BENGAL ,700012",WEST BENGAL,700012,BO,KOLKATA,HIGH,0.83,explicit DISTRICT/DISTT marker in address; city inferred from district-adjacent address token: BO,False
d7f30117-0df6-4835-bde4-254e9d57b775,467,PAWAR HALLMARKING LLP,"1st Floor,172,B.B.Ganguly StreetKolkata, PIN-700012, KOLKATA, BOWBAZAR (KOLKATA), WEST BENGAL ,700012",WEST BENGAL,700012,PIN 700012,KOLKATA,HIGH,0.83,explicit DISTRICT/DISTT marker in address; city inferred from district-adjacent address token: PIN 700012,False
40d30afa-a7a0-4aa1-83e8-3c9870c0b6f3,479,ROYAL HALLMARKING,"7/1/1, Gour Dey Lane,Bowbazar,, KOLKATA, BOWBAZAR (KOLKATA), WEST BENGAL ,700012",WEST BENGAL,700012,BO,KOLKATA,HIGH,0.83,explicit DISTRICT/DISTT marker in address; city inferred from district-adjacent address token: BO,False
f7e3f71f-dcab-4c7f-b698-c5acf1b344f4,481,SIDHNATH HALLMARKING CENTRE,"172, B B GANGULY STREETROMM NO 133,, KOLKATA, BOWBAZAR (KOLKATA), WEST BENGAL ,700012",WEST BENGAL,700012,BO,KOLKATA,HIGH,0.83,explicit DISTRICT/DISTT marker in address; city inferred from district-adjacent address token: BO,False
e399d2c3-d8ef-4de3-8f60-68a0ee526725,484,PRINCE HALLMARKING & REFINERY PVT LTD,"194 BEPIN BEHARY GANGULY STREETBOWBAZAR ,KOLKATA -700012 ,WEST BENGAL ., KOLKATA, BOWBAZAR (KOLKATA), WEST BENGAL ,700012",WEST BENGAL,700012,BO,KOLKATA,HIGH,0.83,explicit DISTRICT/DISTT marker in address; city inferred from district-adjacent address token: BO,False
f8d3a82b-d9c2-41ef-8cd4-952f872c3d75,491,JAI MATADI HALLMARKING AND ASSAYING CENTRE,"49A 125A & BBEPIN BEHARY GANGULY STREET BOW BAZAR, KOLKATA, BOWBAZAR (KOLKATA), WEST BENGAL ,700012",WEST BENGAL,700012,BO,KOLKATA,HIGH,0.83,explicit DISTRICT/DISTT marker in address; city inferred from district-adjacent address token: BO,False
34b5e1bf-2d6c-4d62-9c3c-b0d412e4027d,496,P M HALLMARKING & ASSAYING CENTRE,"1st floor, 6 natabar dutta row, kolkata1st floor, 6 natabar dutta row, kolkata, KOLKATA, BOWBAZAR (KOLKATA), WEST BENGAL ,700012",WEST BENGAL,700012,BO,KOLKATA,HIGH,0.83,explicit DISTRICT/DISTT marker in address; city inferred from district-adjacent address token: BO,False
ac0bae58-de79-445b-a45e-7573e0ca3c8d,321,PRINCE HALLMARKING CENTRE BARASAT,"25/1, K.B. BASU ROAD, 1ST FLOOR, BARASAT, NORTH 24 PARGANAS, BARASAT, WEST BENGAL ,700124",WEST BENGAL,700124,BARASAT,NORTH 24 PARGANAS,HIGH,0.83,explicit DISTRICT/DISTT marker in address; city inferred from district-adjacent address token: BARASAT,False
e2b43b68-fefc-4ee2-a33c-ee8732f79054,436,SRIHARI ASSAYING AND HALLMARKING CENTRE,"01ST FLOOR, 47/1 K B BASU ROAD, GOBINDA BARACKBARASAT, NORTH 24 PARGANAS, BARASAT, WEST BENGAL ,700124",WEST BENGAL,700124,GOBINDA BARACKBARASAT,NORTH 24 PARGANAS,HIGH,0.83,explicit DISTRICT/DISTT marker in address; city inferred from district-adjacent address token: GOBINDA BARACKBARASAT,False
4550321c-b1d9-464d-a4a5-54ef09228ae9,475,Barasat Hallmarking And Refinery A Unit Of S J gold Services LLP,"K.B.Basu Road,barasat, NORTH 24 PARGANAS, BARASAT, WEST BENGAL ,700124",WEST BENGAL,700124,BARASAT,NORTH 24 PARGANAS,HIGH,0.83,explicit DISTRICT/DISTT marker in address; city inferred from district-adjacent address token: BARASAT,False
494ec642-4e34-4b48-ac5a-ea4fae227e79,323,S K ASSAY AND HALLMARKING CENTRE,"2nd Floor, Shanti Kunj, Shanti Bhawan , Bank More, DHANBAD, DHANBAD, JHARKHAND ,826001",JHARKHAND,826001,,,LOW,0.1,No valid district in address or pincode lookup,True
b81c425c-0b14-4819-81b4-081830f96c5a,374,M/s- BALAJEE HALLMARKING CENTRE,"309, INDUSTRY HOUSE, 3RD FLOOR, BANK MOREDHANBAD- 826001, DHANBAD, DHANBAD, JHARKHAND ,826001",JHARKHAND,826001,,,LOW,0.1,No valid district in address or pincode lookup,True
bd0d077e-e739-4247-8859-cfeb51577c54,643,BALAJEE HALLMARKING CENTRE,"3RD FLOOR, ROOM NO 309INDUSTRY HOUSE, DHANBAD, DHANBAD, DHANBAD, JHARKHAND ,826001",JHARKHAND,826001,,,LOW,0.1,No valid district in address or pincode lookup,True
74902800-368b-4334-b8be-4246a1534794,645,S P ASSAYING & HALLMARKING CENTRE,"FIRST FLOOR, SPACE NO.-103, SHANTI BHAWANMAIN BUILDING, BANK MORE, DHANBAD, DHANBAD, JHARKHAND ,826001",JHARKHAND,826001,,,LOW,0.1,No valid district in address or pincode lookup,True
caaf68ba-7cc5-4985-9bee-bcbe6541f1a8,649,S S R HALLMARKING CENTRE,"Bank More, 2nd Floor, Jbs Complex 2nd FloorS Complex, Bank More, Bank More, Dhanbad,, DHANBAD, DHANBAD, JHARKHAND ,826001",JHARKHAND,826001,,,LOW,0.1,No valid district in address or pincode lookup,True
b19851ce-5034-40f2-9391-21517b08eabc,324,Kamakhya Hallmarking Private Limited,"West Side of PondSantipara, WEST TRIPURA, AGARTALA, TRIPURA ,799001",TRIPURA,799001,,,LOW,0.1,No valid district in address or pincode lookup,True
0e6538b0-b9e0-4d04-b900-5e11cbb5ed03,630,SHEROWALI ROYALS PRIVATE LIMITED,"KANSARI PATTI,OLD MUNICIPALITY ROAD, AGARTALAWest Tripura, WEST TRIPURA, AGARTALA, TRIPURA ,799001",TRIPURA,799001,,,LOW,0.1,No valid district in address or pincode lookup,True
a413c650-1528-469e-b913-997a6f5c6ed2,631,LAXMI HALMARKING AND GOLD TESTING CENTRE,"AGARTALA HEAD POST OFFICE,44/2,CENTRAL ROADAGARTALA,WEST TRIPURA, WEST TRIPURA, AGARTALA, TRIPURA ,799001",TRIPURA,799001,,,LOW,0.1,No valid district in address or pincode lookup,True
a0ccb646-e19a-4acf-bc95-6420576f0a6c,325,LAXMI HALLMARKING CENTRE,"Station Square,Balasore, BALASORE, BALASORE, ODISHA ,756001",ODISHA,756001,STATION SQUARE,BALASORE,HIGH,0.83,explicit DISTRICT/DISTT marker in address; city inferred from district-adjacent address token: STATION SQUARE,False
ce8eaef6-be68-42fb-b35d-1fa7f4748043,607,DEB HALLMARKING CENTRE,"PLOT NO-949/996,GOPALGOAN, BALASORE, BALASORE, ODISHA ,756001",ODISHA,756001,GOPALGOAN,BALASORE,HIGH,0.83,explicit DISTRICT/DISTT marker in address; city inferred from district-adjacent address token: GOPALGOAN,False
fbbedd46-1ac7-4696-b4bc-9fbe84e5da61,326,J J HALLMARKING CENTRE,"Savitri Tower, 4th floor,Flat 4A, 3A, Dr Martin Luther King Sarani, Kolkata, KOLKATA, SHAKESPEARE SARANI, WEST BENGAL ,700017",WEST BENGAL,700017,DR MARTIN LUTHER KING SARANI,KOLKATA,HIGH,0.83,explicit DISTRICT/DISTT marker in address; city inferred from district-adjacent address token: DR MARTIN LUTHER KING SARANI,False
6bb40940-024b-4d5d-ace5-30ec386696fb,327,NAKODA HALLMARKING CENTRE,"CHODHURY COMPLEX 1ST FLOOR, CHO JAUNLIAPATTYCUTTACK (ODISHA) - 753009, CUTTACK, CHOUDHURY BAZAR, ODISHA ,753009",ODISHA,753009,CHO JAUNLIAPATTY,CUTTACK,HIGH,0.83,explicit DISTRICT/DISTT marker in address; city inferred from district-adjacent address token: CHO JAUNLIAPATTY,False
b40ef294-f16d-439a-8af6-2c022780ee41,350,M/S SAI HALLMARKING CENTRE,"FIRINGI BAZAR, PO - TELENGA BAZAR, DIST - CUTTACKODISHA - 753009, CUTTACK, CUTTACK G.P.O., ODISHA ,753009",ODISHA,753009,ODISHA 753009,CUTTACK,HIGH,0.83,explicit DISTRICT/DISTT marker in address; city inferred from district-adjacent address token: ODISHA 753009,False
aa070161-ee51-4649-b38a-2a327cc77dfb,329,Siddhi Vinayak Hallmarking Centre,"1st Floor, 26/A/31,Mondalpara Lane, P.O.-Noapara, P.S.-Baranagar,Kolkata,North 24 Parganas,West Bengal - 700090, KOLKATA, BARANAGAR, WEST BENGAL ,700090",WEST BENGAL,700090,P S BARANAGAR,KOLKATA,HIGH,0.83,explicit DISTRICT/DISTT marker in address; city inferred from district-adjacent address token: P S BARANAGAR,False
117e3bca-31e1-4429-8423-a3861974ac23,359,ROSE HALMARKING CENTER,"37/A MANNAPARA ROAD, NOAPARA, BARANAGAR,KOL-700090, KOLKATA, BARANAGAR, WEST BENGAL ,700090",WEST BENGAL,700090,KOL 700090,KOLKATA,HIGH,0.83,explicit DISTRICT/DISTT marker in address; city inferred from district-adjacent address token: KOL 700090,False
f82d9cfb-6711-4383-83b1-a0a6deaa87a2,362,PRINCE HALLMARKING AND REFINERY PVT LTD,"69/3/3,MONDALPARA LANE,BARANAGAR,KOLKATA-700090, NORTH 24 PARGANAS, NOAPARA (NORTH 24 PARGANAS), WEST BENGAL ,700090",WEST BENGAL,700090,NOAPARA,NORTH 24 PARGANAS,HIGH,0.83,explicit DISTRICT/DISTT marker in address; city inferred from district-adjacent address token: NOAPARA,False
f397d8a8-6bb2-4f7b-8df5-0bd1cc5e7fc6,397,M K ASSAYING & HALLMARKING CENTRE,"17/1/6,MONDAL PARA LANE,BARANAGARKOLKATA-700090, NORTH 24 PARGANAS, MONDALPARA, WEST BENGAL ,700090",WEST BENGAL,700090,BARANAGAR,NORTH 24 PARGANAS,HIGH,0.83,explicit DISTRICT/DISTT marker in address; city inferred from district-adjacent address token: BARANAGAR,False
867bee25-9f56-4ba8-b2c9-0f544bbb2426,439,SHUBHAM HALLMARKING CENTRE,"59/1, AMBAGAN COLONY, NEAR BANKIM MANCH,KOLKATA-700090, KOLKATA, SENHATI, WEST BENGAL ,700090",WEST BENGAL,700090,SENHATI,KOLKATA,HIGH,0.83,explicit DISTRICT/DISTT marker in address; city inferred from district-adjacent address token: SENHATI,False
9f79cb6f-5ccb-4d00-86e0-5983777cbf5c,330,Prince Hallmarking and Refinery Private Limited,"BICHALIHATA SCHOOL ROAD, GROUND FLOOR, BONGAONNORTH 24 PARGANS-743235, NORTH 24 PARGANAS, BANGAON (NORTH 24 PARGANAS), WEST BENGAL ,743235",WEST BENGAL,743235,BONGAONNORTH 24 PARGANS 743235,NORTH 24 PARGANAS,HIGH,0.83,explicit DISTRICT/DISTT marker in address; city inferred from district-adjacent address token: BONGAONNORTH 24 PARGANS 743235,False
cab8b5d5-3543-4eb5-b695-220fea49760f,587,Bongaon Hallmarking And Refinery,"19/18/A,Hiramahal Lane,Word-04,bichali HataP.O-Bongaon,P.S-Bongaon, NORTH 24 PARGANAS, BANGAON (NORTH 24 PARGANAS), WEST BENGAL ,743235",WEST BENGAL,743235,P S BONGAON,NORTH 24 PARGANAS,HIGH,0.83,explicit DISTRICT/DISTT marker in address; city inferred from district-adjacent address token: P S BONGAON,False
e35fcc4b-e3e9-4530-9c32-e9cb6ee44196,331,SHRI AMMA BHAGAVAN HALLMARKING CENTRE,"EGRA, WARD NO. 1, P.O. + P.S.- KASBA EGRA,PURBA MEDINIPUR- 721429, PURBA MEDINIPUR, EGRA KASBA, WEST BENGAL ,721429",WEST BENGAL,721429,EGRA KASBA,PURBA MEDINIPUR,HIGH,0.83,explicit DISTRICT/DISTT marker in address; city inferred from district-adjacent address token: EGRA KASBA,False
9ed073f3-1461-4cc9-9347-eb38e10e67a3,523,S D ASSAYING AND HALLMARKING CENTER,"1st Floor, Nandi BhawanKasba Egra, Egra, PURBA MEDINIPUR, EGRA KASBA, WEST BENGAL ,721429",WEST BENGAL,721429,EGRA,PURBA MEDINIPUR,HIGH,0.83,explicit DISTRICT/DISTT marker in address; city inferred from district-adjacent address token: EGRA,False
929f22db-07ff-4aa4-811e-17c8595b5c84,332,Prince Hallmarking and Refinery Private Limited,"NO 43 THAKURPARA ROAD 1st floor naihati, NORTH 24 PARGANAS, NAIHATI, WEST BENGAL ,743165",WEST BENGAL,743165,NAIHATI,NORTH 24 PARGANAS,HIGH,0.83,explicit DISTRICT/DISTT marker in address; city inferred from district-adjacent address token: NAIHATI,False
91e4ebf7-4e80-4a07-a024-a14300b6b6e7,419,MAKALI HALLMARKING CENTRE,"34, CUNNING HUM ROAD, NAIHATINORTH 24 PARGANAS, PIN-743165, W.B., NORTH 24 PARGANAS, NAIHATI, WEST BENGAL ,743165",WEST BENGAL,743165,W B,NORTH 24 PARGANAS,HIGH,0.83,explicit DISTRICT/DISTT marker in address; city inferred from district-adjacent address token: W B,False
309c9222-184e-4565-88df-93f03faccea9,597,Iscon Hall Marking Center,"16/A/1Canninghum Road,P.O:- Naihati, P.S:- Naihati, NORTH 24 PARGANAS, NAIHATI, WEST BENGAL ,743165",WEST BENGAL,743165,P S NAIHATI,NORTH 24 PARGANAS,HIGH,0.83,explicit DISTRICT/DISTT marker in address; city inferred from district-adjacent address token: P S NAIHATI,False
7916861a-7f36-4330-97b0-f0a3cfedda2e,333,Prince Hallmarking and Refinery Private Limited,"NO 43 THAKURPARA ROAD 1st floor naihati, NORTH 24 PARGANAS, NAIHATI, WEST BENGAL ,743165 OSC Address: 34 B ROY ROAD SONA POTTY SHRISTY LODGE1ST FLOOR KRISHNA NAGAR, NADIA, KRISHNANAGAR, WEST BENGAL, 741101",WEST BENGAL,741101,NAIHATI,NORTH 24 PARGANAS,HIGH,0.83,explicit DISTRICT/DISTT marker in address; city inferred from district-adjacent address token: NAIHATI,False
3828383a-04b2-4fdd-9f79-c99592de431f,406,SOM ASSAING CENTRE,"57/1, BARANASHI ROY ROAD, SONAPOTTI, KRISHNANAGARNADIA (W.B.) - 741101, NADIA, KRISHNANAGAR, WEST BENGAL ,741101",WEST BENGAL,741101,KRISHNANAGAR,NADIA,HIGH,0.83,explicit DISTRICT/DISTT marker in address; city inferred from district-adjacent address token: KRISHNANAGAR,False
0ffb4f3c-2cab-4761-bba5-337e354fbb59,565,DHAR ASSAY AND HALLMARKING CENTRE,"SONAPATTI,UKIL PARA MOREHOLDING NO. 55/A/1 SWARNAMOYEE LANE, NADIA, KRISHNANAGAR, WEST BENGAL ,741101",WEST BENGAL,741101,1 SWARNAMOYEE LANE,NADIA,HIGH,0.83,explicit DISTRICT/DISTT marker in address; city inferred from district-adjacent address token: 1 SWARNAMOYEE LANE,False
8933d153-9905-41e6-abd1-c8e0307a057d,584,BURIMA HALLMARKING CENTRE,"BISWAMBHAR ROY, BAHADUR ROAD, NADIA, KRISHNANAGAR, WEST BENGAL ,741101",WEST BENGAL,741101,KRISHNANAGAR,NADIA,HIGH,0.83,explicit DISTRICT/DISTT marker in address; city inferred from district-adjacent address token: KRISHNANAGAR,False
d98fccce-2862-42fd-8a84-f3c94853ba87,334,SRI GANESH HALLMARKING CENTRE CENTRE,"116,DAIHATTA ROAD, P.O. -KHAGRA, P.S. -BERHAMPOREMURSHIDABAD, MURSHIDABAD, BERHAMPORE (WB), WEST BENGAL ,742103",WEST BENGAL,742103,P S BERHAMPORE,MURSHIDABAD,HIGH,0.83,explicit DISTRICT/DISTT marker in address; city inferred from district-adjacent address token: P S BERHAMPORE,False
dbe611f8-6563-4555-852f-8adc7986abae,444,SRI BALAJI ASSAYING AND HALLMARKING CENTRE,"GROUND FLOOR, NO. 5, MECHHUA BAZAR LANEPO: KHAGRA, PS: BERHAMPORE, MURSHIDABAD, BERHAMPORE (WB), WEST BENGAL ,742103",WEST BENGAL,742103,PS BERHAMPORE,MURSHIDABAD,HIGH,0.83,explicit DISTRICT/DISTT marker in address; city inferred from district-adjacent address token: PS BERHAMPORE,False
2665e918-b68d-47fe-be07-4c9bd2697625,595,KP ASSAYING & HALLMARKING CENTRE,"JAGADAMBA APARTMENT ,SHOP NO-B1,14,PARANSHIL LANE ,KHAGRA, MURSHIDABAD, BERHAMPORE (WB), WEST BENGAL ,742103",WEST BENGAL,742103,KHAGRA,MURSHIDABAD,HIGH,0.83,explicit DISTRICT/DISTT marker in address; city inferred from district-adjacent address token: KHAGRA,False
bc1b2f6f-df50-4d44-88c9-00bb4e83ebea,335,SRI GANESH HALLMARKING CENTRE CENTRE,"116,DAIHATTA ROAD, P.O. -KHAGRA, P.S. -BERHAMPOREMURSHIDABAD, MURSHIDABAD, BERHAMPORE (WB), WEST BENGAL ,742103 OSC Address: MAHESHNARAYANGANJ,BELIASHYAMPUR,BHAGWANGOLA,MURSHIDABAD, MURSHIDABAD, BHAGABANGOLA, WEST BENGAL, 742135",WEST BENGAL,742135,P S BERHAMPORE,MURSHIDABAD,HIGH,0.83,explicit DISTRICT/DISTT marker in address; city inferred from district-adjacent address token: P S BERHAMPORE,False
2934321a-8b6b-4598-b226-9aab621c25ff,579,GANESH HALLMARK CENTRE,"MOHESH NARAYAN GANJMAHESHPUR, BHAGWANGOLA, MURSHIDABAD, BHAGABANGOLA, WEST BENGAL ,742135",WEST BENGAL,742135,BHAGWANGOLA,MURSHIDABAD,HIGH,0.83,explicit DISTRICT/DISTT marker in address; city inferred from district-adjacent address token: BHAGWANGOLA,False
2b7e88a0-86bf-466e-b399-f27373214683,337,MS PRATIK HALLMARKERS PVT LTD,"1ST FLOOR, SHALIGRAM BUILDING, DIAGONAL ROAD,BISTUPUR, EAST SINGHBHUM (JHARKHAND) - 831001, EAST SINGHBHUM, JAMSHEDPUR, JHARKHAND ,831001",JHARKHAND,831001,,,LOW,0.1,No valid district in address or pincode lookup,True
541c1da0-3b1a-4878-b786-03c58d671c50,652,T M HALL MARKING CENTRE,"H NO 138 HANDI LINE SAKCHI BAZAR, EAST SINGHBHUM, JAMSHEDPUR, JHARKHAND ,831001",JHARKHAND,831001,,,LOW,0.1,No valid district in address or pincode lookup,True
5eac44f8-481a-4b2a-a136-a579cfd499ef,654,TRIMURTI ASSAYING AND HALLMARKING CENTER,"SHOP NO- 8, GROUND FLOOR, BASANT CENTRAL, SAKCHI, EAST SINGHBHUM, JAMSHEDPUR, JHARKHAND ,831001",JHARKHAND,831001,,,LOW,0.1,No valid district in address or pincode lookup,True
c08d200f-e32f-494c-9904-5df183e61301,655,SONA CHANDI HALLMARKING,"5, 2ND FLOOR BASANT CENTRALSAKCHI JAMSHEDPUR, EAST SINGHBHUM, JAMSHEDPUR, JHARKHAND ,831001",JHARKHAND,831001,,,LOW,0.1,No valid district in address or pincode lookup,True
e18bdbf2-7ba9-48f6-80a6-869966851c38,338,JEWEL HALLMARKING SERVICES LLP,"1/2 LORD SINHA ROAD, SHARMA HOUSE, 4TH FLOOR,KOLKATA - 700071, KOLKATA, SHAKESPEARE SARANI, WEST BENGAL ,700071",WEST BENGAL,700071,SHAKESPEARE SARANI,KOLKATA,HIGH,0.83,explicit DISTRICT/DISTT marker in address; city inferred from district-adjacent address token: SHAKESPEARE SARANI,False
ea919d59-d3ae-4332-bafe-ea017fcd1e81,495,NEW JHUMKA ASSAYING AND HALLMARKING CENTRE,"4th Floor 16 B Shakespeare SaraniOLD B K MARKET, KOLKATA, KOLKATA, WEST BENGAL ,700071",WEST BENGAL,700071,,KOLKATA,MEDIUM,0.55,explicit DISTRICT/DISTT marker in address,True
37f0777e-9eff-4ba1-a052-8740043c2815,339,GANGA HALLMARKING ASSAY CENTRE,"ALAMGANJ ,ALAMGANJ POST GHATALALAMGANJ WEST MEDNIPUR, PASCHIM MEDINIPUR, GHATAL, WEST BENGAL ,721212",WEST BENGAL,721212,ALAMGANJ POST GHATALALAMGANJ WEST MEDNIPUR,PASCHIM MEDINIPUR,HIGH,0.83,explicit DISTRICT/DISTT marker in address; city inferred from district-adjacent address token: ALAMGANJ POST GHATALALAMGANJ WEST MEDNIPUR,False
b25f6db2-71f9-418e-a112-f32e6db81745,343,SSJ HALLMARKING CENTRE,"Brahman Toli, Purani Bazar,Muzaffarpur , Bihar, MUZAFFARPUR, PURANI BAZAR, BIHAR ,842001",BIHAR,842001,AHMAN TOLI,MUZAFFARPUR,HIGH,0.83,explicit DISTRICT/DISTT marker in address; city inferred from district-adjacent address token: AHMAN TOLI,False
d7dcdc63-6a0c-48a7-ac84-5b122a077832,378,J P HALLMARKING CENTRE PVT LTD,"PURANI BAZARNEAR GARIBASTHAN MANDIR, MUZAFFARPUR, MUZAFFARPUR, BIHAR ,842001",BIHAR,842001,PURANI BAZARNEAR GARIBASTHAN MANDIR,MUZAFFARPUR,HIGH,0.83,explicit DISTRICT/DISTT marker in address; city inferred from district-adjacent address token: PURANI BAZARNEAR GARIBASTHAN MANDIR,False
81fe4ce8-30e0-41df-ae77-c89742dc506e,344,SIDDHARTHA ASSAYING AND HALLMARKING CENTRE,"OLD UBI LANE, ALLAHABAD BANK HOUSE 2ND FLOOR P.O+POLD UBI LANE, ALLAHABAD BANK HOUSE 2ND FLOOR,HABRA, NORTH 24 PARGANAS, HABRA, WEST BENGAL ,743263",WEST BENGAL,743263,HABRA,NORTH 24 PARGANAS,HIGH,0.83,explicit DISTRICT/DISTT marker in address; city inferred from district-adjacent address token: HABRA,False
ea52046b-091f-4e4e-96b3-6fcbd03b75b0,356,PRINCE HALLMARKING AND REFINERY PVT LTD,"345 & 325 1st FLOOR, P.L MEDICAL GALI,345 & 325 1st FLOOR, P.L MEDICAL GALI,, NORTH 24 PARGANAS, HABRA, WEST BENGAL ,743263",WEST BENGAL,743263,HABRA,NORTH 24 PARGANAS,HIGH,0.83,explicit DISTRICT/DISTT marker in address; city inferred from district-adjacent address token: HABRA,False
a458c8fa-21a2-485b-92eb-637dc822addb,592,PANDIT ASSAYING & HALLMARKING CENTRE,"2nd FLOOR,143/1,DHRUBA KARMAKAR BUILDING,JESSORE ROAD,OLD UBI LANE, NORTH 24 PARGANAS, HABRA, WEST BENGAL ,743263",WEST BENGAL,743263,OLD UBI LANE,NORTH 24 PARGANAS,HIGH,0.83,explicit DISTRICT/DISTT marker in address; city inferred from district-adjacent address token: OLD UBI LANE,False
fb7e0cec-eec6-418f-8eb5-fbc7e993c6de,345,SIDDHARTHA ASSAYING AND HALLMARKING CENTRE,"OLD UBI LANE, ALLAHABAD BANK HOUSE 2ND FLOOR P.O+POLD UBI LANE, ALLAHABAD BANK HOUSE 2ND FLOOR,HABRA, NORTH 24 PARGANAS, HABRA, WEST BENGAL ,743263 OSC Address: Shop No 11,Ground Floor,Chowdhury Apartment,118 Satish Nandi Road, NORTH 24 PARGANAS, KANCHRAPARA, WEST BENGAL, 743145",WEST BENGAL,743145,HABRA,NORTH 24 PARGANAS,HIGH,0.83,explicit DISTRICT/DISTT marker in address; city inferred from district-adjacent address token: HABRA,False
0da2e6d7-cbad-4584-a398-aaa9a38473dd,573,ANB HALLMARKING CENTRE,"01st Floor, Shop No. 101, Monika Apartment25 Kunja Basu Road, Kanchrapara, NORTH 24 PARGANAS, KANCHRAPARA, WEST BENGAL ,743145",WEST BENGAL,743145,KANCHRAPARA,NORTH 24 PARGANAS,HIGH,0.83,explicit DISTRICT/DISTT marker in address; city inferred from district-adjacent address token: KANCHRAPARA,False
304c48f4-d1d4-43be-913d-1bb86169b368,346,STAR HALLMARKING CENTRE,"181/2, HILLCART ROAD (OPP. BATA) HOTEL NILADRI, DARJEELING, SILIGURI, WEST BENGAL ,734001",WEST BENGAL,734001,SILIGURI,DARJEELING,HIGH,0.83,explicit DISTRICT/DISTT marker in address; city inferred from district-adjacent address token: SILIGURI,False
9d4065de-afa3-4a50-84d9-c79868e0685e,365,SILIGURI HALLMARKING CENTRE,"H/13/2/65/1, GROUND FLOOR,PRIYADARSHANI MARKET, KHUDIRAMPALLY, DARJEELING, SILIGURI, WEST BENGAL ,734001",WEST BENGAL,734001,KHUDIRAMPALLY,DARJEELING,HIGH,0.83,explicit DISTRICT/DISTT marker in address; city inferred from district-adjacent address token: KHUDIRAMPALLY,False
c2e77688-924a-47f3-8c4f-6f0e099b9a80,544,TIRUPATI ASSAYING AND HALLMARKING CENTRE,"89/47/C/42/1, PATEL HOUSE, SISHIR BHADURI SARANIWARD NO 11, KHUDIRAM PALLY,, DARJEELING, SILIGURI, WEST BENGAL ,734001",WEST BENGAL,734001,KHUDIRAM PALLY,DARJEELING,HIGH,0.83,explicit DISTRICT/DISTT marker in address; city inferred from district-adjacent address token: KHUDIRAM PALLY,False
f7a532eb-48e4-4dd2-b6da-931c3c841913,561,D P ASSAY AND HALLMARK CENTRE,"1ST FLOOR SARKAR BUILDING HOLDING NO. 45/1/41KHUDIRAMPALLY SILIGURI, DARJEELING, SILIGURI, WEST BENGAL ,734001",WEST BENGAL,734001,41KHUDIRAMPALLY SILIGURI,DARJEELING,HIGH,0.83,explicit DISTRICT/DISTT marker in address; city inferred from district-adjacent address token: 41KHUDIRAMPALLY SILIGURI,False
533fc1b9-399f-4fbb-91d1-a6ffd37ae9bb,347,STAR HALLMARKING CENTRE,"181/2, HILLCART ROAD (OPP. BATA) HOTEL NILADRI, DARJEELING, SILIGURI, WEST BENGAL ,734001 OSC Address: D.B.C. ROADT, KOTWALI,, JALPAIGURI, JALPAIGURI, WEST BENGAL, 735101",WEST BENGAL,735101,SILIGURI,DARJEELING,HIGH,0.83,explicit DISTRICT/DISTT marker in address; city inferred from district-adjacent address token: SILIGURI,False
bbc97fc5-5e18-4f9c-9898-90e810abc59b,348,OM HALLMARKING CENTRE,"BARABAZAR,JAHURIPATTY,BHARATMATA MARKET 1ST FLOORPURBA BARDHAMAN,WEST BENGAL, BARDHAMAN, BURDWAN, WEST BENGAL ,713104",WEST BENGAL,713104,,,LOW,0.1,No valid district in address or pincode lookup,True
15d4bdfe-e05d-4936-99de-82f1e26109da,353,M K HALLMARKING & ASSAY CENTRE,"1 NO. SHYAMBAZAR,AMRATALA LANEBURDWAN, BARDHAMAN, BURDWAN, WEST BENGAL ,713104",WEST BENGAL,713104,,,LOW,0.1,No valid district in address or pincode lookup,True
e07a04dc-52e9-45f1-a610-1dc1fcfb083e,516,Prince Hallmarking And Refinery Pvt Ltd,"134 Chandnichak, Ward No. 20,Burdwan,Purba Bardhaman, West Bengal, 713104, BARDHAMAN, BURDWAN, WEST BENGAL ,713104",WEST BENGAL,713104,BURDWAN,PURBA BARDHAMAN,HIGH,0.83,explicit DISTRICT/DISTT marker in address; city inferred from district-adjacent address token: BURDWAN,False
0f163e43-a0d2-49c1-a3f2-a874533aa6ca,349,B S HALLMARK,"SANTARANI STREET, NEAR SANA BAZAR, GANJAM, BERHAMPUR CITY, ODISHA ,760002",ODISHA,760002,BERHAMPUR,GANJAM,HIGH,0.83,explicit DISTRICT/DISTT marker in address; city inferred from district-adjacent address token: BERHAMPUR,False
a40addc3-8ab2-47bf-98ad-2fc9f15a88ce,615,S A N HALLMARKING CENTRE,"1ST FLOOR, SANTARARANI STREET, GANJAM, BERHAMPUR CITY, ODISHA ,760002",ODISHA,760002,BERHAMPUR,GANJAM,HIGH,0.83,explicit DISTRICT/DISTT marker in address; city inferred from district-adjacent address token: BERHAMPUR,False
b889290a-3196-41ea-8ff0-57620b2c0568,354,M K HALLMARKING & ASSAY CENTRE,"1 NO. SHYAMBAZAR,AMRATALA LANEBURDWAN, BARDHAMAN, BURDWAN, WEST BENGAL ,713104 OSC Address: 242/214/1, Sonapatti,Memari, Purba Bardhaman,, PURBAI BARDHMAN, MANKAR, WEST BENGAL, 713146",WEST BENGAL,713146,MEMARI,PURBA BARDHAMAN,HIGH,0.83,explicit DISTRICT/DISTT marker in address; city inferred from district-adjacent address token: MEMARI,False
b72c1c5a-0c8d-4f9b-9aab-406ee634cb44,355,M K HALLMARKING & ASSAY CENTRE,"1 NO. SHYAMBAZAR,AMRATALA LANEBURDWAN, BARDHAMAN, BURDWAN, WEST BENGAL ,713104 OSC Address: 6/6/1, word no 12, Sriniketan Road,Ukil Patty, Bolpur, BIRBHUM, BOLPUR, WEST BENGAL, 731204",WEST BENGAL,731204,BOLPUR,BIRBHUM,HIGH,0.83,explicit DISTRICT/DISTT marker in address; city inferred from district-adjacent address token: BOLPUR,False
5648d7ec-a0c4-44dc-b1e3-9e5125dd4b84,450,MS TSK HALLMARKING AND ASSAYCENTRE,"GRAM UKILPATTI MAUJA, BOLPUR (ANSHA), 9, WARD NO.BOLPUR, BIRBHUM- 731204, BIRBHUM, BOLPUR, WEST BENGAL ,731204",WEST BENGAL,731204,BOLPUR,BIRBHUM,HIGH,0.83,explicit DISTRICT/DISTT marker in address; city inferred from district-adjacent address token: BOLPUR,False
bac62b2b-15ab-41e1-88f6-97efc2bc958f,539,SIDDHANATH HALLMARKING CENTRE,"6/6/1 SHREE LAXMI BANIJIK BHAVAN, ROOM NO 17,SONAPATTY, BOLPUR, BIRBHUM, BOLPUR, WEST BENGAL ,731204",WEST BENGAL,731204,BOLPUR,BIRBHUM,HIGH,0.83,explicit DISTRICT/DISTT marker in address; city inferred from district-adjacent address token: BOLPUR,False
fa2d1def-ce1e-4de0-8275-69f8c910cd56,357,PRINCE HALLMARKING AND REFINERY PVT LTD,"345 & 325 1st FLOOR, P.L MEDICAL GALI,345 & 325 1st FLOOR, P.L MEDICAL GALI,, NORTH 24 PARGANAS, HABRA, WEST BENGAL ,743263 OSC Address: 645,R.N MUKHERJEE ROAD,ADHAR MARKET ,GROUND FLOOR,BASIRHAT,, NORTH 24 PARGANAS, BASIRHAT, WEST BENGAL, 743411",WEST BENGAL,743411,HABRA,NORTH 24 PARGANAS,HIGH,0.83,explicit DISTRICT/DISTT marker in address; city inferred from district-adjacent address token: HABRA,False
1d886407-3e23-4b6f-9f0d-ad1c1ec486bd,423,RADHAKRISHNA ASSAYING AND HALLLMARKING CENTRE,"645/293, ITENDA ROAD,NORTH 24 PARGANAS, WEST BENGAL, NORTH 24 PARGANAS, BASIRHAT, WEST BENGAL ,743411",WEST BENGAL,743411,BASIRHAT,NORTH 24 PARGANAS,HIGH,0.83,explicit DISTRICT/DISTT marker in address; city inferred from district-adjacent address token: BASIRHAT,False
2e0ca10b-2e03-4357-8dac-4f83cb146d14,476,Barasat Hallmarking And Refinery A Unit Of S J gold Services LLP,"K.B.Basu Road,barasat, NORTH 24 PARGANAS, BARASAT, WEST BENGAL ,700124 OSC Address: 424,1ST FLOOR,R.N.MUKHARJEE ROAD, NORTH 24 PARGANAS, BASIRHAT, WEST BENGAL, 743411",WEST BENGAL,743411,BARASAT,NORTH 24 PARGANAS,HIGH,0.83,explicit DISTRICT/DISTT marker in address; city inferred from district-adjacent address token: BARASAT,False
53cfe255-391a-4be1-bf89-52627414a0ab,574,A S ASSAYING & HALLMARKING CENTRE,"Holding No. 645/293, Adhar Market Basirhat, Itinda RoadPost & PS- Basirhat, NORTH 24 PARGANAS, BASIRHAT, WEST BENGAL ,743411",WEST BENGAL,743411,ITINDA ROADPOST & PS BASIRHAT,NORTH 24 PARGANAS,HIGH,0.83,explicit DISTRICT/DISTT marker in address; city inferred from district-adjacent address token: ITINDA ROADPOST & PS BASIRHAT,False
7bd9ad59-bf5f-483b-89b2-cc6b51d3456e,360,LAXMI HALLMARING CENTRE,"HARSHITA COMPLEX, MAHANGILAL GALI, DEHRI ON SONEROHTAS, BIHAR-821307, ROHTAS, DEHRI-ON-SONE, BIHAR ,821307",BIHAR,821307,DEHRI ON SONE,ROHTAS,HIGH,0.83,explicit DISTRICT/DISTT marker in address; city inferred from district-adjacent address token: DEHRI ON SONE,False
d54f1d20-ae01-4d45-af91-0dc00b328504,366,BABA TARAKNATH HALLMARKING CENTRE,"31,RMAKRISHNA PALLY,P.O.& P.S.- TARAKESWAR, HOOGHLY, TARAKESWAR, WEST BENGAL ,712410",WEST BENGAL,712410,P O & P S TARAKESWAR,HOOGHLY,HIGH,0.83,explicit DISTRICT/DISTT marker in address; city inferred from district-adjacent address token: P O & P S TARAKESWAR,False
89fd80e9-6d70-4341-b8e7-911a09ebeff7,415,K K HALLMARKING CENTRE,"22(1st Floor), Ramkrishna Pally, Street No- 4/3/2,P.O & P.S- Tarakeswar, HOOGHLY, TARAKESWAR, WEST BENGAL ,712410",WEST BENGAL,712410,P O & P S TARAKESWAR,HOOGHLY,HIGH,0.83,explicit DISTRICT/DISTT marker in address; city inferred from district-adjacent address token: P O & P S TARAKESWAR,False
9789e976-195a-4b3d-950c-162295346985,367,SRI CHAKRA HALLMARKING CENTRE,"NAYA SARAK,NEAR DAY & NIGHT MEDICINE STORECUTTACK, CUTTACK, CUTTACK G.P.O., ODISHA ,753002",ODISHA,753002,DAY & NIGHT MEDICINE STORE,CUTTACK,HIGH,0.83,explicit DISTRICT/DISTT marker in address; city inferred from district-adjacent address token: DAY & NIGHT MEDICINE STORE,False
695da8d4-e80a-4582-ad76-d615ab14ee64,413,CUTTACK SAMPARK HALLMARK,"BANK OF INDIA BUILDING,2ND FLOORNAYASARAK,CUTTACK, CUTTACK, CHANDINCHOWK, ODISHA ,753002",ODISHA,753002,2ND FLO,CUTTACK,HIGH,0.83,explicit DISTRICT/DISTT marker in address; city inferred from district-adjacent address token: 2ND FLO,False
13485ac2-842b-4d27-9f5c-88bcec99d296,601,SWASTIK HALLMARKING,"KHATA NO 190 PLOT NO 1340WORD NO 13 MANIK GHOSH BAZAR, CUTTACK, CUTTACK G.P.O., ODISHA ,753002",ODISHA,753002,G P O,CUTTACK,HIGH,0.83,explicit DISTRICT/DISTT marker in address; city inferred from district-adjacent address token: G P O,False
b472f270-de30-4c0c-bfa4-0cfe3380d9f1,605,KALYANI ASSAYING & HALLMARKING CENTRE,"SHOP NO-20, 3RD FLOOR, HEMARAJ LANE ,NAYASARAKNAYASARAK,CUTTACK, CUTTACK, CHANDINCHOWK, ODISHA ,753002",ODISHA,753002,NAYASARAKNAYASARAK,CUTTACK,HIGH,0.83,explicit DISTRICT/DISTT marker in address; city inferred from district-adjacent address token: NAYASARAKNAYASARAK,False
67072617-c032-44f3-a062-696d1646a2b8,612,MAHAVIR HALLMARKING CENTRE,"GROUND FLOOR, KHATA NO. 435/518PLOT NO. 2038/2872, NIMCHOURI, NEAR DEBAJANI JEWELLERS, NIMCHOURI, CUTTACK, CUTTACK G.P.O., ODISHA ,753002",ODISHA,753002,G P O,CUTTACK,HIGH,0.83,explicit DISTRICT/DISTT marker in address; city inferred from district-adjacent address token: G P O,False
0f413817-bb6a-49fd-9e9a-d69b6a0278d0,613,SAMPARK REFINERY AND HALLMARKING CENTRE,"1st & 2nd FLOOR,MANIK GHOSH BAZARPUJA COMMITEE BUILDING,CHANDINI CHOWK, CUTTACK, CUTTACK G.P.O., ODISHA ,753002",ODISHA,753002,G P O,CUTTACK,HIGH,0.83,explicit DISTRICT/DISTT marker in address; city inferred from district-adjacent address token: G P O,False
dd158e74-0872-40d2-b681-6695830e3df6,368,RANIGANJ HALLMARKING CENTRE,"20, R.R. ROAD (NEAR POLICE STATION), BARDHAMAN, RANIGANJ, WEST BENGAL ,713347",WEST BENGAL,713347,,,LOW,0.1,No valid district in address or pincode lookup,True
b6bc29e9-e0f0-49ff-80fa-35bf1129bf40,404,TRIBENI HALLMARKING CENTRE,"1 ST FLOOR ABOVE ROY JEWELLERS102 C R ROAD RANIGANJ, BARDHAMAN, RANIGANJ, WEST BENGAL ,713347",WEST BENGAL,713347,,,LOW,0.1,No valid district in address or pincode lookup,True
3f45bd8b-a87e-4333-b0e4-023753be3482,370,RIDDHI SIDDHI HALLMARKING CENTRE,"Holding No.- 143, Ward No.- 25,Chowk Brahmam Toli, Bhojpur,Arrah, BHOJPUR, ARRAH, BIHAR ,802301",BIHAR,802301,AHMAM TOLI,BHOJPUR,HIGH,0.83,explicit DISTRICT/DISTT marker in address; city inferred from district-adjacent address token: AHMAM TOLI,False
d3c5c61f-391a-4d08-8e48-09234d93d1b6,637,RAJ NANDANI HALLMARKING CENTRE,"BRAHAMAN TOLI, GOPALI CHOWK, AARAH,, BHOJPUR, ARRAH, BIHAR ,802301",BIHAR,802301,AARAH,BHOJPUR,HIGH,0.83,explicit DISTRICT/DISTT marker in address; city inferred from district-adjacent address token: AARAH,False
4968bf38-5fb9-4b33-983e-e4a96a81796b,372,KADAM ASSAYING & HALLMARKING CENTRE,"Kacheri Bazar,1st Floor Shanti ComplexBhadrak-756100, BHADRAK, BHADRAK, ODISHA ,756100",ODISHA,756100,1ST FLOOR SHANTI COMPLEX,BHADRAK,HIGH,0.83,explicit DISTRICT/DISTT marker in address; city inferred from district-adjacent address token: 1ST FLOOR SHANTI COMPLEX,False
052797a9-6481-4154-b0e8-f8434fcfa23f,611,MAA TARINI ASSAYING & HALLMARKING CENTRE,"2nd Floor, Plot No.: 30/746/843, Banka,Near UCO Bank Lane, Naripur, BHADRAK, BHADRAK, ODISHA ,756100",ODISHA,756100,NARIPUR,BHADRAK,HIGH,0.83,explicit DISTRICT/DISTT marker in address; city inferred from district-adjacent address token: NARIPUR,False
872f360f-faa3-4b3f-83a5-fff8f2532d44,373,R K ASSAYING & HALLMARKING CENTRE,"13,TELIPARA ROAD, NADIA, NABADWIP, WEST BENGAL ,741302",WEST BENGAL,741302,NABADWIP,NADIA,HIGH,0.83,explicit DISTRICT/DISTT marker in address; city inferred from district-adjacent address token: NABADWIP,False
f0defed4-8dbf-4262-afd9-9ce1a5b0fd3c,562,NEW SR HALLMARKING CENTRE,"71/1,1ST FLOOR,BOW BAZAR ROAD,NABADWIP,NADIA, NADIA, NABADWIP, WEST BENGAL ,741302",WEST BENGAL,741302,NABADWIP,NADIA,HIGH,0.83,explicit DISTRICT/DISTT marker in address; city inferred from district-adjacent address token: NABADWIP,False
e4c0346c-6f99-44ce-9320-d6d2c9c20fe4,377,NEW SAMPARK HALLMARK,"LILY 916, 2ND FLOOR,BANIA SAHIMANGALABAG,CUTTACK, CUTTACK, MANGALABAG, ODISHA ,753001",ODISHA,753001,BANIA SAHIMANGALABAG,CUTTACK,HIGH,0.83,explicit DISTRICT/DISTT marker in address; city inferred from district-adjacent address token: BANIA SAHIMANGALABAG,False
6ab9cc22-7fb9-49eb-8045-2e27fc8ba263,380,BASANT ASSAYING AND HALLMARKING CENTRE,"AMTALA NIBARAN DUTTA ROAD,1st FLOOR KOHINOOR MARKEOFF-SITE CENTRE AT: 79/C, P.C. SARCAR SARANI, BATA, SOUTH 24 PARGANAS, AMTALA, WEST BENGAL ,743398",WEST BENGAL,743398,BATA,SOUTH 24 PARGANAS,HIGH,0.83,explicit DISTRICT/DISTT marker in address; city inferred from district-adjacent address token: BATA,False
5e9c66d2-0be4-405d-bbd9-12b630278ff0,382,SRI SAI HALLMARKING,"KEDIA SQUARE, 2ND FLOOR, ROOM NO. 204, UPPER BAZARRANCHI - 834001, RANCHI, RANCHI G.P.O., JHARKHAND ,834001",JHARKHAND,834001,,,LOW,0.1,No valid district in address or pincode lookup,True
718a0f20-c7af-4042-a787-f899c21157fd,430,Vijay Assay Hallmarking Centre,"1st Floor,H.No.1258 ,Jagdamba Sahay Lane,Upper Bazar,Ranchi-834001, RANCHI, RANCHI G.P.O., JHARKHAND ,834001",JHARKHAND,834001,,,LOW,0.1,No valid district in address or pincode lookup,True
e9b5ab83-c98b-40da-bf4c-3d6b5f53e800,383,K L ASSAYING & HALLMARKING CENTRE,"H. NO.:447, WARD NO. 13/321st FLOOR, MUNGERIGANJ, BEGUSARAI, BEGUSARAI, BEGUSARAI, BIHAR ,851101",BIHAR,851101,IGANJ,BEGUSARAI,HIGH,0.83,explicit DISTRICT/DISTT marker in address; city inferred from district-adjacent address token: IGANJ,False
0eda177e-542b-4606-a671-11e2a6a1fb1c,667,DN HALLMARKING,"SONARPATTI ROAD,MUNGERIGANJ,BEGUSARAI, BEGUSARAI, BEGUSARAI, BIHAR ,851101",BIHAR,851101,IGANJ,BEGUSARAI,HIGH,0.83,explicit DISTRICT/DISTT marker in address; city inferred from district-adjacent address token: IGANJ,False
e9363789-d69a-4041-a4b6-47c3b23db171,384,SB HALLMARKING CENTRE,"Premises no. 133/15138/1, B.S.Road, Ward No. 20,Coochbehar,, COOCH BEHAR, COOCH BEHAR NEW TOWN, WEST BENGAL ,736101",WEST BENGAL,736101,COOCH BEHAR,COOCHBEHAR,HIGH,0.83,explicit DISTRICT/DISTT marker in address; city inferred from district-adjacent address token: COOCH BEHAR,False
20d42b72-919a-42f7-b92f-f43e0ef42e40,410,MSP HALLMARKING CENTRE,"HOLDING-4451,R.N.ROAD BY LANE OPP. OF MAYUR HOTEL,WORD NO-08,COOCH BEHAR, COOCH BEHAR, COOCH BEHAR, WEST BENGAL ,736101",WEST BENGAL,736101,,,LOW,0.1,No valid district in address or pincode lookup,True
4ee5491f-9a66-4fb9-8f6b-26b0c11c84c3,547,R K ASYING AND HALLMARKING CENTER,"01ST FLOOR, HOLDING NO. 15151, B S ROAD, WARD- 20COOCHBEHAR, NEAR LALDIGHI, COOCH BEHAR, COOCH BEHAR, WEST BENGAL ,736101",WEST BENGAL,736101,,,LOW,0.1,No valid district in address or pincode lookup,True
c2e44d33-d103-40ea-9902-d94021279438,386,S M G ASSAYING & HALLMARKING CENTRE,"WARD NO. 10, HOLDING NO. 909, SHAMSHER GANJ, BARA DARBHANGA (BIHAR) 846004, DARBHANGA, DARBHANGA, BIHAR ,846004",BIHAR,846004,BARA,DARBHANGA,HIGH,0.83,explicit DISTRICT/DISTT marker in address; city inferred from district-adjacent address token: BARA,False
84ecb4ad-32bd-47cc-88f3-4d22f1a6aa1d,665,SHRI GANESH ASSAYING & HALLMARKING CENTRE,"NEAR MAHARANI GODOWN GUPTA NIWASBARA BAZAR, DARBHANGA, , BIHAR ,846004",BIHAR,846004,,DARBHANGA,MEDIUM,0.55,explicit DISTRICT/DISTT marker in address,True
3b69df0f-0a9e-4690-af4c-5ec99f567ad7,387,S M G ASSAYING & HALLMARKING CENTRE,"WARD NO. 10, HOLDING NO. 909, SHAMSHER GANJ, BARA DARBHANGA (BIHAR) 846004, DARBHANGA, DARBHANGA, BIHAR ,846004 OSC Address: Ward No-06, Shankar Chowk,Bara Bazar, Chura Mill, MADHUBANI, MADHUBANI, BIHAR, 847211",BIHAR,847211,BARA,DARBHANGA,HIGH,0.83,explicit DISTRICT/DISTT marker in address; city inferred from district-adjacent address token: BARA,False
66f8a9a6-6d89-426a-9af0-432474a3317e,657,THE VAIBHAV HALLMARKING,"WARD NO. 5, BARA BAZAR, MADHUBANI, MADHUBANI, MADHUBANI, BIHAR ,847211",BIHAR,847211,,MADHUBANI,MEDIUM,0.55,explicit DISTRICT/DISTT marker in address,True
3b09d74e-c7ab-4110-9f33-b2980acd9953,389,B K HALLMARKING CENTRE,"614/556, KUMARPUR, CONTAI, PURBA MEDINIPUR, CONTAI SUPER MARKET, WEST BENGAL ,721401",WEST BENGAL,721401,CONTAI,PURBA MEDINIPUR,HIGH,0.83,explicit DISTRICT/DISTT marker in address; city inferred from district-adjacent address token: CONTAI,False
15483a68-dab8-4449-b79a-790cc55e2289,391,CONTAI HALLMARK CENTRE,"Kumarpur, Ward No-13, 121/113 (near Kaluroy Mandi), PURBA MEDINIPUR, CONTAI, WEST BENGAL ,721401",WEST BENGAL,721401,CONTAI,PURBA MEDINIPUR,HIGH,0.83,explicit DISTRICT/DISTT marker in address; city inferred from district-adjacent address token: CONTAI,False
ccd93300-cb70-4383-be3c-1378ed096bbd,393,SREEM HALLMARKING CENTRE,"Ground and First floor, Nazrul sekh Market,Amtala,Kanyanagar,South 24 Parganas,West Bengal-743503, SOUTH 24 PARGANAS, KANYA NAGAR, WEST BENGAL ,743503",WEST BENGAL,743503,KANYANAGAR,SOUTH 24 PARGANAS,HIGH,0.83,explicit DISTRICT/DISTT marker in address; city inferred from district-adjacent address token: KANYANAGAR,False
f43fe22a-c3da-4ba2-b2d4-dbdec2a25f06,395,GURUKRIPA HALLMARKING CENTRE,"WARD NO-30,MAIN ROAD, PURANA CHOWKBUXAR, BUXAR, BUXAR, BIHAR ,802101",BIHAR,802101,,BUXAR,MEDIUM,0.55,explicit DISTRICT/DISTT marker in address,True
09a1fdac-c4ce-4060-bb75-82456f93584d,426,SHIVGURU HALLMARKING CENTRE,"1ST FLOOR, TRIVEDI COMPLEXPURANA CHOWK,BUXAR, BUXAR, BUXAR, BIHAR ,802101",BIHAR,802101,1ST FLOOR,BUXAR,HIGH,0.83,explicit DISTRICT/DISTT marker in address; city inferred from district-adjacent address token: 1ST FLOOR,False
a0b53b79-16bc-4f96-99a3-a46f4fb2817b,396,ANAND HALLMARKING CENTRE,"WARD NO. 10, H.NO.- 143,BAMAKHAPA ROAD, RAMPUR HAT, BIRBHUM, RAMPURHAT, WEST BENGAL ,731224",WEST BENGAL,731224,RAMPUR HAT,BIRBHUM,HIGH,0.83,explicit DISTRICT/DISTT marker in address; city inferred from district-adjacent address token: RAMPUR HAT,False
5a6f3285-893c-4bf7-b25f-83612175dde1,554,SRI GANESH HALLMARKING CENTRE,"MAHAPRABHU ROAD, HATTALA, RAMPURHAT, BIRBHUM, RAMPURHAT, WEST BENGAL ,731224",WEST BENGAL,731224,RAMPURHAT,BIRBHUM,HIGH,0.83,explicit DISTRICT/DISTT marker in address; city inferred from district-adjacent address token: RAMPURHAT,False
982a3453-9765-41c1-bc16-63da24bf8470,556,KP GOLD HALLMARKING CENTRE,"135/111,HATTALA PARA, BIRBHUM, RAMPURHAT, WEST BENGAL ,731224",WEST BENGAL,731224,RAMPURHAT,BIRBHUM,HIGH,0.83,explicit DISTRICT/DISTT marker in address; city inferred from district-adjacent address token: RAMPURHAT,False
6fe9fc3f-0b42-4a83-a6e1-31397085b147,398,SHREE NATH HALLMARKING CENTER,"Muktarpara, Dakshin Dinajpur, Balurghat, DAKSHIN DINAJPUR, BALURGHAT, WEST BENGAL ,733101",WEST BENGAL,733101,MUKTARPARA,DAKSHIN DINAJPUR,HIGH,0.83,explicit DISTRICT/DISTT marker in address; city inferred from district-adjacent address token: MUKTARPARA,False
3c19c1fd-e27e-484e-a69b-317d144a5eba,400,JOYGURU HALLMARKING CENTRE,"BERABERIA, HOWRAH, BAGNAN, WEST BENGAL ,711303",WEST BENGAL,711303,BERABERIA,HOWRAH,HIGH,0.83,explicit DISTRICT/DISTT marker in address; city inferred from district-adjacent address token: BERABERIA,False
561e69f5-598c-48b1-994f-4997f5d56e95,435,JHUMKA HALLMARKING & ASSAYING CENTRE,"BAGNAN STATION ROAD, BERABERIANORTH BAGNAN, HOWRAH, BAGNAN, WEST BENGAL ,711303",WEST BENGAL,711303,BERABERIANORTH BAGNAN,HOWRAH,HIGH,0.83,explicit DISTRICT/DISTT marker in address; city inferred from district-adjacent address token: BERABERIANORTH BAGNAN,False
31f9e718-f030-42a3-a8ff-a19e52840175,500,BALAJI REFINERY AND HALLMARKING CENTRE,"Dag no 1073 Khatian no 4193 JL No 60Station Road Bagnan, HOWRAH, BAGNAN, WEST BENGAL ,711303",WEST BENGAL,711303,BAGNAN,HOWRAH,HIGH,0.83,explicit DISTRICT/DISTT marker in address; city inferred from district-adjacent address token: BAGNAN,False
14e5f0d3-ab2f-4d60-a573-0e23e99d220e,507,ATISH HALLMARKING & ASSAYING CENTRE,"BAGNAN STATION ROAD NORTH,BAGNAN,, HOWRAH, BAGNAN, WEST BENGAL ,711303",WEST BENGAL,711303,BAGNAN,HOWRAH,HIGH,0.83,explicit DISTRICT/DISTT marker in address; city inferred from district-adjacent address token: BAGNAN,False
1bd3b13d-57d2-4d20-af2c-733507c0e3ea,403,V R ASSAYING AND HALLMARKIN CENTRE,"VITTHAL HOUSE, ISPAT COLONYBEHIND SWEET INDIA, BOKARO, CHAS (BOKARO), JHARKHAND ,827013",JHARKHAND,827013,,,LOW,0.1,No valid district in address or pincode lookup,True
a840364e-27f8-469f-af82-c87ebc339a56,405,MAA GANGA HALLMARKING CENTRE,"HARI HAT,9 KHARER BAZARKATWA PURBA BURDWAN, BARDHAMAN, KATWA, WEST BENGAL ,713130",WEST BENGAL,713130,,,LOW,0.1,No valid district in address or pincode lookup,True
40294682-7a9e-4708-a321-815797a58a9d,409,BASANT ASSAYING AND HALLMARKING CENTRE,"GROUND FLOOR NA 15 KAHARER BAZARKATWA, BARDHAMAN, KATWA, WEST BENGAL ,713130",WEST BENGAL,713130,,,LOW,0.1,No valid district in address or pincode lookup,True
897d8c7a-c1c1-4f39-8b8b-f8b04a065d1c,407,SOM ASSAING CENTRE,"57/1, BARANASHI ROY ROAD, SONAPOTTI, KRISHNANAGARNADIA (W.B.) - 741101, NADIA, KRISHNANAGAR, WEST BENGAL ,741101 OSC Address: Dag No. 1257/6351,Mouza:- Tehatta 101 Vill, Post & PS: Tehatta,, NADIA, TEHATTA, WEST BENGAL, 741160",WEST BENGAL,741160,KRISHNANAGAR,NADIA,HIGH,0.83,explicit DISTRICT/DISTT marker in address; city inferred from district-adjacent address token: KRISHNANAGAR,False
5ea01d6d-c949-4168-bc48-ae53241de1af,590,SHIVAJI HALLMARK CENTRE,"TEHATTA BAZAR, NADIA, TEHATTA, WEST BENGAL ,741160",WEST BENGAL,741160,TEHATTA,NADIA,HIGH,0.83,explicit DISTRICT/DISTT marker in address; city inferred from district-adjacent address token: TEHATTA,False
3adbf93c-9a1a-4c7e-8d9f-3e83a559fa7e,593,DHAN LAKSHMI ASSAY CENTRE,"TEHATTA BAZARTEHATTA, NADIA, TEHATTA, WEST BENGAL ,741160",WEST BENGAL,741160,TEHATTA BAZARTEHATTA,NADIA,HIGH,0.83,explicit DISTRICT/DISTT marker in address; city inferred from district-adjacent address token: TEHATTA BAZARTEHATTA,False
0c8a15ea-51db-4705-917d-fd20874f295c,412,S G HALLMARKING CENTRE,"1st Floor, Sri Ram Market. Chowk BazarBIHARSHARIF, NALANDA, BIHARSHARIF, BIHAR ,803101",BIHAR,803101,,,LOW,0.1,No valid district in address or pincode lookup,True
1b695abe-8faa-4aa7-8c32-f7f845892a8c,633,MADINA HALL MARKING CENTRE,"CHOWK BAZAR, IMAM BARAH, BIHARSHARIF, NALANDA, NALANDA, BIHARSHARIF, BIHAR ,803101",BIHAR,803101,,,LOW,0.1,No valid district in address or pincode lookup,True
29ef843e-469b-420a-88b6-72d38ce58efc,634,SRI RAM HALLMARKING AND ASSAYING CENTRE,"Ground 409 C/O Subhash KumarLeheri Mohalla Road ,Halwatta Chowk Bazar, NALANDA, BIHARSHARIF, BIHAR ,803101",BIHAR,803101,,,LOW,0.1,No valid district in address or pincode lookup,True
3266c0cc-758f-4be0-91a7-806ed7db3c66,414,R D ASSAYING AND HALLMARKING CENTRE,"SAHEBGANJ, SONARPOTTI, CHHAPRASARAN (BIHAR)- 841301, SARAN, CHAPRA, BIHAR ,841301",BIHAR,841301,CHHAPRASARAN,SARAN,HIGH,0.83,explicit DISTRICT/DISTT marker in address; city inferred from district-adjacent address token: CHHAPRASARAN,False
30bda78b-b1dd-40f2-8f31-ba3079ea2384,417,Sree Ganapati Hallmarking Centre,"Ruma Sweets Building, Nachan Road, Benachity,Durgapur, Paschim Bardhaman, BARDHAMAN, DURGAPUR, WEST BENGAL ,713213 OSC Address: Ward No-13,Chandnipara, Suri, BIRBHUM, SURI, WEST BENGAL, 731101",WEST BENGAL,731101,DURGAPUR,PASCHIM BARDHAMAN,HIGH,0.83,explicit DISTRICT/DISTT marker in address; city inferred from district-adjacent address token: DURGAPUR,False
e7970dd5-f586-4671-88a7-374a9894292c,545,MAHISHMATI HALLMARK CENTRE,"193/73,CHANDNI PARA,SURI, BIRBHUM, SURI, WEST BENGAL ,731101",WEST BENGAL,731101,SURI,BIRBHUM,HIGH,0.83,explicit DISTRICT/DISTT marker in address; city inferred from district-adjacent address token: SURI,False
821b046c-1176-42c0-882d-f57d504cb1bb,418,S A HALLMARKING CENTRE,"Holding No. 220, Poddar Para Mahalla, Poddar Para,Bankura, West Bengal 722101, BANKURA, BANKURA, WEST BENGAL ,722101",WEST BENGAL,722101,,BANKURA,MEDIUM,0.55,explicit DISTRICT/DISTT marker in address,True
3fbe5a67-7190-48b1-a8e8-e9f28e98fb94,534,ROHIT HALLMARKING CENTRE,"HOLDING NO. 36 AND CIRCLE NO. 03 MAHALLA RAKSHITSUBHAS ROAD, BANKURA, BANKURA, WEST BENGAL ,722101",WEST BENGAL,722101,,BANKURA,MEDIUM,0.55,explicit DISTRICT/DISTT marker in address,True
3023f69d-3019-4db1-a8bc-6254bdcac7bb,421,SRI GANESH HALLMARKING CENTRE RAIGANJ,"2ND FLOOR, UKILPARANEAR PUBLIC BUS STAND, UTTAR DINAJPUR, RAIGANJ, WEST BENGAL ,733134",WEST BENGAL,733134,UKILPARANEAR PUBLIC BUS STAND,UTTAR DINAJPUR,HIGH,0.83,explicit DISTRICT/DISTT marker in address; city inferred from district-adjacent address token: UKILPARANEAR PUBLIC BUS STAND,False
db3db502-f34c-41f2-814d-970393859a25,543,MAA DURGA HALLMARKING AND TESTING CENTRE,"WARD NO. 19, JL DAG NO. 2085, KHATIAN NO. 10234HOLDING NO. 140/118 LINE BAZAR, RAIGANJ, UTTAR DINAJPUR, RAIGANJ, WEST BENGAL ,733134",WEST BENGAL,733134,RAIGANJ,UTTAR DINAJPUR,HIGH,0.83,explicit DISTRICT/DISTT marker in address; city inferred from district-adjacent address token: RAIGANJ,False
c9e4f14b-97ac-4051-ac71-49d597d8927c,552,JYOTIRLING HALLMARKING CENTRE,"1ST FLOOR, RAINBOW GOLD ABASANRAINBOW TOWER, THANA ROAD, MEDICINE STORE, UTTAR DINAJPUR, RAIGANJ, WEST BENGAL ,733134",WEST BENGAL,733134,MEDICINE STORE,UTTAR DINAJPUR,HIGH,0.83,explicit DISTRICT/DISTT marker in address; city inferred from district-adjacent address token: MEDICINE STORE,False
3e324106-5344-4599-9d4a-6821f33dd335,422,DK ASSAYING & HALLMARKING CENTRE,"GOLAPBAG, WARD NO.-10, BRAHMA MANDIR SAHI, MAYURBHANJ, BARIPADA, ODISHA ,757001",ODISHA,757001,BRAHMA MANDIR SAHI,MAYURBHANJ,HIGH,0.83,explicit DISTRICT/DISTT marker in address; city inferred from district-adjacent address token: BRAHMA MANDIR SAHI,False
04c2a17f-6cee-4564-8717-9f030e838cc3,609,RSLAXMI HALMARKING CENTRE,"1 ST FLOOR,PLOT NO.162/594,LALBAZARGOLAP BAG,BARIPADA,MAYURBHANJ, MAYURBHANJ, BARIPADA, ODISHA ,757001",ODISHA,757001,BARIPADA,MAYURBHANJ,HIGH,0.83,explicit DISTRICT/DISTT marker in address; city inferred from district-adjacent address token: BARIPADA,False
385aa75d-8a96-4887-a524-8aecdea12aa2,424,RADHAKRISHNA ASSAYING AND HALLLMARKING CENTRE,"645/293, ITENDA ROAD,NORTH 24 PARGANAS, WEST BENGAL, NORTH 24 PARGANAS, BASIRHAT, WEST BENGAL ,743411 OSC Address: NO. 113/15, NORTH BIRESHPALLYP.O â MADHYAMGRAM, NORTH 24 PARGANAS, MADHYAMGRAM, WEST BENGAL, 700129",WEST BENGAL,700129,BASIRHAT,NORTH 24 PARGANAS,HIGH,0.83,explicit DISTRICT/DISTT marker in address; city inferred from district-adjacent address token: BASIRHAT,False
ed1205fe-e3c8-4206-bf7b-d221ab4daafb,465,SACHIN HALLMARKING CENTRE,"GROUND FLOOR,0,1/S/88,B.T ROAD(THAKUR CORNER),PANIHATI NORTH 24 PARGANAS,WEST BENGAL,700114, NORTH 24 PARGANAS, SODEPUR, WEST BENGAL ,700114 OSC Address: GROUND FLOOR, SHANTI NIKETAN APARTMENT,95 NORTH BIRESH PALLY, NORTH 24 PARGANAS, MADHYAMGRAM, WEST BENGAL, 700129",WEST BENGAL,700129,SODEPUR,NORTH 24 PARGANAS,HIGH,0.83,explicit DISTRICT/DISTT marker in address; city inferred from district-adjacent address token: SODEPUR,False
cf2ab3d1-a988-40fa-a0a2-ea2cf800d0d3,486,OM ASSAY CENTRE,"WARD NO. 22, INO DEBIGARHMADHYAMGRAM, SODEPUR ROAD EAST, NORTH 24 PARGANAS, MADHYAMGRAM, WEST BENGAL ,700129",WEST BENGAL,700129,MADHYAMGRAM,NORTH 24 PARGANAS,HIGH,0.83,explicit DISTRICT/DISTT marker in address; city inferred from district-adjacent address token: MADHYAMGRAM,False
3fa7ab09-e9a3-46b6-8136-f9ea4939284c,425,LOKENATH ASSAY CENTRE,"157/4, G.T ROAD,SHEORAPPHULYHOOGHLY-712223, HOOGHLY, SHEORAPHULI, WEST BENGAL ,712223",WEST BENGAL,712223,SHEORAPPHULY,HOOGHLY,HIGH,0.83,explicit DISTRICT/DISTT marker in address; city inferred from district-adjacent address token: SHEORAPPHULY,False
086354ef-5adc-4949-a22b-0453a4f07d6a,504,JADHAV HALLMARMARKING CENTRE,"48/1/2 NONADANGA ROADSEORAPHULI, HOOGHLY, SHEORAPHULI, WEST BENGAL ,712223",WEST BENGAL,712223,2 NONADANGA ROADSEORAPHULI,HOOGHLY,HIGH,0.83,explicit DISTRICT/DISTT marker in address; city inferred from district-adjacent address token: 2 NONADANGA ROADSEORAPHULI,False
ad046b40-6649-495e-8834-c0d2ba23f304,429,SHREE HALLMARK AND ASSAY CENTRE,"VILL GRAKAMALPUR PO. MAHISHADALEAST MEDNIPUR, PURBA MEDINIPUR, MAHISADAL, WEST BENGAL ,721628",WEST BENGAL,721628,VILL GRAKAMALPUR PO MAHISHADALEAST MEDNIPUR,PURBA MEDINIPUR,HIGH,0.83,explicit DISTRICT/DISTT marker in address; city inferred from district-adjacent address token: VILL GRAKAMALPUR PO MAHISHADALEAST MEDNIPUR,False
741ffc87-c4c1-4499-a363-1ba3df10fd54,529,NEW RAJ HALLMARKING CENTRE,"GARKAMALPURMAHISADAL, PURBA MEDINIPUR, MAHISADAL, WEST BENGAL ,721628",WEST BENGAL,721628,GARKAMALPURMAHISADAL,PURBA MEDINIPUR,HIGH,0.83,explicit DISTRICT/DISTT marker in address; city inferred from district-adjacent address token: GARKAMALPURMAHISADAL,False
f6e76377-7efb-4537-b230-a6dd0731c0d2,431,MAA TARA HM CENTER PRIVATE LIMITED,"WARD NO.38, HOLDING NO-4, KHASRA NO-331MANIHARI PATTI LANE, SUJAGANJ, BHAGALPUR - 812002, BHAGALPUR, BHAGALPUR, BIHAR ,812002",BIHAR,812002,SUJAGANJ,BHAGALPUR,HIGH,0.83,explicit DISTRICT/DISTT marker in address; city inferred from district-adjacent address token: SUJAGANJ,False
0830ef58-4a1b-4e22-9ee7-f14f088f38a6,640,H L HALLMARKING CENTER,"SONAPATTI, NARNOLI KATA, ANANT RAM LANE, SUJAGANJ,BHAGALPUR, BIHAR 812002, BHAGALPUR, BHAGALPUR, BIHAR ,812002",BIHAR,812002,SUJAGANJ,BHAGALPUR,HIGH,0.83,explicit DISTRICT/DISTT marker in address; city inferred from district-adjacent address token: SUJAGANJ,False
949b2d27-7d2b-4f64-b373-54627a107e17,433,MAA NACHINDA HALLMARKING CENTRE,"1ST FLOOR, UDHDHAKHALI BAZAR,HERIA, PURBA MEDINIPUR, KHEJURI, WEST BENGAL ,721430",WEST BENGAL,721430,HERIA,PURBA MEDINIPUR,HIGH,0.83,explicit DISTRICT/DISTT marker in address; city inferred from district-adjacent address token: HERIA,False
8341b6a6-d60a-400e-b69f-8324e695e8e3,527,SHREE SIDDHANATH HALLMARKING CENTRE,"UDHAKHALI BAZARHERIA, PURBA MEDINIPUR, KHEJURI, WEST BENGAL ,721430",WEST BENGAL,721430,UDHAKHALI BAZARHERIA,PURBA MEDINIPUR,HIGH,0.83,explicit DISTRICT/DISTT marker in address; city inferred from district-adjacent address token: UDHAKHALI BAZARHERIA,False
00ff55d3-4e39-4575-baa0-b5d0a00b073b,434,MAA NACHINDA HALLMARKING CENTRE,"1ST FLOOR, UDHDHAKHALI BAZAR,HERIA, PURBA MEDINIPUR, KHEJURI, WEST BENGAL ,721430 OSC Address: Rupadighi,Manglamaro,Pataspur, Purba Medinipur, PURBA MEDINIPUR, MANGLAMARO, WEST BENGAL, 721434",WEST BENGAL,721434,HERIA,PURBA MEDINIPUR,HIGH,0.83,explicit DISTRICT/DISTT marker in address; city inferred from district-adjacent address token: HERIA,False
2ee9a345-b331-4e6e-9c17-cc769b2731b3,437,IMPERIAL HALLMARKING LLP,"SIDDHA PARK , 99 A PARK STREET1ST FLOOR, KOLKATA, PARK STREET, WEST BENGAL ,700016",WEST BENGAL,700016,99 A PARK STREET1ST FLOOR,KOLKATA,HIGH,0.83,explicit DISTRICT/DISTT marker in address; city inferred from district-adjacent address token: 99 A PARK STREET1ST FLOOR,False
8533f5b6-47f7-484d-8857-88a54c71d745,438,TARINI HALLMARKING CENTRE,"3RD FLOOR, BHATIA UNIT -4, VYASANAGAR, JAJPUR ROAD, JAJPUR, JAJPUR, ODISHA ,755019",ODISHA,755019,VYASANAGAR,JAJPUR,HIGH,0.83,explicit DISTRICT/DISTT marker in address; city inferred from district-adjacent address token: VYASANAGAR,False
fc9bf9a3-633d-4e48-adf4-cf7ce0881747,440,GAURI VISHVANATH ASSAYING AND HALLMARKING CENTRE,"WARD NO.-26 MADAR DARWZAANDAR NAGARPALIKA, ROHTAS, SASARAM, BIHAR ,821115",BIHAR,821115,26 MADAR DARWZAANDAR NAGARPALIKA,ROHTAS,HIGH,0.83,explicit DISTRICT/DISTT marker in address; city inferred from district-adjacent address token: 26 MADAR DARWZAANDAR NAGARPALIKA,False
17def083-f5ad-4ed4-99b1-c10d4550bd66,646,SHREE GANESH HALLMARKING CENTER,"MULL- KILA , NAVRATAN BAZAR SASARAMROHTAS, BIHAR, ROHTAS, SASARAM, BIHAR ,821115",BIHAR,821115,SASARAM,ROHTAS,HIGH,0.83,explicit DISTRICT/DISTT marker in address; city inferred from district-adjacent address token: SASARAM,False
c736051c-0d5e-4d94-a804-55bfac42727b,442,Sri Pandurang Hallmark Center,"Ganesh Market, Premises No. 121 Chawk Chandni1st floor Kalna, BARDHAMAN, KALNA, WEST BENGAL ,713409",WEST BENGAL,713409,,,LOW,0.1,No valid district in address or pincode lookup,True
5fa66259-d5a6-40ca-aa76-b5de1ac8c317,443,K K HALLMARKING CENTRE,"WARD NO-4,484, P.C. SEN SARANI,P.O & P.S- ARAMBAGHHOOGHLY (W.B.)- 712601, HOOGHLY, ARAMBAGH, WEST BENGAL ,712601",WEST BENGAL,712601,P O & P S ARAMBAGH,HOOGHLY,HIGH,0.83,explicit DISTRICT/DISTT marker in address; city inferred from district-adjacent address token: P O & P S ARAMBAGH,False
e14444e4-5fab-4849-bf02-06bd39451505,520,SAGAR HALLMARKING CENTRE,"164, SADAR GHAT BAZAR, SADAR GHAT, ARAMBAGHHOOGHLY, WARD NO. 4 WEST BENGAL 712601, HOOGHLY, ARAMBAGH, WEST BENGAL ,712601",WEST BENGAL,712601,ARAMBAGH,HOOGHLY,HIGH,0.83,explicit DISTRICT/DISTT marker in address; city inferred from district-adjacent address token: ARAMBAGH,False
e43e93e4-fc8a-4686-bda7-1a1e5da38744,445,A N HALLMARKING CENTRE,"WARD NO 19, 307, NAMOPARA, A K SARKAR ROAD,RAJASTHAN TRANSPORT GALLI, PURULIA., PURULIA, PURULIA, WEST BENGAL ,723103",WEST BENGAL,723103,RAJASTHAN TRANSPORT GALLI,PURULIA,HIGH,0.83,explicit DISTRICT/DISTT marker in address; city inferred from district-adjacent address token: RAJASTHAN TRANSPORT GALLI,False
dfba2585-a33b-4962-be31-20e3e7222b24,446,DEYS HALLMARKING CENTRE,"BENEPARA, DHOBAPARA, PANDUA,Distt: HOOGHLY, WEST BENGAL, PIN- 712149, HOOGHLY, PANDUA, WEST BENGAL ,712149",WEST BENGAL,712149,PIN 712149,HOOGHLY,HIGH,0.83,explicit DISTRICT/DISTT marker in address; city inferred from district-adjacent address token: PIN 712149,False
dbf5433b-4b84-460c-889f-a27b9a7fb044,499,SRI PANDURANG HALLMARK CENTRE,"PANDUA DAS MARKET BENEPARADAG 7072 MOUZA 108 POST PANDUA, HOOGHLY, PANDUA, WEST BENGAL ,712149",WEST BENGAL,712149,PANDUA,HOOGHLY,HIGH,0.83,explicit DISTRICT/DISTT marker in address; city inferred from district-adjacent address token: PANDUA,False
9d7aed2d-4592-4ac0-8045-9cc74ed6f3cb,447,RISHI HALLMARKING CENTRE,"VILLAGE-TANTIPARA,P.O-AURANGABAD,P.S-SUTI,, MURSHIDABAD, AURANGABAD (MURSHIDABAD), WEST BENGAL ,742201",WEST BENGAL,742201,P S SUTI,MURSHIDABAD,HIGH,0.83,explicit DISTRICT/DISTT marker in address; city inferred from district-adjacent address token: P S SUTI,False
b52d86d6-1e34-4458-a89e-048a2220cad8,578,MAA TARA HALLMARKING CENTER,"CHACHANDA, SAMSERGANJ, Uttar Mahammadpur,Murshidabad, MURSHIDABAD, MURSHIDABAD, WEST BENGAL ,742224 OSC Address: AURANGABAD KUMORPARA,ICHLIPARA, SUTI, MURSHIDABAD, AURANGABAD (MURSHIDABAD), WEST BENGAL, 742201",WEST BENGAL,742201,UTTAR MAHAMMADPUR,MURSHIDABAD,HIGH,0.83,explicit DISTRICT/DISTT marker in address; city inferred from district-adjacent address token: UTTAR MAHAMMADPUR,False
9caf9a76-f177-41f3-aa3e-d3a2bd18f81b,449,NALANDA HALLMARKING CENTRE,"1ST FLOOR, MAA YASHODHA COMPLEX, SONARPATI, STATIONAWADA, NAWADA, NAWADA KUTCHERY, BIHAR ,805110",BIHAR,805110,STATIO,NAWADA,HIGH,0.83,explicit DISTRICT/DISTT marker in address; city inferred from district-adjacent address token: STATIO,False
c50ccd16-1d5d-450b-9113-44dee9d1d9b1,451,SUMAN HALLMARKING CENTRE,"SAIYADPUR, PURBA MEDINIPUR, RAMNAGAR (EAST MIDNAPORE), WEST BENGAL ,721441",WEST BENGAL,721441,SAIYADPUR,PURBA MEDINIPUR,HIGH,0.83,explicit DISTRICT/DISTT marker in address; city inferred from district-adjacent address token: SAIYADPUR,False
2947caa9-92ca-4328-8f11-21cddc7ea41e,524,H PAWAR HALLMARKING CENTRE,"SAIYADPUR, RAMNAGAR, PURBA MEDINIPUR, , WEST BENGAL ,721441",WEST BENGAL,721441,RAMNAGAR,PURBA MEDINIPUR,HIGH,0.83,explicit DISTRICT/DISTT marker in address; city inferred from district-adjacent address token: RAMNAGAR,False
f836b542-0281-484b-b517-11aa45376af5,452,SUMAN HALLMARKING CENTRE,"SAIYADPUR, PURBA MEDINIPUR, RAMNAGAR (EAST MIDNAPORE), WEST BENGAL ,721441 OSC Address: Dehurda, PL NO-95,Thanachhaka, Baleswar,, BALASORE, BALASORE, ODISHA, 756036",ODISHA,756036,BALESWAR,BALASORE,HIGH,0.83,explicit DISTRICT/DISTT marker in address; city inferred from district-adjacent address token: BALESWAR,False
9b9f6744-1105-4da7-9040-b861b8556f5f,453,H L HALLMARKING CENTRE,"645/298, WARD NO - 11, BASIRHATDIST - NORTH 24 PARGANS, NORTH 24 PARGANAS, BASIRHAT, WEST BENGAL ,743412",WEST BENGAL,743412,BASIRHATDIST NORTH 24 PARGANS,NORTH 24 PARGANAS,HIGH,0.83,explicit DISTRICT/DISTT marker in address; city inferred from district-adjacent address token: BASIRHATDIST NORTH 24 PARGANS,False
b011ef5a-6183-4bb7-a939-6a48c81c9c62,454,LOKENATH ASSAY CENTRE,"G P COMPLEX, 1ST FLOOR, HOLDING NO. 858TUFANGANJ MAIN ROAD, COOCHBEHAR- 736159, COOCH BEHAR, TUFANGANJ, WEST BENGAL ,736159",WEST BENGAL,736159,,,LOW,0.1,No valid district in address or pincode lookup,True
023582ab-a13f-49a6-a053-63b68b5df73c,541,S P ASSAYING AND HALLMARKING CENTRE,"Holding No. 1122, 01st Floor, Tufanganj Main RoadNr Tufanganj Bus Stand & Opp. Swarna Shilpi Samiti, COOCH BEHAR, TUFANGANJ, WEST BENGAL ,736159",WEST BENGAL,736159,,,LOW,0.1,No valid district in address or pincode lookup,True
46a7f46e-a88d-42de-a83f-e65417019b2c,456,ALANKAR HALLMARK AND TUNCH CENTER,"WARD NO. 13, RATAN CHOWKJANKISTHAN, SONAPATTI ROAD, SITAMARHI, SITAMARHI, SITAMARHI, BIHAR ,843302",BIHAR,843302,RATAN CHOWKJANKISTHAN,SITAMARHI,HIGH,0.83,explicit DISTRICT/DISTT marker in address; city inferred from district-adjacent address token: RATAN CHOWKJANKISTHAN,False
68986b75-9911-4524-a903-a2bfd2afb41c,662,MAA KAMAKHYA HALLMARKING CENTER,"SONAPATTI WARD NO 6 CHANDRASEKHAR AZAD TOWER, SITAMARHI, SITAMARHI, BIHAR ,843302",BIHAR,843302,,SITAMARHI,MEDIUM,0.55,explicit DISTRICT/DISTT marker in address,True
b5a2b625-1cef-4504-82bf-65e01bc251fb,663,BALAJI TONCH AND HALLMARK CENTER,"MIRCHAIPATTI WARD NO 08SITAMARHI, SITAMARHI, SITAMARHI BAZAR, BIHAR ,843302",BIHAR,843302,,SITAMARHI,MEDIUM,0.55,explicit DISTRICT/DISTT marker in address,True
eb7c5683-998d-4090-a1ec-287a753426eb,457,MA TARA ASSAY CENTRE,"39D,1st floorBeninandan street, Kolkata,, KOLKATA, KALIGHAT, WEST BENGAL ,700025",WEST BENGAL,700025,KALIGHAT,KOLKATA,HIGH,0.83,explicit DISTRICT/DISTT marker in address; city inferred from district-adjacent address token: KALIGHAT,False
0bbf60f3-04a7-4cce-812a-6f8d6324aa7b,458,Ma Tara Assay Centre,"39D,1st floorBeninandan street, Kolkata,, KOLKATA, KALIGHAT, WEST BENGAL ,700025 OSC Address: GROUND,B/49/5/H/149,KARL MARX SARANI, KOLKATA, KOLKATA, WEST BENGAL, 700023",WEST BENGAL,700023,KALIGHAT,KOLKATA,HIGH,0.83,explicit DISTRICT/DISTT marker in address; city inferred from district-adjacent address token: KALIGHAT,False
5e15e84a-b5fd-4397-813d-7565757480ff,460,A ONE HALLMARKING CENTER,"12 10/1, S.N BANERJEE ROAD. BARRACKPORE.North 24 Parganas, West Bengal, 700120, NORTH 24 PARGANAS, BARRACKPORE, WEST BENGAL ,700120",WEST BENGAL,700120,BARRACKPORE,NORTH 24 PARGANAS,HIGH,0.83,explicit DISTRICT/DISTT marker in address; city inferred from district-adjacent address token: BARRACKPORE,False
378a813d-4e60-4133-a79f-df0f7384f3c5,462,LAXMI HALLMARKING CENTRE,"14,GARANHATTA STREET,2ND FLOOR,KOLKATA-700006, KOLKATA, BAGHBAZAR, WEST BENGAL ,700006",WEST BENGAL,700006,BAGHBAZAR,KOLKATA,HIGH,0.83,explicit DISTRICT/DISTT marker in address; city inferred from district-adjacent address token: BAGHBAZAR,False
cbc3fd6a-c689-45a3-b325-937bc3e35723,469,J B HALLMARKING CENTER,"36,GROUND FLOOR,GARANHATTA, KOLKATA, BEADON STREET, WEST BENGAL ,700006",WEST BENGAL,700006,GARANHATTA,KOLKATA,HIGH,0.83,explicit DISTRICT/DISTT marker in address; city inferred from district-adjacent address token: GARANHATTA,False
b83cda49-ad1b-496f-b51a-531e758c117a,472,SPRIHA HALLMARKING CENTER,"1st and 2nd FLOOR,1/1, FAKIR CHAKRABORTY LANE, KOLKATA, KOLKATA, WEST BENGAL ,700006",WEST BENGAL,700006,FAKIR CHAKRABORTY LANE,KOLKATA,HIGH,0.83,explicit DISTRICT/DISTT marker in address; city inferred from district-adjacent address token: FAKIR CHAKRABORTY LANE,False
37ea2a0f-d69a-49b8-b316-bfd0e85c0640,480,G M B HALLMARKING CENTER,"3RD FLOOR7A FAKIR CHAKRABORTY LANE, KOLKATA, KOLKATA, WEST BENGAL ,700006",WEST BENGAL,700006,3RD FLOOR7A FAKIR CHAKRABORTY LANE,KOLKATA,HIGH,0.83,explicit DISTRICT/DISTT marker in address; city inferred from district-adjacent address token: 3RD FLOOR7A FAKIR CHAKRABORTY LANE,False
3fe41551-9b97-4183-8e80-ffef8491615d,492,TARAKNATH HALLMARKING CENTRE,"2, JADU PANDIT ROADKOLKATA, WEST BENGAL 700006, KOLKATA, CHITTARANJAN AVENUE (KOLKATA), WEST BENGAL ,700006",WEST BENGAL,700006,CHITTARANJAN,KOLKATA,HIGH,0.83,explicit DISTRICT/DISTT marker in address; city inferred from district-adjacent address token: CHITTARANJAN,False
168e226a-6522-4aa8-bc8d-b1408208bc5d,464,SACHIN HALLMARKING CENTRE,"GROUND FLOOR,0,1/S/88,B.T ROAD(THAKUR CORNER),PANIHATI NORTH 24 PARGANAS,WEST BENGAL,700114, NORTH 24 PARGANAS, SODEPUR, WEST BENGAL ,700114",WEST BENGAL,700114,SODEPUR,NORTH 24 PARGANAS,HIGH,0.83,explicit DISTRICT/DISTT marker in address; city inferred from district-adjacent address token: SODEPUR,False
d88b06e6-5926-4792-aabb-5cc67ff7a5d4,487,OM ASSAY CENTRE,"WARD NO. 22, INO DEBIGARHMADHYAMGRAM, SODEPUR ROAD EAST, NORTH 24 PARGANAS, MADHYAMGRAM, WEST BENGAL ,700129 OSC Address: THAKUR CORNER MARKETSODEPUR, NORTH 24 PARGANAS, SODEPUR, WEST BENGAL, 700114",WEST BENGAL,700114,MADHYAMGRAM,NORTH 24 PARGANAS,HIGH,0.83,explicit DISTRICT/DISTT marker in address; city inferred from district-adjacent address token: MADHYAMGRAM,False
253a5c2b-1587-434b-aa03-cb5605aefa73,466,A N HALLMARKING CENTRE & REFINERY,"111, UMA CHARAN ROY ROAD, P.O. & P.S.: BARUIPUR,, SOUTH 24 PARGANAS, BARUIPUR, WEST BENGAL ,700144",WEST BENGAL,700144,P O & P S BARUIPUR,SOUTH 24 PARGANAS,HIGH,0.83,explicit DISTRICT/DISTT marker in address; city inferred from district-adjacent address token: P O & P S BARUIPUR,False
f7dc1f41-f748-43de-98fd-af8f493dfdb3,483,J I S M HALLMARKING & REFINERY CENTRE,"106/A, WARD NO. 17, BARUIPUR, UMA CHARAN ROY ROADSOUTH 24 PARGANAS, WEST BENGAL - 700 144, SOUTH 24 PARGANAS, BARUIPUR BAZAR, WEST BENGAL ,700144",WEST BENGAL,700144,700 144,SOUTH 24 PARGANAS,HIGH,0.83,explicit DISTRICT/DISTT marker in address; city inferred from district-adjacent address token: 700 144,False
1a9c5770-1a63-4a99-b85f-6d5ea27de12f,471,GANESH HALLMARKING CENTER,"23 MAILING ADDRESS AT 27/3ROY BAHADUR ROAD BEHALA, KOLKATA, BEHALA, WEST BENGAL ,700034",WEST BENGAL,700034,BEHALA,KOLKATA,HIGH,0.83,explicit DISTRICT/DISTT marker in address; city inferred from district-adjacent address token: BEHALA,False
93dda1c5-b3b4-4bcc-8d89-ef92d6deb7b3,474,MAKALI HALLMARKING CENTRE,"0,8D,0,ROY BAHADUR ROAD BEHALAKOLKATA WEST BENGAL 700034, KOLKATA, BEHALA, WEST BENGAL ,700034",WEST BENGAL,700034,BEHALA,KOLKATA,HIGH,0.83,explicit DISTRICT/DISTT marker in address; city inferred from district-adjacent address token: BEHALA,False
11549ef2-ba4c-4417-b22a-1006ad2cbad6,477,A J Hallmarking Centre,"23/39,Gariahat Road, KOLKATA, BALLYGUNGE, WEST BENGAL ,700029",WEST BENGAL,700029,BALLYGUNGE,KOLKATA,HIGH,0.83,explicit DISTRICT/DISTT marker in address; city inferred from district-adjacent address token: BALLYGUNGE,False
2b4d82f7-c0d0-4f29-8f6b-51622a8aae6b,482,ACE HALLMARKING SERVICES PVT LTD,"P-20, Kasba Industrial EstatePhase-I, KOLKATA, KASBA (KOLKATA), WEST BENGAL ,700107",WEST BENGAL,700107,KASBA INDUSTRIAL ESTATEPHASE I,KOLKATA,HIGH,0.83,explicit DISTRICT/DISTT marker in address; city inferred from district-adjacent address token: KASBA INDUSTRIAL ESTATEPHASE I,False
3ae193d2-0c23-4eb5-b4cb-5af073c9fd08,488,BASANT ASSAYING AND HALLMARKING CENTRE,"400/B/1M,NSC BOSE ROAD8/20 LAXMI NARAYAN COLONY, KOLKATA, NAKTALA, WEST BENGAL ,700047",WEST BENGAL,700047,NAKTALA,KOLKATA,HIGH,0.83,explicit DISTRICT/DISTT marker in address; city inferred from district-adjacent address token: NAKTALA,False
093894e7-5684-4bd3-8e99-97ccdbdecf6f,498,STAR HALLMARKING CENTRE,"4TH FLOOR, 5 KANNULAL LANE, BURRABAZARKOLKATA, WEST BENGAL-700007, KOLKATA, BOWBAZAR (KOLKATA), WEST BENGAL ,700007 OSC Address: 60/6, STATION ROAD,BHADRESWAR, HOOGHLY,, HOOGHLY, BHADRESWAR, WEST BENGAL, 712124",WEST BENGAL,712124,BO,KOLKATA,HIGH,0.83,explicit DISTRICT/DISTT marker in address; city inferred from district-adjacent address token: BO,False
673fa432-ff84-4897-9a27-150983c7bd05,501,SSR HALLMARKING CENTER,"1244,MANINDRA GOPAL MITRA SARANI, BAGBAZAR,, P.O.AND P.S.-CHANDERNAGORE,HOOGHLY, WEST BENGAL,712136, HOOGHLY, CHANDANNAGAR (HOOGHLY), WEST BENGAL ,712136",WEST BENGAL,712136,P O AND P S CHANDERNAGORE,HOOGHLY,HIGH,0.83,explicit DISTRICT/DISTT marker in address; city inferred from district-adjacent address token: P O AND P S CHANDERNAGORE,False
4e078f05-8bd5-4bb6-b7ac-3346f127fb09,502,SSR HALLMARKING CENTER,"1244,MANINDRA GOPAL MITRA SARANI, BAGBAZAR,, P.O.AND P.S.-CHANDERNAGORE,HOOGHLY, WEST BENGAL,712136, HOOGHLY, CHANDANNAGAR (HOOGHLY), WEST BENGAL ,712136 OSC Address: 662/56, THAKUR GOLICHINSURAH, HOOGHLY, HOOGHLY, CHINSURAH, WEST BENGAL, 712101",WEST BENGAL,712101,P O AND P S CHANDERNAGORE,HOOGHLY,HIGH,0.83,explicit DISTRICT/DISTT marker in address; city inferred from district-adjacent address token: P O AND P S CHANDERNAGORE,False
9253532c-4611-47e3-a046-de4c5c2cc54f,503,DHARMARAJ HALL MARKING CENTRE,"KALYANI COMPLEX, 14/1N, G.T.ROAD, BARAKARPO BARAKAR, PS KULTI, BARDHAMAN, BALTORIA, WEST BENGAL ,713324",WEST BENGAL,713324,,,LOW,0.1,No valid district in address or pincode lookup,True
c717b4f9-ca8f-48fe-b105-675c6d307969,505,M S JAGADAMBA ASSAY AND HALLMARKING CENTRE,"148 GRAND TRUNK ROADUTTARPARA KOTRUNG, HOOGHLY, UTTARPARA, WEST BENGAL ,712258",WEST BENGAL,712258,148 GRAND TRUNK ROADUTTARPARA KOTRUNG,HOOGHLY,HIGH,0.83,explicit DISTRICT/DISTT marker in address; city inferred from district-adjacent address token: 148 GRAND TRUNK ROADUTTARPARA KOTRUNG,False
a591e69f-0d34-41d4-beae-02957778fd85,506,SHRISHA GOLD ASSAY & HALLMARKING CENTRE,"4th Floor Domjur Business PlazaHowrah Amta Road, Domjur, HOWRAH, DOMJUR, WEST BENGAL ,711405",WEST BENGAL,711405,DOMJUR,HOWRAH,HIGH,0.83,explicit DISTRICT/DISTT marker in address; city inferred from district-adjacent address token: DOMJUR,False
8e4e21d6-5ae4-4cce-ba30-e3647fccf8e1,508,SHREE KRISHNA HALLMARKING CENTRE,"JAGADISHPUR ROADDOMJUR, HOWRAH, DOMJUR, WEST BENGAL ,711405",WEST BENGAL,711405,JAGADISHPUR ROADDOMJUR,HOWRAH,HIGH,0.83,explicit DISTRICT/DISTT marker in address; city inferred from district-adjacent address token: JAGADISHPUR ROADDOMJUR,False
131e7d76-0d86-4cd4-85f6-38c4d35d1da4,512,P T HALLMARKING CENTRE,"JELEPARA, DAKSHIN JHAPARDAHA, HOWRAH, DOMJUR, WEST BENGAL ,711405",WEST BENGAL,711405,DAKSHIN JHAPARDAHA,HOWRAH,HIGH,0.83,explicit DISTRICT/DISTT marker in address; city inferred from district-adjacent address token: DAKSHIN JHAPARDAHA,False
0f4d935d-2948-4f0a-9115-a74df2ad60a4,518,NEW B T HALLMARKING REFINING CENTRE,"ROY BHAVAN GROUND FLOOR,DOMJUR FOKOR DOKAN,HOWRAHROY BHAVAN GROUND FLOOR,DOMJUR FOKOR DOKAN,HOWRAH, HOWRAH, DOMJUR, WEST BENGAL ,711405",WEST BENGAL,711405,DOMJUR,HOWRAH,HIGH,0.83,explicit DISTRICT/DISTT marker in address; city inferred from district-adjacent address token: DOMJUR,False
5c8643cc-3376-4fc0-92c8-4f8fb1c16433,519,BALAJI TOUNCH AND HALLMARKING CENTRE,"Ground Floor Dag no 27 N A MONDAL MARKETJ P Road Domjur, HOWRAH, DOMJUR, WEST BENGAL ,711405",WEST BENGAL,711405,DOMJUR,HOWRAH,HIGH,0.83,explicit DISTRICT/DISTT marker in address; city inferred from district-adjacent address token: DOMJUR,False
64ddf06d-0e7b-4fee-8106-9e4b031d813b,510,SHIB SHAKTI HALLMARKING AND ASSAY CENTRE,"Dag no. 2515,JL No. 07 Khatian no. 1420Bargachia station Road, HOWRAH, BARGACHIA, WEST BENGAL ,711404",WEST BENGAL,711404,BARGACHIA,HOWRAH,HIGH,0.83,explicit DISTRICT/DISTT marker in address; city inferred from district-adjacent address token: BARGACHIA,False
a523d45a-9439-420f-a847-1892d0f31c2d,517,NEW BALAJI HALLMARKING AND ASSAY CENTRE,"1st FLOOR ROOM NO. 4 DAG NO. 3758,3759KHATIAN NO 5614,PANTHIAL,SHIBRAMPUR BARGACHIA, HOWRAH, BARGACHIA, WEST BENGAL ,711404",WEST BENGAL,711404,SHIBRAMPUR BARGACHIA,HOWRAH,HIGH,0.83,explicit DISTRICT/DISTT marker in address; city inferred from district-adjacent address token: SHIBRAMPUR BARGACHIA,False
fb0e5eba-12b7-4e35-ac11-eccb8ebce8df,511,M M S HALLMARKING CENTRE,"1ST FLOORAHILYABAI HOLKAR ROAD, HOOGHLY, MASAT, WEST BENGAL ,712701",WEST BENGAL,712701,MASAT,HOOGHLY,HIGH,0.83,explicit DISTRICT/DISTT marker in address; city inferred from district-adjacent address token: MASAT,False
7ee19adb-ac4c-4915-bdbb-b6a87ee13eb9,513,SHREYADEEP ASSAYING AND HALLMARKING CENTRE,"SINGUR BG MARKET ,NEAR SINGUR ELEVEN NO. RAILWAY GATE,, HOOGHLY, SINGUR, WEST BENGAL ,712409",WEST BENGAL,712409,SINGUR,HOOGHLY,HIGH,0.83,explicit DISTRICT/DISTT marker in address; city inferred from district-adjacent address token: SINGUR,False
54f3f6cf-2e30-4854-bc6d-66eef6c296d1,514,SREERAM ASSAY AND HALLMARKING CETRE,"102,37 KUMIRJALA ROADSERAMPORE, HOOGHLY, SERAMPORE, WEST BENGAL ,712203",WEST BENGAL,712203,37 KUMIRJALA ROADSERAMPORE,HOOGHLY,HIGH,0.83,explicit DISTRICT/DISTT marker in address; city inferred from district-adjacent address token: 37 KUMIRJALA ROADSERAMPORE,False
a5d2a20d-8a86-4ddc-8a4d-409d9d721a4b,515,R J ASSAYING AND HALLMARKING CENTRE,"Holding No- 11/A, Flat No-1Madhya Para Road, Guskara, Purba Bardhaman, BARDHAMAN, GUSHKARA NEW TOWN, WEST BENGAL ,713128",WEST BENGAL,713128,GUSKARA,PURBA BARDHAMAN,HIGH,0.83,explicit DISTRICT/DISTT marker in address; city inferred from district-adjacent address token: GUSKARA,False
9aeba193-420a-4f0c-ac20-3d6bc9f4bc38,521,SWASTIK HALLMARKING AND ASSAY CENTRE,"5473,KOTULPURKOTULPUR MAIN ROAD , KOTULPUR, BANKURA, KOTALPUR, WEST BENGAL ,722141",WEST BENGAL,722141,KOTULPUR,BANKURA,HIGH,0.83,explicit DISTRICT/DISTT marker in address; city inferred from district-adjacent address token: KOTULPUR,False
0214b412-0ff6-44ae-9940-112325f7ddc6,530,SIDDHANATH PRASANNA HALLMARKING CENTER,"WARD NO-15,SWARNA GALI,P.O-KOTULPUR,DIST-BANKURA, BANKURA, KOTALPUR, WEST BENGAL ,722141",WEST BENGAL,722141,KOTALPUR,BANKURA,HIGH,0.83,explicit DISTRICT/DISTT marker in address; city inferred from district-adjacent address token: KOTALPUR,False
a9b718a1-3dc0-4ce6-bd51-a5ac9658385e,522,PDM HALLMARKING CENTRE,"Village Dakshin GopalpurPanskura, PURBA MEDINIPUR, PANSKURA, WEST BENGAL ,721139",WEST BENGAL,721139,VILLAGE DAKSHIN GOPALPURPANSKURA,PURBA MEDINIPUR,HIGH,0.83,explicit DISTRICT/DISTT marker in address; city inferred from district-adjacent address token: VILLAGE DAKSHIN GOPALPURPANSKURA,False
97edf717-950d-4782-801c-add7dea3ccd4,526,SANATANI HALLMARKING CENTRE,"VILL- Kalikakhali, P.O- Match Chandipur, Chandipur, PURBA MEDINIPUR, MATHCHANDIPUR, WEST BENGAL ,721159",WEST BENGAL,721159,CHANDIPUR,PURBA MEDINIPUR,HIGH,0.83,explicit DISTRICT/DISTT marker in address; city inferred from district-adjacent address token: CHANDIPUR,False
4a961219-0468-4f69-bedb-cc19cdf0a4bc,528,LAXMI HALLMARKING CENTRE,"0,VILL-BARAGARH,PO-DEBRA,DEBRA,PASCHIM MEDINIPUR,WEST BENGAL,721116, PASCHIM MEDINIPUR, DEBRA BAZAR, WEST BENGAL ,721116",WEST BENGAL,721116,DEBRA,PASCHIM MEDINIPUR,HIGH,0.83,explicit DISTRICT/DISTT marker in address; city inferred from district-adjacent address token: DEBRA,False
d572ae5c-2117-4be7-92a8-1314e199ba03,531,SHREE GANESH HALLMARK CENTRE,"GARHBETA, PASCHIM MEDINIPUR, GARHBETA, WEST BENGAL ,721127",WEST BENGAL,721127,GARHBETA,PASCHIM MEDINIPUR,HIGH,0.83,explicit DISTRICT/DISTT marker in address; city inferred from district-adjacent address token: GARHBETA,False
cb6c65bf-ced6-4e77-a2a0-9cf0918db30b,533,MAA KALI HALLMARKING CENTRE,"1ST FLOOR, MAITY BHAWANGOBINDANAGAR, PASCHIM MEDINIPUR, CHECHUA GOBINDA NAGAR, WEST BENGAL ,721146",WEST BENGAL,721146,MAITY BHAWANGOBINDANAGAR,PASCHIM MEDINIPUR,HIGH,0.83,explicit DISTRICT/DISTT marker in address; city inferred from district-adjacent address token: MAITY BHAWANGOBINDANAGAR,False
61120ddd-b2ea-4557-bea2-29b41486b019,535,PRADYUT HALLMARKING CENTRE,"PLOT NO-96, BACHURDOBA, BUILDING GROUND FLOOR,P.O: JHARGRAM, JHARGRAM, , WEST BENGAL ,721507",WEST BENGAL,721507,P O,JHARGRAM,HIGH,0.83,explicit DISTRICT/DISTT marker in address; city inferred from district-adjacent address token: P O,False
7b32c807-b98b-4f56-8632-402264bc2862,536,BALAJI HALLMARKING & ASSAYING CENTRE,"OLD CHOWPATHI,NETAJI ROAD, FALAKATA, ALIPURDUAR, ALIPURDUAR, WEST BENGAL ,735211",WEST BENGAL,735211,FALAKATA,ALIPURDUAR,HIGH,0.83,explicit DISTRICT/DISTT marker in address; city inferred from district-adjacent address token: FALAKATA,False
e937a3ca-73e8-411a-9af9-e39f49cc4492,558,NIDHI ASSAYING AND HALLMARKING CENTRE,"NETAJI ROAD,FALAKATA,ALIPURDUAR, ALIPURDUAR, ALIPURDUAR, WEST BENGAL ,735211",WEST BENGAL,735211,FALAKATA,ALIPURDUAR,HIGH,0.83,explicit DISTRICT/DISTT marker in address; city inferred from district-adjacent address token: FALAKATA,False
da778e2a-c413-4653-8c0b-87f846b5ef34,537,SHREE BALAJI HALLMARKING CENTRE,"1st Floor, Shop No. 16, Biplabi Kshudiram MarketPost & PS: Gangarampur, DAKSHIN DINAJPUR, BALURGHAT, WEST BENGAL ,733124",WEST BENGAL,733124,BIPLABI KSHUDIRAM MARKETPOST & PS GANGARAMPUR,DAKSHIN DINAJPUR,HIGH,0.83,explicit DISTRICT/DISTT marker in address; city inferred from district-adjacent address token: BIPLABI KSHUDIRAM MARKETPOST & PS GANGARAMPUR,False
cd08f86d-1932-43d9-8ed3-5fbe01e11f43,540,GITANJALI HALLMARKING CENTRE,"SAINTHIA STATION ROADSAINTHIA, BIRBHUM, BIRBHUM, SAINTHIA, WEST BENGAL ,731234",WEST BENGAL,731234,SAINTHIA STATION ROADSAINTHIA,BIRBHUM,HIGH,0.83,explicit DISTRICT/DISTT marker in address; city inferred from district-adjacent address token: SAINTHIA STATION ROADSAINTHIA,False
28edbde8-73ab-477a-9ee3-4fd5ddb1f93e,546,LAKSHMI HALLMARK CENTRE,"Murarai, Birbhum, West Bengal-731219, BIRBHUM, MURARAI, WEST BENGAL ,731219",WEST BENGAL,731219,MURARAI,BIRBHUM,HIGH,0.83,explicit DISTRICT/DISTT marker in address; city inferred from district-adjacent address token: MURARAI,False
19d9255c-6ffd-443a-ae66-36a4e0d59ba5,548,D S HALLMARKING CENTRE,"OLD BUS STAND,ISLAMPURUTTAR DINAJPUR,WEST BENGAL-733202, UTTAR DINAJPUR, ISLAMPUR (NORTH DINAJPUR), WEST BENGAL ,733202",WEST BENGAL,733202,ISLAMPUR,UTTAR DINAJPUR,HIGH,0.83,explicit DISTRICT/DISTT marker in address; city inferred from district-adjacent address token: ISLAMPUR,False
76b5670d-fa3d-4255-a2a0-56b69b48bdb1,555,STAR HALLMARKING CENTRE ISLAMPUR,"VILL- CHOROUNGIMORE,P.O+P.S- ISLAMPUR, UTTAR DINAJPUR, UTTAR DINAJPUR, ISLAMPUR (NORTH DINAJPUR), WEST BENGAL ,733202",WEST BENGAL,733202,P O P S ISLAMPUR,UTTAR DINAJPUR,HIGH,0.83,explicit DISTRICT/DISTT marker in address; city inferred from district-adjacent address token: P O P S ISLAMPUR,False
939531b7-45ec-43dd-a985-f966688b714f,549,SRI GANESH HALLMARKING CENTRE DHUPGURI,"FIRST FLOOR, HOLDING NO 500,ALUPATTI, DHUPGURI, JALPAIGURI, DHUPGURI, WEST BENGAL ,735210",WEST BENGAL,735210,DHUPGURI,JALPAIGURI,HIGH,0.83,explicit DISTRICT/DISTT marker in address; city inferred from district-adjacent address token: DHUPGURI,False
22e5aa7e-f67e-47e3-b08b-6a69aa132881,550,SRI GANESH HALLMARKING CENTRE DHUPGURI,"FIRST FLOOR, HOLDING NO 500,ALUPATTI, DHUPGURI, JALPAIGURI, DHUPGURI, WEST BENGAL ,735210 OSC Address: ONAPATTY, PURATAN BAZAR, MAYNAGURI, JALPAIGURI, JALPAIGURI, MAYNAGURI, WEST BENGAL, 735224",WEST BENGAL,735224,DHUPGURI,JALPAIGURI,HIGH,0.83,explicit DISTRICT/DISTT marker in address; city inferred from district-adjacent address token: DHUPGURI,False
3c2d8083-e93c-4860-b6e4-6430bdeac29e,551,AMBIKA HALLMARKING CENTRE,"N S ROAD BAZAR PARACHANCHAL BAZAR, MALDAH, CHANCHAL, WEST BENGAL ,732123",WEST BENGAL,732123,,,LOW,0.1,No valid district in address or pincode lookup,True
bce5afc9-e0fe-4ef3-b06e-26ae3199a58b,560,GURU KRUPA HALLMARKING CENTER,"CHANCHAL BAZAR, CHANCHAL, MALDAWEST BENGAL-732123, MALDAH, CHANCHAL, WEST BENGAL ,732123",WEST BENGAL,732123,,,LOW,0.1,No valid district in address or pincode lookup,True
658118aa-4647-4b00-8e42-a3b246802e85,553,SHRIRAM HALLMARKING CENTRE,"KISHORE SANGHA LANE,KRISHNA AUTOMOBILEKALIWARI,NEW TOWN,SOBHAGANJ,ALIPURDUAR, ALIPURDUAR, ALIPURDUAR, WEST BENGAL ,736121",WEST BENGAL,736121,SOBHAGANJ,ALIPURDUAR,HIGH,0.83,explicit DISTRICT/DISTT marker in address; city inferred from district-adjacent address token: SOBHAGANJ,False
d3fbec83-5265-45ab-9853-a1e784f3f56c,557,KP GOLD HALLMARKING CENTRE,"135/111,HATTALA PARA, BIRBHUM, RAMPURHAT, WEST BENGAL ,731224 OSC Address: WARD NO-4,PATHAR KAL PARA, BIRBHUM, NALHATI, WEST BENGAL, 731243",WEST BENGAL,731243,RAMPURHAT,BIRBHUM,HIGH,0.83,explicit DISTRICT/DISTT marker in address; city inferred from district-adjacent address token: RAMPURHAT,False
b1cd9749-cc8f-44f3-8b66-1d8d24411aba,559,NIDHI ASSAYING AND HALLMARKING CENTRE,"NETAJI ROAD,FALAKATA,ALIPURDUAR, ALIPURDUAR, ALIPURDUAR, WEST BENGAL ,735211 OSC Address: WORD NO 7, SHAKTINAGAR COLONY ,P.O+PS-MATHABHANGA ,, COOCH BEHAR, MATHABHANGA, WEST BENGAL, 736146",WEST BENGAL,736146,FALAKATA,ALIPURDUAR,HIGH,0.83,explicit DISTRICT/DISTT marker in address; city inferred from district-adjacent address token: FALAKATA,False
e98198b4-3b73-429b-a8bf-df3271f5c3ae,563,JAI JAGATBANDHU HALLMARKING CENTRE,"178/1 GANESHTALA ROADPOST & PS- BELDANGA, MURSHIDABAD, BELDANGA, WEST BENGAL ,742133",WEST BENGAL,742133,1 GANESHTALA ROADPOST & PS BELDANGA,MURSHIDABAD,HIGH,0.83,explicit DISTRICT/DISTT marker in address; city inferred from district-adjacent address token: 1 GANESHTALA ROADPOST & PS BELDANGA,False
25b084c3-106b-4fb0-8aa1-813deed6adee,598,S M MAA BURIMA HALLMARKING CENTRE,"WARD NO. 8, HOLDING NO. 226, BAZAR PARA ROADPOST & PS: BELDANGA, MURSHIDABAD, BELDANGA, WEST BENGAL ,742133",WEST BENGAL,742133,BELDANGA,MURSHIDABAD,HIGH,0.83,explicit DISTRICT/DISTT marker in address; city inferred from district-adjacent address token: BELDANGA,False
d43a18ec-fe81-4f0f-9b1a-6605eeb520c7,564,OM ASSAYING AND HALLMARKING CENTRE,"Ward No. 17, Holding No. 66/62, ChaulpattiPost & PS: Raghunathganj, MURSHIDABAD, RAGHUNATHGANJ, WEST BENGAL ,742225",WEST BENGAL,742225,CHAULPATTIPOST & PS RAGHUNATHGANJ,MURSHIDABAD,HIGH,0.83,explicit DISTRICT/DISTT marker in address; city inferred from district-adjacent address token: CHAULPATTIPOST & PS RAGHUNATHGANJ,False
4c818ca6-c6bf-48f3-adde-5f12b53d9c83,570,SRI RAM HALLMARK CENTRE,"WARD NO.18, Dag No. 1752, KhatianNo. 4740Mouza: Raghunathganj Bazarpara, MURSHIDABAD, JANGIPUR, WEST BENGAL ,742225",WEST BENGAL,742225,KHATIANNO 4740MOUZA RAGHUNATHGANJ BAZARPARA,MURSHIDABAD,HIGH,0.83,explicit DISTRICT/DISTT marker in address; city inferred from district-adjacent address token: KHATIANNO 4740MOUZA RAGHUNATHGANJ BAZARPARA,False
66a6919a-e06c-462d-bac2-17842c0cad59,566,TAJ ASSAYING AND HALLMARKING CENTRE,"VILL/POST/PS: ISLAMPUR, SONAPATTI, MURSHIDABAD, ISLAMPORE, WEST BENGAL ,742304",WEST BENGAL,742304,SONAPATTI,MURSHIDABAD,HIGH,0.83,explicit DISTRICT/DISTT marker in address; city inferred from district-adjacent address token: SONAPATTI,False
d6672d32-3c70-47b6-9f53-b549658c3b22,567,DINDA HALLMARK AND ASSAY CENTRE,"Ground Floor, Purba BazarVidya Nagar, Kakdwip, SOUTH 24 PARGANAS, KAKDWIP, WEST BENGAL ,743347",WEST BENGAL,743347,KAKDWIP,SOUTH 24 PARGANAS,HIGH,0.83,explicit DISTRICT/DISTT marker in address; city inferred from district-adjacent address token: KAKDWIP,False
04dd737a-d35f-4373-8e97-3ed549d7689e,568,MAA TARA ASSAYING & HALLMARKING CENTRE,"BADKULLA BAZAR,SHITALA,P.S.-TAHERPURP.O.-BADKULLA, NADIA, BADKULLA, WEST BENGAL ,741121",WEST BENGAL,741121,P S TAHERPURP O BADKULLA,NADIA,HIGH,0.83,explicit DISTRICT/DISTT marker in address; city inferred from district-adjacent address token: P S TAHERPURP O BADKULLA,False
7e7a727f-10ed-4e5d-9fc7-aee456effcc4,569,NEW GIRI RAJ ASSAYING AND HALLMARKING CENTRE,"1094,UTTAR GHOSH PARA,P.O.-CHAKDAHA,P.S.-CHAKDAHA,PIN-741222,, NADIA, CHAKDAH, WEST BENGAL ,741222",WEST BENGAL,741222,PIN 741222,NADIA,HIGH,0.83,explicit DISTRICT/DISTT marker in address; city inferred from district-adjacent address token: PIN 741222,False
4a48f62c-ac09-4ae3-a5b2-d72c43a3afb5,571,A N HALLMARKING CENTRE,"SHIBTALA, SOUTH BISHNUPUR, MANDIR BAZAR., SOUTH 24 PARGANAS, BISHNUPUR (SOUTH 24 PARGANAS), WEST BENGAL ,743395",WEST BENGAL,743395,BISHNUPUR,SOUTH 24 PARGANAS,HIGH,0.83,explicit DISTRICT/DISTT marker in address; city inferred from district-adjacent address token: BISHNUPUR,False
9e23f98b-fe1a-4f17-9047-6e5781dea36d,572,R K ASSAYING & HALLMARKING CENTRE,"Dag No. 4236, JL NO. 80,VILL: UTTAR SUDARSHANGANJ, POST & PS: LALGOLA, MURSHIDABAD, LALGOLA, WEST BENGAL ,742148",WEST BENGAL,742148,POST & PS LALGOLA,MURSHIDABAD,HIGH,0.83,explicit DISTRICT/DISTT marker in address; city inferred from district-adjacent address token: POST & PS LALGOLA,False
c931c083-385c-42d3-8402-dfb412c3f46c,582,KP GOLD HALLMARKING CENTRE,"1, Haripatty, Near Jain Mandir, Lalgola,, MURSHIDABAD, LALGOLA, WEST BENGAL ,742148",WEST BENGAL,742148,LALGOLA,MURSHIDABAD,HIGH,0.83,explicit DISTRICT/DISTT marker in address; city inferred from district-adjacent address token: LALGOLA,False
5dca4a15-4de9-4e19-a9f9-d91f0fc1ff48,575,BABA HALLMARKING CENTRE,"DEBGRAM STATION ROADKALIGANJ, NADIA, DEBAGRAM, WEST BENGAL ,741137",WEST BENGAL,741137,DEBGRAM STATION ROADKALIGANJ,NADIA,HIGH,0.83,explicit DISTRICT/DISTT marker in address; city inferred from district-adjacent address token: DEBGRAM STATION ROADKALIGANJ,False
722fa32f-fff6-474a-995c-adf10edc033a,591,SHIVAJI HALLMARK CENTRE,"TEHATTA BAZAR, NADIA, TEHATTA, WEST BENGAL ,741160 OSC Address: WARD NO-143,CHATTERJEE PARA,KALIGANJ, NADIA, DEBAGRAM, WEST BENGAL, 741137",WEST BENGAL,741137,TEHATTA,NADIA,HIGH,0.83,explicit DISTRICT/DISTT marker in address; city inferred from district-adjacent address token: TEHATTA,False
2d30cd7c-b599-40de-961a-a6e53e3cd3ed,576,KARIMPUR ASSAYING & HALLMARKING CENTRE,"VILL.-KARIMPUR,P.O. & P.S.-KARIMPURDIST.-NADIA,PIN-741152, NADIA, KARIMPUR, WEST BENGAL ,741152",WEST BENGAL,741152,PIN 741152,NADIA,HIGH,0.83,explicit DISTRICT/DISTT marker in address; city inferred from district-adjacent address token: PIN 741152,False
bcf11659-1e7b-4b51-8940-c7f6950fc056,580,N S ASSAYING AND HALLMARKING CENTRE,"01st Floor, Karimpur Surendra Market (Hatghar)Ward No. 5, Dag No. 870, JL No. 6, Khatian No.2939, NADIA, KARIMPUR, WEST BENGAL ,741152",WEST BENGAL,741152,KARIMPUR,NADIA,HIGH,0.83,explicit DISTRICT/DISTT marker in address; city inferred from district-adjacent address token: KARIMPUR,False
039a43cb-c7d9-4337-ae6f-b8d4acd129cc,594,SOM ASSAING CENTRE,"KARIMPUR BAZAR, KARIMPUR, NADIA, KARIMPUR, WEST BENGAL ,741152",WEST BENGAL,741152,KARIMPUR,NADIA,HIGH,0.83,explicit DISTRICT/DISTT marker in address; city inferred from district-adjacent address token: KARIMPUR,False
1de9f16f-6640-4bc8-94a1-06d247a4d3cf,577,MAA TARA HALLMARKING CENTER,"CHACHANDA, SAMSERGANJ, Uttar Mahammadpur,Murshidabad, MURSHIDABAD, MURSHIDABAD, WEST BENGAL ,742224",WEST BENGAL,742224,UTTAR MAHAMMADPUR,MURSHIDABAD,HIGH,0.83,explicit DISTRICT/DISTT marker in address; city inferred from district-adjacent address token: UTTAR MAHAMMADPUR,False
7f57e329-e3fa-4553-a7d4-16b8c4346540,581,N S ASSAYING AND HALLMARKING CENTRE,"01st Floor, Karimpur Surendra Market (Hatghar)Ward No. 5, Dag No. 870, JL No. 6, Khatian No.2939, NADIA, KARIMPUR, WEST BENGAL ,741152 OSC Address: Plot No. 217512189, Ward No. 12, Domkal, Ramnaetbarnagar, PO & PS: Domkal, MURSHIDABAD, DOGACHI, WEST BENGAL, 742303",WEST BENGAL,742303,KARIMPUR,NADIA,HIGH,0.83,explicit DISTRICT/DISTT marker in address; city inferred from district-adjacent address token: KARIMPUR,False
7d6b06f7-1129-4cc4-85ac-16c4f561f9f3,583,KP GOLD HALLMARKING CENTRE,"1, Haripatty, Near Jain Mandir, Lalgola,, MURSHIDABAD, LALGOLA, WEST BENGAL ,742148 OSC Address: Vill-Sahajadpur,P.O-SammatinagarP.S-Raghunathganj, MURSHIDABAD, JANGIPUR, WEST BENGAL, 742213",WEST BENGAL,742213,LALGOLA,MURSHIDABAD,HIGH,0.83,explicit DISTRICT/DISTT marker in address; city inferred from district-adjacent address token: LALGOLA,False
3180a9f4-9a2f-4eed-acf4-f580831854f5,586,ROYAL HALLMARKING CENTER,"VILL.+P.O.: RATANPUR, P.S. : SAMSERGANJ,, MURSHIDABAD, DHULIYAN, WEST BENGAL ,742202",WEST BENGAL,742202,P S SAMSERGANJ,MURSHIDABAD,HIGH,0.83,explicit DISTRICT/DISTT marker in address; city inferred from district-adjacent address token: P S SAMSERGANJ,False
25994fb9-ac6b-436e-9703-d8fde681c48d,588,SRI GANESH HALLMARKING CENTRE,"Holding No. 22/113, DangaparaPost & PS: Kandi, MURSHIDABAD, KANDI, WEST BENGAL ,742137",WEST BENGAL,742137,DANGAPARAPOST & PS KANDI,MURSHIDABAD,HIGH,0.83,explicit DISTRICT/DISTT marker in address; city inferred from district-adjacent address token: DANGAPARAPOST & PS KANDI,False
d6847e84-f865-4a85-aa05-1447f4d2daa6,589,M M ASSAYING AND HALLMARKING CENTRE,"NEW 1/A CHATTINA KANDIKANDI MAIN ROAD, MURSHIDABAD, KANDI, WEST BENGAL ,742137",WEST BENGAL,742137,KANDI,MURSHIDABAD,HIGH,0.83,explicit DISTRICT/DISTT marker in address; city inferred from district-adjacent address token: KANDI,False
873f107a-5c68-45ad-bfa8-ae0470037333,596,KP ASSAYING & HALLMARKING CENTRE,"JAGADAMBA APARTMENT ,SHOP NO-B1,14,PARANSHIL LANE ,KHAGRA, MURSHIDABAD, BERHAMPORE (WB), WEST BENGAL ,742103 OSC Address: 118,Natun Hat,Krishnabagan RoadKandi,Murshidabad, MURSHIDABAD, KANDI, WEST BENGAL, 742137",WEST BENGAL,742137,KHAGRA,MURSHIDABAD,HIGH,0.83,explicit DISTRICT/DISTT marker in address; city inferred from district-adjacent address token: KHAGRA,False
beb57e59-4847-4e93-b052-20db5af04639,599,S M MAA BURIMA HALLMARKING CENTRE,"WARD NO. 8, HOLDING NO. 226, BAZAR PARA ROADPOST & PS: BELDANGA, MURSHIDABAD, BELDANGA, WEST BENGAL ,742133 OSC Address: SHAKTIPUR, SCHOOL MORE, NEAR SHAKTIPUR K.M.C INS HIGH SCHOOL,, MURSHIDABAD, BELDANGA, WEST BENGAL, 742163",WEST BENGAL,742163,BELDANGA,MURSHIDABAD,HIGH,0.83,explicit DISTRICT/DISTT marker in address; city inferred from district-adjacent address token: BELDANGA,False
d84420ab-2ef7-4d46-b668-1e8159a3cf58,600,MAA DURGA HALL MARKING & ASSAY CENTER,"BIBISARAI, JAJATI NAGAR, PO+PS: JAJPUR TOWN, JAJPUR, JAJPUR BAZAR, ODISHA ,755001",ODISHA,755001,PO PS,JAJPUR,HIGH,0.83,explicit DISTRICT/DISTT marker in address; city inferred from district-adjacent address token: PO PS,False
ceba2075-3d10-4523-8884-b48dd0777813,602,SHREE KRISHNA HALLMARKING CENTRE,"493, UTTARESWARSORO, BALASORE, SORO, ODISHA ,756045",ODISHA,756045,UTTARESWARS,BALASORE,HIGH,0.83,explicit DISTRICT/DISTT marker in address; city inferred from district-adjacent address token: UTTARESWARS,False
88bb2957-34f1-4142-851f-db30b4cadd6c,603,N & N HALLMARK,"D-37 SEC-7CDA, CUTTACK, CUTTACK G.P.O., ODISHA ,753014",ODISHA,753014,D 37 SEC 7CDA,CUTTACK,HIGH,0.83,explicit DISTRICT/DISTT marker in address; city inferred from district-adjacent address token: D 37 SEC 7CDA,False
4c594df5-f84b-4c1a-bc36-8d69c0383941,604,SHREE BALAJI ASSEYING AND HALLMARKING CENTER,"GROUND FLOOR,PLOT NO24/1527/3270,KHATA NO 413/753,ANGUL BAZAR NEAR MARWARI DHARMASALA,ANGUL,ODISHA, ANGUL, ANGUL, ODISHA ,759122",ODISHA,759122,PLOT NO24,ANGUL,HIGH,0.83,explicit DISTRICT/DISTT marker in address; city inferred from district-adjacent address token: PLOT NO24,False
96f4fe0f-19d7-4a28-a297-3415c4f2e252,606,KALYANI ASSAYING & HALLMARKING CENTRE,"SHOP NO-20, 3RD FLOOR, HEMARAJ LANE ,NAYASARAKNAYASARAK,CUTTACK, CUTTACK, CHANDINCHOWK, ODISHA ,753002 OSC Address: GA PLOT NO-150B,3RD FLOOR,PLOT NO-1344,NEW CAPITAL, KHORDHA, BHUBANESWAR COURT, ODISHA, 751009",ODISHA,751009,NAYASARAKNAYASARAK,CUTTACK,HIGH,0.83,explicit DISTRICT/DISTT marker in address; city inferred from district-adjacent address token: NAYASARAKNAYASARAK,False
4b4e6cd5-2732-4561-82fd-f4d3666cf1e8,608,KALYANI HALLMARKING CENTRE,"PLOT NO-182/695,1ST FLOOR,RAYBAHADURLANE,BALAGANDIBALAGANDI,KUMBHARAPADA,PURI,, PURI, PURI, ODISHA ,752001",ODISHA,752001,KUMBHARAPADA,PURI,HIGH,0.83,explicit DISTRICT/DISTT marker in address; city inferred from district-adjacent address token: KUMBHARAPADA,False
b2f3644c-0403-43d5-ac95-2a9f0873c63b,610,SENAPATI HALLMARKING CENTRE,"PLOT NO 1617/2785 KHATA NO 1219/1770KHANDAPARA ROAD, NAYAGARH, , ODISHA ,752069",ODISHA,752069,,NAYAGARH,MEDIUM,0.55,explicit DISTRICT/DISTT marker in address,True
2e6a6b50-e0ce-4245-bf23-928e5215be18,614,MANGAL MURTI ASSAYING AND HALLMARKING CENTRE,"Plot No 451/2445,475/2446, Khata No 492/329RTU-35, ANAND BHAVAN LANE, SUNDARGARH, ROURKELA, SUNDARGARH, SUNDARGARH, ODISHA ,769001",ODISHA,769001,ANAND BHAVAN LANE,SUNDARGARH,HIGH,0.83,explicit DISTRICT/DISTT marker in address; city inferred from district-adjacent address token: ANAND BHAVAN LANE,False
767c0d7f-52c4-4d1e-bcc5-5c3f4c69d3c7,616,S K ASSIGNING HALLMARKING CENTRE,"Holding No. 3249, Ward No. 12, Ex- Police LineTezpur Town, Near Mahajati Press, SONITPUR, TEZPUR, ASSAM ,784001",ASSAM,784001,MAHAJATI PRESS,SONITPUR,HIGH,0.83,explicit DISTRICT/DISTT marker in address; city inferred from district-adjacent address token: MAHAJATI PRESS,False
8c4aeb99-08f9-4a3d-9e6d-5233d6e36acd,617,SREE GANESH HALLMARKING CENTER,"01ST FLOOR, BUILDING NO. 01, WARD NO. 8740 PODDER PARA, NEW GAURIPUR, NEAR FISH MARKET, DHUBRI, GAURIPUR, ASSAM ,783331",ASSAM,783331,GAURIPUR,DHUBRI,HIGH,0.83,explicit DISTRICT/DISTT marker in address; city inferred from district-adjacent address token: GAURIPUR,False
a5743011-5da1-47a3-83c0-227d94dc21ea,618,GLOBAL HALLMARKING CENTRE,"1ST FL. MUBARAK MARKET, DAG NO. 2096, WARD NO. 6GIRLS HIGH SCHOOL ROAD, NORTH LAKHIMPUR, LAKHIMPUR, NORTH LAKHIMPUR, ASSAM ,787001",ASSAM,787001,NORTH,LAKHIMPUR,HIGH,0.83,explicit DISTRICT/DISTT marker in address; city inferred from district-adjacent address token: NORTH,False
a13f5fa3-9b13-4748-a4ec-857c3d90b72b,619,MADHU HALLMARKING CENTRE,"3RD FLOOR, WARD NO. 04NEAR SBI ATM, KOKRAJHAR, KOKRAJHAR, KOKRAJHAR, ASSAM ,783370",ASSAM,783370,04NEAR SBI ATM,KOKRAJHAR,HIGH,0.83,explicit DISTRICT/DISTT marker in address; city inferred from district-adjacent address token: 04NEAR SBI ATM,False
3fd7648d-e15a-4c08-b18a-7d622fb732c1,620,THE SB HALLMARKING CENTRE,"KALINDI PLAZA 1st FLOOR, Dr. J.C. DAS ROAD,NEAR SHANKARDEV ACADEMY, PANBAZAR, GUWAHATI-01, KAMRUP METROPOLITAN, KAMRUP METROPOLITAN, ASSAM ,781001",ASSAM,781001,GUWAHATI 01,KAMRUP METROPOLITAN,HIGH,0.83,explicit DISTRICT/DISTT marker in address; city inferred from district-adjacent address token: GUWAHATI 01,False
7594bfd1-8c9a-4279-96c5-c97c37b93559,621,M M HALLMARKING CENTRE,"1st Floor, 145A, Tinsukia Market, AT RoadTinsukia, Assam-786125, TINSUKIA, TINSUKIA, ASSAM ,786125",ASSAM,786125,145A,TINSUKIA,HIGH,0.83,explicit DISTRICT/DISTT marker in address; city inferred from district-adjacent address token: 145A,False
5e19ab0a-099e-4b85-8d30-668c3b753a72,622,DIPAK ASSAY CENTRE,"WARD NO.8,AGIA PARA,TILAPARA, GOALPARA, GOALPARA, ASSAM ,783101",ASSAM,783101,TILAPARA,GOALPARA,HIGH,0.83,explicit DISTRICT/DISTT marker in address; city inferred from district-adjacent address token: TILAPARA,False
ea69901b-24bd-4334-98ba-45a157a72024,623,S R ASSAYING & HALLMARKING CENTRE,"Ward No 23, Holding No 198/4, NN Dutta Road ,Silchar, Cachar, Assam -788001, CACHAR, SILCHAR, ASSAM ,788001",ASSAM,788001,SILCHAR,CACHAR,HIGH,0.83,explicit DISTRICT/DISTT marker in address; city inferred from district-adjacent address token: SILCHAR,False
18da14e9-7eda-43f3-8283-1be273dc535c,624,MAA DURGA HALLMARK CENTER,"1 ST FLOOR, BASANTI SHOPPING COMPLEX, DURGABARIROAWARD NO 6, BARPETA ROAD, Barpeta, Assam, 781315, BARPETA, BARPETA ROAD, ASSAM ,781315",ASSAM,781315,B,BARPETA,HIGH,0.83,explicit DISTRICT/DISTT marker in address; city inferred from district-adjacent address token: B,False
52a36c83-ad67-4343-991d-111a9b64eb24,627,MAA HALLMARKING CENTRE,"1ST FLOOR, BHAJA GOBINDA COMPLEXWARD NO. 6, HOLDING NO. 100, DAG NO. 777, BARPETA, BARPETA ROAD, ASSAM ,781315",ASSAM,781315,1ST FLOOR,BARPETA,HIGH,0.83,explicit DISTRICT/DISTT marker in address; city inferred from district-adjacent address token: 1ST FLOOR,False
980b6d39-dec0-486f-91b3-ad452395b6c4,625,MAULI HALLMARK CENTER,"01st Floor, ""TRINAYAN MARKET"" Sivasagar TankPatriot Girindra Nath Gogoi Path, Sivasagar, SIVASAGAR, SIVASAGAR, ASSAM ,785697",ASSAM,785697,TANKPATRIOT GIRINDRA NATH GOGOI PATH,SIVASAGAR,HIGH,0.83,explicit DISTRICT/DISTT marker in address; city inferred from district-adjacent address token: TANKPATRIOT GIRINDRA NATH GOGOI PATH,False
954affc2-4b40-4186-bb86-61d3fee4567b,626,BIKANER HALLMARKING CENTER,"02nd Floor, Saddam MarketThana Road, Nagaon, NAGAON, NAGAON, ASSAM ,782001",ASSAM,782001,02ND FLOOR,NAGAON,HIGH,0.83,explicit DISTRICT/DISTT marker in address; city inferred from district-adjacent address token: 02ND FLOOR,False
efe54162-f704-4a90-aa10-a70b45d3bfdc,628,BONGAIGAON HALLMARKING CENTRE,"WARD NO-10,SHASTRI ROADNEAR ICE FACTORY,NORTH BONGAIGAON, BONGAIGAON, BONGAIGAON, ASSAM ,783380",ASSAM,783380,NORTH,BONGAIGAON,HIGH,0.83,explicit DISTRICT/DISTT marker in address; city inferred from district-adjacent address token: NORTH,False
d1b4ef8d-527e-44d7-9181-cb06cb144976,629,S K ASSAYING & HALLMARKING CENTRE,"MG ROAD BYE LANE, BONGAIGAON, BONGAIGAON, ASSAM ,783380",ASSAM,783380,,BONGAIGAON,MEDIUM,0.55,explicit DISTRICT/DISTT marker in address,True
e2ad05da-1003-4043-b1a5-bd432fb1cd8b,641,GM HALLMARKING & ASSAYING CENTRE,"NEW BUILDING, GANGAHARI LANE , PANDEY GALIDEOGHAR, JHARKHAND-814112, DEOGHAR, B.DEOGHAR, JHARKHAND ,814112",JHARKHAND,814112,,,LOW,0.1,No valid district in address or pincode lookup,True
e2a54156-b6a2-4ca8-90e8-4ac1aaa1bf86,642,MT HALLMARKING CENTRE,"BEKAPUR, JUBLEE WELL, NEAR DURGA TEMPLEMUNGER, BIHAR, MUNGER, MUNGER, BIHAR ,811201",BIHAR,811201,NEAR DURGA TEMPLE,MUNGER,HIGH,0.83,explicit DISTRICT/DISTT marker in address; city inferred from district-adjacent address token: NEAR DURGA TEMPLE,False
984b3e56-a991-4cbe-aaf9-143f631dbeaf,644,SHREE VITTHAL HALLMARKING CENTRE,"63/206 SARDAR VALLABH BHAI PATEL PATHFIRST FLOOR CHOWK SARAFFA, GAYA, GAYA, BIHAR ,823001",BIHAR,823001,,GAYA,MEDIUM,0.55,explicit DISTRICT/DISTT marker in address,True
00a0b342-ccab-4159-aa8e-4511d11ffbd7,650,SHREE VAISHNAVI ASSAYING & HALLMARKILNG CENTRE,"PROP NO - 711052536,FIRST FLOOR,C/O MADHURI DEVI SARDAR VALLABH BHAI PATEL PATH ,CHOWK SARAFFA,, GAYA, GAYA, BIHAR ,823001",BIHAR,823001,O MADHURI DEVI SARDAR VALLABH BHAI PATEL PATH,GAYA,HIGH,0.83,explicit DISTRICT/DISTT marker in address; city inferred from district-adjacent address token: O MADHURI DEVI SARDAR VALLABH BHAI PATEL PATH,False
4cc0fe91-8a7b-4e10-814a-403aa0dc8d7e,651,GANPAT ASSAYING AND HALLMARKING CENTRE,"Second &Third F, Holding No 49, Gaya, Ward No 22, Gaya, Bihar, Gaya , Pin 823001, GAYA, GAYA, BIHAR ,823001",BIHAR,823001,PIN 823001,GAYA,HIGH,0.83,explicit DISTRICT/DISTT marker in address; city inferred from district-adjacent address token: PIN 823001,False
aea47b14-8809-4733-8ad3-c879067d30c5,647,NITESH HALLMARKING CENTRE,"FIRST FLOOR, PLOT NO 3139,LOHAR TOLA, RAMGARH, RAMGARH CANTT, JHARKHAND ,829122",JHARKHAND,829122,,,LOW,0.1,No valid district in address or pincode lookup,True
cabca929-b60f-467a-b689-68e9645c6838,648,SHRI TIRUPATI BALAJI HALLMARK CENTRE,"No-12,80,ward,Agarwal Muhalla,Garhwa,Thana Garhwa,GARHWA,JHARKHAND-822114, GARHWA, GARHWA, JHARKHAND ,822114",JHARKHAND,822114,,,LOW,0.1,No valid district in address or pincode lookup,True
fa98a0ee-2b76-4559-9b1e-3b8e9e4ee77a,653,SUMAN HALLMARKING CENTER LLP,"Ram Chandra Lane,Upper Bazar, RANCHI, RANCHI G.P.O., JHARKHAND ,834401",JHARKHAND,834401,,,LOW,0.1,No valid district in address or pincode lookup,True
1e0c8c04-43a9-4ca1-adb7-5fb55a7cf989,656,MKB GOLD HALLMARK CENTRE,"1st FLOOR, C/o MOHAN PRASAD GUPTAPURANI BAZAZI, CHOWK BAZAR, NEAR BARI MASJID, CHOWK BAZAR, SIWAN, SIWAN, SIWAN CHOWK BAZAR, BIHAR ,841226",BIHAR,841226,NEAR BARI MASJID,SIWAN,HIGH,0.83,explicit DISTRICT/DISTT marker in address; city inferred from district-adjacent address token: NEAR BARI MASJID,False
4392b260-82aa-4388-b600-c8427c13eeb8,658,S P ASSAYING & HALLMARKING CENTRE,"Floor No.: 1ST FLOR, Building No./Flat No.: 28815YADUBIR SINHA HOMEPATHIC COLLEGE, BAKERGANJ, DARBHANGA, LAHERIASARAI, BIHAR ,846001",BIHAR,846001,BAKERGANJ,DARBHANGA,HIGH,0.83,explicit DISTRICT/DISTT marker in address; city inferred from district-adjacent address token: BAKERGANJ,False
88d0d2d2-2659-46bc-b145-0bce68384ad7,659,SAGAR HALLMARKING,"BARI COMPLEX, SONARPATTI, MOTIHARI, EAST CHAMPARAN, EAST CHAMPARAN, MOTIHARI, BIHAR ,845401",BIHAR,845401,MOTIHARI,EAST CHAMPARAN,HIGH,0.83,explicit DISTRICT/DISTT marker in address; city inferred from district-adjacent address token: MOTIHARI,False
a36e9b3b-d2e6-4b05-b102-6c284f79c15b,660,SAGAR HALLMARKING,"BARI COMPLEX, SONARPATTI, MOTIHARI, EAST CHAMPARAN, EAST CHAMPARAN, MOTIHARI, BIHAR ,845401 OSC Address: SHOP NO- 279, MEENA BAZAR ROAD, SONARPATTI, BETTIAH, WEST CHAMPARAN, BIHAR 845438, WEST CHAMPARAN, BETTIAH, BIHAR, 845438",BIHAR,845438,MOTIHARI,EAST CHAMPARAN,HIGH,0.83,explicit DISTRICT/DISTT marker in address; city inferred from district-adjacent address token: MOTIHARI,False
2f471d97-d253-4f7d-afac-0f1298930f30,661,SANSKAR HALLMARKING,"1 ST FLOOR, Mahua Singh Rae, Mahua, Vaishali,, VAISHALI, MAHUWA, BIHAR ,844122",BIHAR,844122,MAHUA,VAISHALI,HIGH,0.83,explicit DISTRICT/DISTT marker in address; city inferred from district-adjacent address token: MAHUA,False
a7fa5e0c-3a0d-46b3-a215-8282a9fc4b06,664,SRI RAM GOLD TESTING & HALLMARKING CENTER,"CHAPRA,FRUIT GOLA SAHEBGANJ,SARANBIHAR, SARAN, CHAPRA, BIHAR ,841201",BIHAR,841201,FRUIT GOLA SAHEBGANJ,CHAPRA,HIGH,0.83,explicit DISTRICT/DISTT marker in address; city inferred from district-adjacent address token: FRUIT GOLA SAHEBGANJ,False
fda645ed-44e9-493d-a8a1-a7ce72a3166c,666,M J HALL MARKING CENTRE,"WARD NO 19THANA CHOWK, KHAGARIA, KHAGARIA BAZAR, BIHAR ,851204",BIHAR,851204,,KHAGARIA,MEDIUM,0.55,explicit DISTRICT/DISTT marker in address,True
4933a74a-4f76-482c-bc13-5704cfeb7d9a,668,MAHADEV HALLMARKING CENTRE,"NA, WARD NO-20, MAIN ROAD, Madhepura,Madhepura, Bihar, 852113, MADHEPURA, MADHEPURA, BIHAR ,852113",BIHAR,852113,NA,MADHEPURA,HIGH,0.83,explicit DISTRICT/DISTT marker in address; city inferred from district-adjacent address token: NA,False
79df39e5-7600-4385-87cf-3de0bd1cd7be,669,D N HALLMARKING,"NEAR SBI ATM. 1ST AND 2ND FLOORDURGA MANDIR ROAD,MID OF CHANCHANI CHOWK &MAHAVRI, SAHARSA, SAHARSA, BIHAR ,852201",BIHAR,852201,,SAHARSA,MEDIUM,0.55,explicit DISTRICT/DISTT marker in address,True
d31b5dc7-c448-4877-87e7-f971c87e6bb0,670,SHIVKRUPA HALLMARKING CENTRE,"01ST FLOOR, WARD NO. 32, BANIYATOLAPOST & PS: KATIHAR, KATIHAR, KATIHAR, BIHAR ,854105",BIHAR,854105,BANIYATOLAPOST & PS,KATIHAR,HIGH,0.83,explicit DISTRICT/DISTT marker in address; city inferred from district-adjacent address token: BANIYATOLAPOST & PS,False
a46ceb47-e550-4b51-a53d-7eccf864f758,671,STAR HALLMARKING CENTRE PURNIA,"LAKHAN CHOWK, OPPOSITE KALIPADA JEWELLERSBHATTA BAZAR, PURNIA, BHATTA BAZAR, BIHAR ,854301",BIHAR,854301,,PURNIA,MEDIUM,0.55,explicit DISTRICT/DISTT marker in address,True
3541340c-e3af-4d45-bd2e-9ca148c5486d,673,KANISHKA HALLMARKING CENTRE,"MADHUBANI BAZAR,PURNEA, PURNIA, MADHUBANI, BIHAR ,854301",BIHAR,854301,PURNEA,PURNIA,HIGH,0.83,explicit DISTRICT/DISTT marker in address; city inferred from district-adjacent address token: PURNEA,False
36c17568-e6a3-4599-acf1-5740a79a6b01,672,SUMAN HALLMARKING CENTER LLP,"SONAPATTI ROAD KISHANGANJ, KISHANGANJ, KISHANGANJ, BIHAR ,855107",BIHAR,855107,,KISHANGANJ,MEDIUM,0.55,explicit DISTRICT/DISTT marker in address,True
298e92fc-9353-4964-ac04-e4dda1b173ef,674,SHREE KHATU JI ENTERPRISES,"GROUND FLOOR PART 1, 538D, Unq Buildingkhazanchian market, Hisar, Haryana, HISSAR, HISAR, HARYANA ,125001",HARYANA,125001,HISSAR,HISAR,HIGH,0.83,explicit DISTRICT/DISTT marker in address; city inferred from district-adjacent address token: HISSAR,False
9ea0f9ee-2c85-4365-987c-3c539352977b,689,SUSHIL SONA CHANDI SHUDDHATA JAANCH KENDRA,"FIRST FLOOR ,001, FATEHABAD HARYANA, FATEHABAD, FATEHABAD (FATEHABAD), HARYANA ,125050 OSC Address: 85,Hisar,Khazanchian Bazar Hisar, HISSAR, HISAR, HARYANA, 125001",HARYANA,125001,HISSAR,FATEHABAD,HIGH,0.83,explicit DISTRICT/DISTT marker in address; city inferred from district-adjacent address token: HISSAR,False
eb187fe1-a066-4f3c-8222-cd8391c22d49,780,Shree Balaji Hallmark Centre,"Basement of Mahadev Sadan, Chan, Khazanchain BazarHisar-125001 (Haryana), HISSAR, HISAR, HARYANA ,125001",HARYANA,125001,HISSAR,HISAR,HIGH,0.83,explicit DISTRICT/DISTT marker in address; city inferred from district-adjacent address token: HISSAR,False
18a5d133-8679-4619-b79a-4dee0a83ef04,675,S K GARG TEST LAB AND HALLMARKING CENTRE,"RAILWAYSTATION ROADCHARKHI DADRI,HARYANA, CHARKHI DADRI, CHARKHI DADRI CITY, HARYANA ,127306",HARYANA,127306,,CHARKHI DADRI,MEDIUM,0.55,explicit DISTRICT/DISTT marker in address,True
86c1c7cd-7cc3-4771-82a1-d1fd573fe448,676,GAURAV HALLMARK & ASSAYING CENTRE,"VERMA BOOK DEPOT, Hari Pura MOHALLA, 911, Jhajjar,Jhajjar, JHAJJAR, JHAJJAR, HARYANA ,124103",HARYANA,124103,HARI PURA MOHALLA,JHAJJAR,HIGH,0.83,explicit DISTRICT/DISTT marker in address; city inferred from district-adjacent address token: HARI PURA MOHALLA,False
78c1dec8-67ae-4465-a05d-19d7d0267db8,677,SHREE BALAJI HALLMARKING CENTRE,"1105/15 ASHRI GATE, SATYANARAYAN MANDIR GALIMAIN BAZAR, JIND, JIND, JIND, HARYANA ,126102",HARYANA,126102,15 AS,JIND,HIGH,0.83,explicit DISTRICT/DISTT marker in address; city inferred from district-adjacent address token: 15 AS,False
c2035585-8c6b-445a-b1f8-1fcfc965f715,680,FARIDABAD ASSAYING AND HALLMARKING CENTRE,"WARD NO-31, SHOP NO. 392,FIRST FLOOR, MAIN MARKET,OLD FARIDABAD, FARIDABAD, FARIDABAD CITY, HARYANA ,121002",HARYANA,121002,OLD,FARIDABAD,HIGH,0.83,explicit DISTRICT/DISTT marker in address; city inferred from district-adjacent address token: OLD,False
88e8072b-c368-46df-8fa9-569b344ef0d8,682,BALAJI HALLMARKING CENTER,"FIRST FLOOR, PROPERTY ID 3PMANAYSHIVPURI MOHALLA MAIN BAZAR,MOOLCHAND MEDICAL STOR, PALWAL, PALWAL, HARYANA ,121102",HARYANA,121102,MOOLCHAND MEDICAL STOR,PALWAL,HIGH,0.83,explicit DISTRICT/DISTT marker in address; city inferred from district-adjacent address token: MOOLCHAND MEDICAL STOR,False
9e449e04-d11e-4dd5-9c1d-1e6815008df9,683,Om Laxmi Hallmarking Center,"Second floor, Friends colony, Joon ComplexNazafgarg Road, Bahadurgarh, Jhajjar,, JHAJJAR, BAHADURGARH, HARYANA ,124507",HARYANA,124507,BAHADURGARH,JHAJJAR,HIGH,0.83,explicit DISTRICT/DISTT marker in address; city inferred from district-adjacent address token: BAHADURGARH,False
bcfb3ba1-810c-4779-8d50-775da680f256,687,TUSHAR HALLMARK CENTER,"NEAR DURGA MANDIR,BARA HAZARI,AGRAWAL MARKETREWAR, REWARI, REWARI, HARYANA ,123401 OSC Address: 101/25 MAIN MARKETOLD SABJI MANDI ROAD, JHAJJAR, BAHADURGARH, HARYANA, 124507",HARYANA,124507,AGRAWAL MARKETREWAR,REWARI,HIGH,0.83,explicit DISTRICT/DISTT marker in address; city inferred from district-adjacent address token: AGRAWAL MARKETREWAR,False
ae0daa8f-8e02-4222-9316-5ad079735839,684,Om Laxmi Hallmarking Center,"Second floor, Friends colony, Joon ComplexNazafgarg Road, Bahadurgarh, Jhajjar,, JHAJJAR, BAHADURGARH, HARYANA ,124507 OSC Address: B-6 & 7 GROUND FLOOR NONGLOI JAT ,PUNJABI BASTI, NORTH WEST DELHI, BADLI (NORTH WEST DELHI), DELHI, 110041",DELHI,110041,PUNJABI BASTI,NORTH WEST DELHI,HIGH,0.83,explicit DISTRICT/DISTT marker in address; city inferred from district-adjacent address token: PUNJABI BASTI,False
da0678f1-8eba-4cde-b3b7-62a058b196bf,686,TUSHAR HALLMARK CENTER,"NEAR DURGA MANDIR,BARA HAZARI,AGRAWAL MARKETREWAR, REWARI, REWARI, HARYANA ,123401",HARYANA,123401,AGRAWAL MARKETREWAR,REWARI,HIGH,0.83,explicit DISTRICT/DISTT marker in address; city inferred from district-adjacent address token: AGRAWAL MARKETREWAR,False
498229e8-c3ef-4c67-838a-6b435a5e4c12,688,SUSHIL SONA CHANDI SHUDDHATA JAANCH KENDRA,"FIRST FLOOR ,001, FATEHABAD HARYANA, FATEHABAD, FATEHABAD (FATEHABAD), HARYANA ,125050",HARYANA,125050,FIRST FLOOR,FATEHABAD,HIGH,0.83,explicit DISTRICT/DISTT marker in address; city inferred from district-adjacent address token: FIRST FLOOR,False
bdd1d73c-c67f-40a9-bf08-4a3ba1d0427d,783,Luxmi Narayan Hallmark,"Bal Bhawan Vali Gali, Near Raj FalaxThakkar Basti, FATEHABAD, FATEHABAD (FATEHABAD), HARYANA ,125050",HARYANA,125050,RAJ FALAXTHAKKAR BASTI,FATEHABAD,HIGH,0.83,explicit DISTRICT/DISTT marker in address; city inferred from district-adjacent address token: RAJ FALAXTHAKKAR BASTI,False
20438d46-b6d6-4070-987e-f96d681889ce,690,SHIDDHI VINAYAK HALLMARKING AND REFINERY,"SHOP NO-10559-10560/9535-9536 WARD NO-6, KOTWALI BAZARNEWMCKNO-200-201/95 BLOCK NO-5Ambala City Head Post Office, AMBALA, AMBALA CITY, HARYANA ,134003",HARYANA,134003,CITY HEAD POST OFFICE,AMBALA,HIGH,0.83,explicit DISTRICT/DISTT marker in address; city inferred from district-adjacent address token: CITY HEAD POST OFFICE,False
bbd6ef6d-de55-48cc-afaf-d50a2e89ee3d,692,KRISHNA GOLD LAB,"703,1st Floor,Bagga Market, Subhash Gali,Yamunanagar-135001, Haryana, YAMUNA NAGAR, YAMUNANAGAR, HARYANA ,135001 OSC Address: First floor Shop no 1-2,block no -3 ,Sarafa bazar,, AMBALA, AMBALA CITY, HARYANA, 134003",HARYANA,134003,SUBHASH GALI,YAMUNANAGAR,HIGH,0.83,explicit DISTRICT/DISTT marker in address; city inferred from district-adjacent address token: SUBHASH GALI,False
d4c25ae4-4264-4d1f-a51c-8db7466942bd,698,AMOL ASSAYING AND HALLMARKING CENRE,"FIRST FLOOR, SHOP NO 1014, 6575 WARD NO-3SARAFA BAZAR, Ambala, AMBALA, SADAR BAZAR (AMBALA), HARYANA ,134003",HARYANA,134003,SADAR,AMBALA,HIGH,0.83,explicit DISTRICT/DISTT marker in address; city inferred from district-adjacent address token: SADAR,False
b0e68ac4-ae4a-4131-a1c1-76caf768ae01,737,Prem Gold Testing & Hallmarking Centre,"4966A/3 Pipli Bazar,, AMBALA, AMBALA CITY, HARYANA ,134003",HARYANA,134003,4966A,AMBALA,HIGH,0.83,explicit DISTRICT/DISTT marker in address; city inferred from district-adjacent address token: 4966A,False
fc9da711-5f9a-4a3e-bba0-a908116ddbe7,759,T J ASSAYING AND HALLMARKING CENTRE,"FIRST FLOOR, 1837/10051KOTWALI BAZAR, AMBALA CITY, AMBALA, AMBALA CITY, HARYANA ,134003",HARYANA,134003,FIRST FLOOR,AMBALA,HIGH,0.83,explicit DISTRICT/DISTT marker in address; city inferred from district-adjacent address token: FIRST FLOOR,False
64016ed9-f422-4af7-82db-f20e62194883,760,T J ASSAYING AND HALLMARKING CENTRE,"FIRST FLOOR, 1837/10051KOTWALI BAZAR, AMBALA CITY, AMBALA, AMBALA CITY, HARYANA ,134003 OSC Address: First Floor,4617A,Sarafa Bazar, AMBALA, AMBALA CANTT, HARYANA, 134003",HARYANA,134003,CANTT,AMBALA,HIGH,0.83,explicit DISTRICT/DISTT marker in address; city inferred from district-adjacent address token: CANTT,False
170e01a3-3ca8-47c2-b504-47718d34475c,691,KRISHNA GOLD LAB,"703,1st Floor,Bagga Market, Subhash Gali,Yamunanagar-135001, Haryana, YAMUNA NAGAR, YAMUNANAGAR, HARYANA ,135001",HARYANA,135001,SUBHASH GALI,YAMUNANAGAR,HIGH,0.83,explicit DISTRICT/DISTT marker in address; city inferred from district-adjacent address token: SUBHASH GALI,False
1c9a7348-1b34-4393-94f4-190ee6e9a3dd,693,NEW SS HALLMARKING CENTRE,"SHOP NO 5 SARAFA BAZARSHOP NO 5 SARAFA BAZAR, KAITHAL, KAITHAL, HARYANA ,136027",HARYANA,136027,,KAITHAL,MEDIUM,0.55,explicit DISTRICT/DISTT marker in address,True
86fa135a-0168-4d6a-b036-d6c53f2c1817,695,J S Hallmarking Center,"WAKA RAKBA PURANI ABADI, MCK NO-736/7SARAFA BAZAR, Kaithal Sub Post Office, KAITHAL, KAITHAL, HARYANA ,136027",HARYANA,136027,SUB POST OFFICE,KAITHAL,HIGH,0.83,explicit DISTRICT/DISTT marker in address; city inferred from district-adjacent address token: SUB POST OFFICE,False
9e316b7e-9af6-4730-948f-0c8a9f85deb9,699,RAJE HALLMARKING & REFINERY,"SHOP NO-32 PATEL BAZAR NEAR SUPER DRY CLEAN, KAITHAL, KAITHAL, HARYANA ,136027",HARYANA,136027,,KAITHAL,MEDIUM,0.55,explicit DISTRICT/DISTT marker in address,True
633f4865-9f6a-4c7a-8428-f6f4b7a152fd,694,NEW SS HALLMARKING CENTRE,"SHOP NO 5 SARAFA BAZARSHOP NO 5 SARAFA BAZAR, KAITHAL, KAITHAL, HARYANA ,136027 OSC Address: Shop No. 65, Subhash Bazar, Halwai HattaPanipat, Haryana, PANIPAT, PANIPAT CITY, HARYANA, 132103",HARYANA,132103,HALWAI HATTA,KAITHAL,HIGH,0.83,explicit DISTRICT/DISTT marker in address; city inferred from district-adjacent address token: HALWAI HATTA,False
cf2a7a12-f4b4-49a5-9e62-e4eca4f3e3da,696,PURAN CHAND RAM LALA TESTING LAB,"First Floor Shop No 640/A Opposite Rana HospitalMain Bazar Kalka Panchkula Haryana 133302, PANCHKULA, KALKA, HARYANA ,133302",HARYANA,133302,HARYANA 133302,PANCHKULA,HIGH,0.83,explicit DISTRICT/DISTT marker in address; city inferred from district-adjacent address token: HARYANA 133302,False
ab98cfee-24bf-454a-b558-fb2ccc1675bc,697,A S HALLMARKING CENTER,"4598-99, TAMBOLI MOHALLA, SARAFA BAZAARAMBALA CANTT, 133001,, AMBALA, AMBALA CITY, HARYANA ,133001",HARYANA,133001,CANTT,AMBALA,HIGH,0.83,explicit DISTRICT/DISTT marker in address; city inferred from district-adjacent address token: CANTT,False
bd6092fc-ffe1-4778-b20b-2d005cd8def2,700,RAM JI HALLMARK CENTRE,"SHOP NO. EA-771, BAZAR PAPRIANJALANDHAR, PUNJAB- 144004, JALANDHAR, JALANDHAR CITY, PUNJAB ,144004",PUNJAB,144004,,JALANDHAR,MEDIUM,0.55,explicit DISTRICT/DISTT marker in address,True
5ffdb06f-90b6-4e62-a10f-64ada66dc734,701,RAJE HALLMARKING & REFINERY,"HOUSE NO. 1387/2 & 1389/2, JAND GALI NEAR DARSHANI GATE, PATIALA, PATIALA, PUNJAB ,147001",PUNJAB,147001,2 & 1389,PATIALA,HIGH,0.83,explicit DISTRICT/DISTT marker in address; city inferred from district-adjacent address token: 2 & 1389,False
82f486e5-9300-414b-a439-68c545ed27a4,706,S G HALLMARKING CENTER,"436/2,DOOMAN WALI GALI,ADALAT BAZAR,PATIALA,PUNJAB, PATIALA, PATIALA, PUNJAB ,147001",PUNJAB,147001,DOOMAN WALI GALI,PATIALA,HIGH,0.83,explicit DISTRICT/DISTT marker in address; city inferred from district-adjacent address token: DOOMAN WALI GALI,False
17c1fafc-18bf-4651-a9a9-f82f4f07510d,708,SHIV SHANKAR TESTING CENTRE,"B-36/155,DARSHANI GATE,KILLA CHOWK, PATIALA, PATIALA CITY, PUNJAB ,147001",PUNJAB,147001,B 36,PATIALA,HIGH,0.83,explicit DISTRICT/DISTT marker in address; city inferred from district-adjacent address token: B 36,False
0d2aa3dc-e0bc-4db3-b5c4-1bc98fae60b2,744,PRITAM SINGH GOLD TESTING LAB & HALLMARKING CENTRE,"595/2, GURU NANAK STREET, DOOMA WALI GALINEAR ADALAT BAZAR, PATIALA, PUNJAB, PATIALA, PATIALA, PUNJAB ,147001",PUNJAB,147001,,PATIALA,MEDIUM,0.55,explicit DISTRICT/DISTT marker in address,True
15aba6ad-0a2f-4a7e-aa4c-ae4e4f797090,774,RAJARAM GOLD TESTING CENTER,"2285/2,KILA CHOWK DARSHANI GATEPATIALA, PATIALA, PATIALA, PUNJAB ,147001",PUNJAB,147001,,PATIALA,MEDIUM,0.55,explicit DISTRICT/DISTT marker in address,True
025840f2-59df-4a85-b548-0b3ed512e454,702,K J HALLMARK CENTRE,"Sarafan Bazar Batala, GURDASPUR, BATALA, PUNJAB ,143505",PUNJAB,143505,BATALA,GURDASPUR,HIGH,0.83,explicit DISTRICT/DISTT marker in address; city inferred from district-adjacent address token: BATALA,False
3ca590d3-1368-47fb-afe0-635ae1148183,709,PK HALLMARK CENTER,"SHOP NO. B67-0188, SARAFAN BAZARBATALA, GURDASPUR, PUNJAB, GURDASPUR, BATALA, PUNJAB ,143505",PUNJAB,143505,SARAFAN BAZARBATALA,GURDASPUR,HIGH,0.83,explicit DISTRICT/DISTT marker in address; city inferred from district-adjacent address token: SARAFAN BAZARBATALA,False
a8f1d7c9-9f66-4115-b7c5-08ebf8a0dd7f,703,RAJE HALLMARKING CENTER,"PAHARI KATRA,NEAR SARAFA BAZAR HOSHIARPUR, HOSHIARPUR, HOSHIARPUR, PUNJAB ,146001",PUNJAB,146001,PAHARI KATRA,HOSHIARPUR,HIGH,0.83,explicit DISTRICT/DISTT marker in address; city inferred from district-adjacent address token: PAHARI KATRA,False
8e39611e-7d2e-41e4-a149-32194c592b7b,716,SHRI VISHAVKARMA HALLMARKING CENTRE,"SARAFAN BAZAR, NEAR GAUSHALA BAZAR, HOSHIARPUR, HOSHIARPUR, HOSHIARPUR, PUNJAB ,146001",PUNJAB,146001,,HOSHIARPUR,MEDIUM,0.55,explicit DISTRICT/DISTT marker in address,True
8d31fd04-bcac-487f-8cd9-035c3de065be,732,AV Assaying and Hallmarking Centre,"B-4/909 1st FLOOR SARAFAN BAZAR, HOSHIARPUR, HOSHIARPUR CITY, PUNJAB ,146001",PUNJAB,146001,B 4,HOSHIARPUR,HIGH,0.83,explicit DISTRICT/DISTT marker in address; city inferred from district-adjacent address token: B 4,False
d8fef703-0e47-4f8b-aab1-a8da4bbbfd5d,704,BARNALA GOLD TESTING AND HALLMARK CENTER,"NEAR BHAGAT SINGH CHOK, QILA MOHALLA, SADAR BAZAR ROAD, BARNALA, BARNALA, PUNJAB ,148101",PUNJAB,148101,QILA MOHALLA,BARNALA,HIGH,0.83,explicit DISTRICT/DISTT marker in address; city inferred from district-adjacent address token: QILA MOHALLA,False
8f04bb10-0dba-4fcd-b038-f1b5cf455005,743,R V gold testing & hallmarking center,"b-1/281 gurdwara street sadar bazar, BARNALA, BARNALA, PUNJAB ,148101",PUNJAB,148101,B 1,BARNALA,HIGH,0.83,explicit DISTRICT/DISTT marker in address; city inferred from district-adjacent address token: B 1,False
e17e18e2-162c-458e-9ee2-d53883247075,705,R J HALLMARKING CENTRE,"1988/4, guru bazar, kamboj market, AMRITSAR, GURU BAZAR, PUNJAB ,143001",PUNJAB,143001,,AMRITSAR,MEDIUM,0.55,explicit DISTRICT/DISTT marker in address,True
edbca575-a346-43f8-b615-091d5173c723,714,RAJE HALLMARKING CENTER,"GROUND FLOOR VED MARKET GURU BAZAR AMRITSAR-143001, AMRITSAR, , PUNJAB ,143001",PUNJAB,143001,,AMRITSAR,MEDIUM,0.55,explicit DISTRICT/DISTT marker in address,True
5ffdab2c-73d6-409a-a450-d1afa3a25570,718,NEW PALAK HALLMARKING CENTER,"TF-10, THIRD FLOOR, 32,Mall Road, Central Mall, Rose Avenue, AMRITSAR, AMRITSAR KTY, PUNJAB ,143001",PUNJAB,143001,ROSE AVENUE,AMRITSAR,HIGH,0.83,explicit DISTRICT/DISTT marker in address; city inferred from district-adjacent address token: ROSE AVENUE,False
25ab8f2a-52c8-4527-8cbc-1cb6174d3c6b,720,PAYAL HALLMARKING AND GOLD TESTING CENTER,"4832/37 NEW NO.9714 MAIN CHOWK SULTANWINDTALI WALAROAD ABDHI SARWARPURA NEAR SARDAR VIDEO GRAPHIC, AMRITSAR, AMRITSAR G.P.O., PUNJAB ,143001",PUNJAB,143001,G P O,AMRITSAR,HIGH,0.83,explicit DISTRICT/DISTT marker in address; city inferred from district-adjacent address token: G P O,False
88cc3351-f96b-49fa-9ff4-abc8f7c34284,721,SHRI MS HALLMARKING CENTRE,"SHOP NO.1,HARI RAM MARKET, PATEL CHOWK,, AMRITSARGURU BAZAR,AMRITSAR, AMRITSAR, AMRITSAR G.P.O., PUNJAB ,143001",PUNJAB,143001,G P O,AMRITSAR,HIGH,0.83,explicit DISTRICT/DISTT marker in address; city inferred from district-adjacent address token: G P O,False
fff85d0e-de02-4b51-b622-de6937aaf90f,770,PALAK GOLD COMPUTERIZED TEST LAB,"105/4, FIRST FLOOR, GURU BAZAR, AMRITSAR, AMRITSAR, AMRITSAR G.P.O., PUNJAB ,143001",PUNJAB,143001,G P O,AMRITSAR,HIGH,0.83,explicit DISTRICT/DISTT marker in address; city inferred from district-adjacent address token: G P O,False
c55ffe12-0339-42bb-bac8-3ddeb6c26ada,707,DC HALLMARK CENTRE,"Ground Floor, NL - 55, Kalan Bazar, Jua Khana,, JALANDHAR, JALANDHAR CITY, PUNJAB ,144001",PUNJAB,144001,JUA KHANA,JALANDHAR,HIGH,0.83,explicit DISTRICT/DISTT marker in address; city inferred from district-adjacent address token: JUA KHANA,False
2a427df5-13ac-47a8-906f-46e5efe30760,729,S R Hallmarking centre,"Chanchal market ,gali bhattan bazar sarafan, JALANDHAR, JALANDHAR CITY, PUNJAB ,144001",PUNJAB,144001,,JALANDHAR,MEDIUM,0.55,explicit DISTRICT/DISTT marker in address,True
6af2d652-6a68-4a4d-9450-03cf89467adc,747,LD GOLD,"B-IV 917 HANUMAN CHOWKNEAR KALAN BAZAR, JALANDHAR, JALANDHAR CITY, PUNJAB ,144001",PUNJAB,144001,,JALANDHAR,MEDIUM,0.55,explicit DISTRICT/DISTT marker in address,True
16b83f00-9bb3-4a17-ac1a-89009f3a344b,710,A D HALLMARKING CENTRE,"GROUND FLOOR, B44/292, NEAR ASHAPURNI MANDIR,ANDROON BAZAR, GURDASPUR, PATHANKOT, PUNJAB ,145001",PUNJAB,145001,NEAR ASHAPURNI MANDIR,GURDASPUR,HIGH,0.83,explicit DISTRICT/DISTT marker in address; city inferred from district-adjacent address token: NEAR ASHAPURNI MANDIR,False
9c2eedf0-020a-4c04-94df-f3e36f91b468,719,SHRI R K HALLMARKING CENTRE,"1ST AND 2ND FLOOR, B-44/226ANDROON BAZAR, GURDASPUR, PATHANKOT, PUNJAB ,145001",PUNJAB,145001,B 44,GURDASPUR,HIGH,0.83,explicit DISTRICT/DISTT marker in address; city inferred from district-adjacent address token: B 44,False
dc242806-aa0e-4389-99aa-5d5110d5f900,711,NN GOLD TESTING AND HALLMARKING CENTRE,"1604 GANDHI,CHOWNK,RUPNAGAR,PUNJAB 1400011604 GANDHI,CHOWNK,RUPNAGAR,PUNJAB 140001, RUPNAGAR, ROPAR, PUNJAB ,140001",PUNJAB,140001,RUPNAGAR,ROPAR,HIGH,0.83,explicit DISTRICT/DISTT marker in address; city inferred from district-adjacent address token: RUPNAGAR,False
b968aac3-e5a5-4a6e-be52-3829605e686e,712,BR Assaying & Hallmarking Centre,"Hari Ram market, Building no 194/4, Patel chowkGURU BAZAR, AMRITSAR, AMRITSAR G.P.O., PUNJAB ,143003",PUNJAB,143003,G P O,AMRITSAR,HIGH,0.83,explicit DISTRICT/DISTT marker in address; city inferred from district-adjacent address token: G P O,False
2745f23f-9645-4dba-b897-ba394425136b,713,M D GOLD HALLMARK CENTRE,"SHOP NO 484,OLD GRAIN MARKET,NEAR SARAFAN BAZARMANDI GATE NO 7,MOGA, MOGA, MOGA, PUNJAB ,142001",PUNJAB,142001,,MOGA,MEDIUM,0.55,explicit DISTRICT/DISTT marker in address,True
dd2eea23-24a3-4636-b607-7ba568963dc2,715,SK GOLD TESTING AND HALLMARKING CENTRE,"FIRST FLOOR,CLUB CHOWK,UPSTAIRS SRI SAI DENTAL AND IMPLANT CENTRE, SANGRUR, MALERKOTLA, PUNJAB ,148023",PUNJAB,148023,UPSTAIRS SRI SAI DENTAL AND IMPLANT CENTRE,SANGRUR,HIGH,0.83,explicit DISTRICT/DISTT marker in address; city inferred from district-adjacent address token: UPSTAIRS SRI SAI DENTAL AND IMPLANT CENTRE,False
26749aea-b969-4067-961a-665d660f9cf3,717,NEW MAHI GOLD TESTING & HALLMARKING CENTRE,"27/6, SHOP NO 1 , NEAR CHOWK CHAURASTTI ATTARIBATTI HATTA, NEAR GURU BAZAR,, AMRITSAR, AMRITSAR G.P.O., PUNJAB ,143006",PUNJAB,143006,G P O,AMRITSAR,HIGH,0.83,explicit DISTRICT/DISTT marker in address; city inferred from district-adjacent address token: G P O,False
9aad1583-e9ce-4c18-a24a-f50f48ddcd55,736,LDPC HALLMARKING & GOLD TESTING CENTRE,"SHOP NO.225, CHOWK BATTI HATTAN,WAHIYAN WALA BAZARNear guru Bazar,Amritsar-143006, AMRITSAR, AMRITSAR G.P.O., PUNJAB ,143006",PUNJAB,143006,G P O,AMRITSAR,HIGH,0.83,explicit DISTRICT/DISTT marker in address; city inferred from district-adjacent address token: G P O,False
fa1f2adb-2b84-4fc1-8a4e-eac4bab166db,722,ALIZA HALLMARKING CENTRE,"1ST FLOOR ,178 BAZAR NO.2 FEROZEPUR CANTT. PUNJAB, FIROZPUR, FEROZEPUR CITY, PUNJAB ,152001",PUNJAB,152001,,,LOW,0.1,No valid district in address or pincode lookup,True
d7b2ca1d-7c7d-4de9-8530-28056811d285,723,ALIZA HALLMARKING CENTRE,"1ST FLOOR ,178 BAZAR NO.2 FEROZEPUR CANTT. PUNJAB, FIROZPUR, FEROZEPUR CITY, PUNJAB ,152001 OSC Address: darbar sahib bazar near gandhi chowksri muktsar sahib, SRI MUKTSAR SAHIB, MUKTSAR, PUNJAB, 152026",PUNJAB,152026,SRI,MUKTSAR,HIGH,0.83,explicit DISTRICT/DISTT marker in address; city inferred from district-adjacent address token: SRI,False
aa36d67e-0777-44a7-87bc-c63c6cea460d,724,Abohar Hallmark Centre,"SFT, Shop no 159, Khasra no 1521/2,Mandi no 1, Abohar, Fazilka, Punjab, 152116, FAZILKA, ABOHAR, PUNJAB ,152116",PUNJAB,152116,ABOHAR,FAZILKA,HIGH,0.83,explicit DISTRICT/DISTT marker in address; city inferred from district-adjacent address token: ABOHAR,False
a1034901-0743-4264-af47-2737166cf9f1,725,TRIMURTI ASSAYING AND HALLMARKING CENTRE,"STREET NO-9, GANDHI CHOWK,FIRST FLOOR BALDEVJEWELLER, BAZAR NO-9, ABOHAR, FAZILKA, ABOHAR, PUNJAB ,152116",PUNJAB,152116,ABOHAR,FAZILKA,HIGH,0.83,explicit DISTRICT/DISTT marker in address; city inferred from district-adjacent address token: ABOHAR,False
1462224a-6fa1-4fea-98b3-44a41ba80997,726,LD GOLD LAB PVT LTD,"B-IV 651,MALI GANJ CHOWK,NR SARAFAN BAZAR, LUDHIANA, LUDHIANA, PUNJAB ,141008",PUNJAB,141008,B IV 651,LUDHIANA,HIGH,0.83,explicit DISTRICT/DISTT marker in address; city inferred from district-adjacent address token: B IV 651,False
7f37a612-0c98-4e4d-adbf-4189859b65d8,731,JS HALLMARK TESTING CENTRE,"B-IV 305/1 SARAFAN BAZAR LUDHIANA, LUDHIANA, LUDHIANA, PUNJAB ,141008",PUNJAB,141008,B IV 305,LUDHIANA,HIGH,0.83,explicit DISTRICT/DISTT marker in address; city inferred from district-adjacent address token: B IV 305,False
624b8274-23d5-4026-b15e-a30563a5c970,742,LACHHMANDASSANDSONS,"B-IV-291,SARAFA BAZAR, LUDHIANA, LUDHIANA, PUNJAB ,141008",PUNJAB,141008,B IV 291,LUDHIANA,HIGH,0.83,explicit DISTRICT/DISTT marker in address; city inferred from district-adjacent address token: B IV 291,False
defccdb7-8a25-422f-b210-6f39457b19d1,771,saiyamgoldlab,"1ST & 2ND FLOOR, RAMESHWAR CHAINS, PANSARI BAZAR S PANSARI BAZAR, SARAFA BAZAR, LUDHIANA, LUDHIANA, LUDHIANA, PUNJAB ,141008",PUNJAB,141008,RAMESHWAR CHAINS,LUDHIANA,HIGH,0.83,explicit DISTRICT/DISTT marker in address; city inferred from district-adjacent address token: RAMESHWAR CHAINS,False
038d2451-92e8-48e6-9756-c30de7e66bbc,730,Jammu Assaying and Hallmarking Centre,"51, Lakhdata Bazar,Near Hanuman Temple, JAMMU, JAMMU, JAMMU & KASHMIR ,180001",Jammu & Kashmir,180001,,,LOW,0.1,No valid district in address or pincode lookup,True
167faca3-7796-4f01-a168-c9f7496fe0c3,746,A&G ASSAYING & HALLMARKING CENTRE,"26/KUCHA KAKU SHAHJAIN BAZAR JAMMU, JAMMU, JAMMU, JAMMU & KASHMIR ,180001",Jammu & Kashmir,180001,,,LOW,0.1,No valid district in address or pincode lookup,True
ccb18205-d330-4a8a-8d0d-cc4cc0aca71c,790,SHREE RADHE HALLMARK CENTRE,"1ST FLOOR SANT PHARMACYMAIN BAZAR, UDHAMPUR, UDHAMPUR, JAMMU & KASHMIR ,182101 OSC Address: ground floor gali hanumanhouse no 64 pacca danga, JAMMU, JAMMU, JAMMU & KASHMIR, 180001",Jammu & Kashmir,180001,,,LOW,0.1,No valid district in address or pincode lookup,True
e1884c09-e7d7-4dd8-b245-087ed86a0ae1,791,Sahil Hallmarking & Assaying Centre,"Ground floor, H no 224, Lakhdata bazar, Jammu,Jammu Kashmir, JAMMU, JAMMU, JAMMU & KASHMIR ,180001",Jammu & Kashmir,180001,,,LOW,0.1,No valid district in address or pincode lookup,True
07611611-4d68-4fc2-8d11-7cfbb0ed38ba,793,MAYRA HALLMARKING CENTER,"1 AND 2, 189, JAIN BAZAR, CHOWK CHABUTRA, JAMMU,, JAMMU, JAMMU, JAMMU & KASHMIR ,180001",Jammu & Kashmir,180001,,,LOW,0.1,No valid district in address or pincode lookup,True
f0a1d81c-c218-4792-bd14-bd904134306c,734,Govind Hallmarking and Bullion Assayers,"332/26 Govind Market, Chowk Sarafa, Chowk, LUCKNOW, LUCKNOW CHOWK, UTTAR PRADESH ,226003 OSC Address: 551 Jha/92,Ram Nagar, Alambagh,, LUCKNOW, LUCKNOW CHOWK, UTTAR PRADESH, 226005",UTTAR PRADESH,226005,ALAMBAGH,LUCKNOW,HIGH,0.83,explicit DISTRICT/DISTT marker in address; city inferred from district-adjacent address token: ALAMBAGH,False
c272bc86-d2e4-4117-ac49-f0e6b22b686b,738,HG TESTING AND HALLMARKING CENTRE,"4406, first floor, Vaid Jwala Prashad Market, Sadar Bazar,, BATHINDA, BATHINDA CITY, PUNJAB ,151005",PUNJAB,151005,FIRST FLOOR,BATHINDA,HIGH,0.83,explicit DISTRICT/DISTT marker in address; city inferred from district-adjacent address token: FIRST FLOOR,False
e0a5aae6-7a84-4833-a81f-f487e9002ab9,739,paras testing and hallmarking centre,"SCO 49SECOND FLOOR, CHANDIGARH, SECTOR 23 ( CHANDIGARH), CHANDIGARH ,160023",CHANDIGARH,160023,,,LOW,0.1,No valid district in address or pincode lookup,True
922feb94-c109-4ea6-84d0-d4df97b047f8,755,OM DIAMOND & GEMS LABORATORY,"sco.14, 2nd floor sector 23c, CHANDIGARH, SECTOR 23 ( CHANDIGARH), CHANDIGARH ,160023",CHANDIGARH,160023,,,LOW,0.1,No valid district in address or pincode lookup,True
fab47acf-cf62-4d36-b162-dd5925ea8488,786,SUDESH HALLMARKING CENTRE,"SCEOND FLOOR SCO7SECTOR 23C CHANDIGARH, CHANDIGARH, SECTOR 23 ( CHANDIGARH), CHANDIGARH ,160023",CHANDIGARH,160023,,,LOW,0.1,No valid district in address or pincode lookup,True
e010a36e-8b4e-487c-8d06-4cc38baf3c4a,748,BG Assaying & Hallmarking Centre,"26, Dhamawala, 1st Floor, Above Jhabba Lal & Co., DEHRADUN, DEHRADUN CITY, UTTARAKHAND ,160104",UTTARAKHAND,160104,ABOVE JHABBA LAL & CO,DEHRADUN,HIGH,0.83,explicit DISTRICT/DISTT marker in address; city inferred from district-adjacent address token: ABOVE JHABBA LAL & CO,False
f7ce2c50-4e9e-45a6-bcc8-e85cd8ae09cc,751,P S HALLMARK,"V.P.O. NADAUN DISTT. HAMIRPUR, HAMIRPUR, NADAUN, HIMACHAL PRADESH ,177033",HIMACHAL PRADESH,177033,,,LOW,0.1,No valid district in address or pincode lookup,True
b29d6d70-b0f0-4e8d-ab8d-609845b4cac7,752,HR Bullion Assaying & Hallmarking Centre,"Ist Floor, Barran Hattan Chowk, Hospital Road, MANSA, MANSA (MANSA), PUNJAB ,151505",PUNJAB,151505,IST FLOOR,MANSA,HIGH,0.83,explicit DISTRICT/DISTT marker in address; city inferred from district-adjacent address token: IST FLOOR,False
2c8c1517-981c-447b-b9ba-aa31e5c530fd,753,YASH HALLMARKING CENTRE LLP,"29/29 1ST & 2ND FLOOR, NAMAK KI MANDI,AGRA (U P) 282002, AGRA, AGRA, UTTAR PRADESH ,282002",UTTAR PRADESH,282002,U P 282002,AGRA,HIGH,0.83,explicit DISTRICT/DISTT marker in address; city inferred from district-adjacent address token: U P 282002,False
179c4e73-955e-4493-96a9-9cbafa33a21d,754,KANHA HALLMARKING CENTRE,"SHOP NO. XII 99, OLD SARAFA BAZARR/O 102 96, OLD SARAFA BAZAR, KARNAL, KARNAL CITY, HARYANA ,132001",HARYANA,132001,O 102 96,KARNAL,HIGH,0.83,explicit DISTRICT/DISTT marker in address; city inferred from district-adjacent address token: O 102 96,False
527f01a5-5e42-493e-8555-9929c9a2614d,756,SHREE GANPATI TESTING & HALLMARKING CENTRE,"GALI PHARIO WALI,BHADRA BAZAR, SIRSA, SIRSA, HARYANA ,125055",HARYANA,125055,GALI PHARIO WALI,SIRSA,HIGH,0.83,explicit DISTRICT/DISTT marker in address; city inferred from district-adjacent address token: GALI PHARIO WALI,False
12ae8df1-bfe7-4271-af8d-788f444bce1a,815,GOLD GURU TESTING & HALLMARKING CENTRE,"GALI KHAI WALI, JAIN SCHOOL WALIBHADRA BAZAR, SIRSA, SIRSA, BHADRA, HARYANA ,125055",HARYANA,125055,BHADRA,SIRSA,HIGH,0.83,explicit DISTRICT/DISTT marker in address; city inferred from district-adjacent address token: BHADRA,False
06c9c772-6644-497b-8020-2f74930cf86a,762,THE KUNDANS HALLMARK CENTRE,"Opposite Sanjay Jewellers, Near Dhobian Wali Gali, Saraffa Bazar,Khanna, LUDHIANA, KHANNA, PUNJAB ,141401",PUNJAB,141401,KHANNA,LUDHIANA,HIGH,0.83,explicit DISTRICT/DISTT marker in address; city inferred from district-adjacent address token: KHANNA,False
a2510aed-22cd-410e-9135-df292b43a65b,766,Khushal Enterprises,"Tartala, Sadar Jaunpur 222001(UP), JAUNPUR DISTRICT, JAUNPUR, UTTAR PRADESH ,222001",UTTAR PRADESH,222001,SADAR,JAUNPUR,HIGH,0.83,explicit DISTRICT/DISTT marker in address; city inferred from district-adjacent address token: SADAR,False
cb3b5625-1a14-4f53-bcb2-a1d2509ccdc7,767,City Assaying and Hallmarking Centre,"Jaspalan Gali ,Sarafan Bazar KapurthalaHouse No. B-XIII-2, KAPURTHALA, KAPURTHALA, PUNJAB ,144601",PUNJAB,144601,JASPALAN GALI,KAPURTHALA,HIGH,0.83,explicit DISTRICT/DISTT marker in address; city inferred from district-adjacent address token: JASPALAN GALI,False
fc39ba0e-3e1b-4eae-8d65-5dd3f1124506,775,MS GOLD LAB,"KK COMPLEXMAHAJAN BAZAR, MANDI, MANDI, HIMACHAL PRADESH ,175001",HIMACHAL PRADESH,175001,,,LOW,0.1,No valid district in address or pincode lookup,True
6824dff0-307c-4ae7-b8db-d2644b08148a,776,DRB ASSAYING AND HALLMARKING LAB,"55/47 DHAMAWALA BAZARDEHRADUN, DEHRADUN, DEHRADUN CITY, UTTARAKHAND ,248001",UTTARAKHAND,248001,,DEHRADUN,MEDIUM,0.55,explicit DISTRICT/DISTT marker in address,True
5f4b05fc-71ad-4762-af47-cc442ec0ae57,798,AS ASSAYING & HALLMARK CENTRE,"H. NO. 40/3, NEW NO. 99/40/3DHAMAWALA MOHALLA, DEHRADUN, DEHRADUN, DEHRADUN CITY, UTTARAKHAND ,248001",UTTARAKHAND,248001,3DHAMAWALA MOHALLA,DEHRADUN,HIGH,0.83,explicit DISTRICT/DISTT marker in address; city inferred from district-adjacent address token: 3DHAMAWALA MOHALLA,False
44604a28-94d2-46e5-98c4-af322b294041,802,RD ASSAYING & HALLMARKING CENTRE,"GROUND FLOOR,35/5,DHAMAWALA,MOHALLA,DEHRADUN,DEHRADUN,UTTARAKHAND-248001, DEHRADUN, DEHRADUN CITY, UTTARAKHAND ,248001",UTTARAKHAND,248001,MOHALLA,DEHRADUN,HIGH,0.83,explicit DISTRICT/DISTT marker in address; city inferred from district-adjacent address token: MOHALLA,False
e1264d3e-ef09-41f7-9064-58445850d707,805,P K ASSAYING & HALLMARKING CENTRE,"MOHALLA LAKDHARAN, (NEAR SARAFA BAZAR))JWALAPUR, HARIDWAR-249407, HARIDWAR, JWALAPUR, UTTARAKHAND ,249407 OSC Address: 36, Dhamawala bazar,OPP Dhamawala masjid, DEHRADUN, DEHRADUN CITY, UTTARAKHAND, 248001",UTTARAKHAND,248001,JWALAPUR,HARIDWAR,HIGH,0.83,explicit DISTRICT/DISTT marker in address; city inferred from district-adjacent address token: JWALAPUR,False
9b552c31-31ad-4dc2-a282-186f5cfd2ce9,778,MAA BAJRESHWARI GOLD COMPUTER TEST LAB,"1,1, SEHGAL MARKET,KANGRA,HIMACHAL PRADESH,176001, KANGRA, KANGRA, HIMACHAL PRADESH ,176001",HIMACHAL PRADESH,176001,,,LOW,0.1,No valid district in address or pincode lookup,True
4464b214-77f1-4434-b25e-d0d476de8dff,788,RENUKA HALLMARKING AND ASSAYING CENTER,"1ST FLOOR, RENUKA HALLMARKING, DOONGA BAZAR KANGRA, KANGRA, KANGRA TOWN, HIMACHAL PRADESH ,176001",HIMACHAL PRADESH,176001,,,LOW,0.1,No valid district in address or pincode lookup,True
40a8c543-d858-4a15-b4a1-b3eca777245f,779,HS HALLMARKINGCENTRE,"E.A 200 PAPRIAN BAZAR JALANDHAR CITY-144002E.A 200 PAPRIAN BAZAR JALANDHAR-144002, JALANDHAR, JALANDHAR CITY, PUNJAB ,144002",PUNJAB,144002,,JALANDHAR,MEDIUM,0.55,explicit DISTRICT/DISTT marker in address,True
12504730-7f97-4330-a325-ecdffe908fc9,781,KASHMIR HALLMARKING CENTRE,"2ND FLOOR, OPPOSITE KHANA KHAZANA hotel ,hari singh high street, LALCHOWK, Srinagar,, SRINAGAR, LAL CHOWK, JAMMU & KASHMIR ,190001",Jammu & Kashmir,190001,,,LOW,0.1,No valid district in address or pincode lookup,True
b59f5822-bbd8-447a-a53c-adfd884644c4,796,SRINAGAR HALLMARKING CENTRE,"!st Floor, Near Budsha Flats, HSH Street, SRINAGAR, SRINAGAR G.P.O., JAMMU & KASHMIR ,190001",Jammu & Kashmir,190001,,,LOW,0.1,No valid district in address or pincode lookup,True
300f516a-a2b1-4eb3-8063-8545623faddf,782,POOJA HALLMARKING CENTRE,"SHOP NO 1756, MAIN BAZAR, MANIMAJRA, CHANDIGARH, CHANDIGARH, MANIMAJRA, CHANDIGARH ,160101",CHANDIGARH,160101,,,LOW,0.1,No valid district in address or pincode lookup,True
db44bd93-e973-4f27-bbf8-cc15eb30a40e,785,R S HALLMARKING AND ASSAYING CENTER,"SC-828, Second Floor, Main Shivalik Enclave MarketMadhya Marg, Chandigarh, CHANDIGARH, MANIMAJRA, CHANDIGARH ,160101",CHANDIGARH,160101,,,LOW,0.1,No valid district in address or pincode lookup,True
e2abdeed-0514-4c46-91d4-6829d6510503,784,A B Hallmarking Centre,"137 D, Shanti Katra, Near Bangali Kali Bari, SeshpurGorakhpur, Uttar Pradesh, GORAKHPUR, GORAKHPUR, UTTAR PRADESH ,237005",UTTAR PRADESH,237005,SESHPUR,GORAKHPUR,HIGH,0.83,explicit DISTRICT/DISTT marker in address; city inferred from district-adjacent address token: SESHPUR,False
9f0a263f-251d-4452-b5fb-2b6e139ab038,787,CHANDIGARH HALLMARKING CENTRE,"SCO-09, SECOND FLOOR, SECTOR 23C, CHANDIGARH, CHANDIGARH, SECTOR 23 ( CHANDIGARH), CHANDIGARH ,160022",CHANDIGARH,160022,,,LOW,0.1,No valid district in address or pincode lookup,True
e57d188d-30dc-4717-b552-3de14108cfce,789,SHREE RADHE HALLMARK CENTRE,"1ST FLOOR SANT PHARMACYMAIN BAZAR, UDHAMPUR, UDHAMPUR, JAMMU & KASHMIR ,182101",Jammu & Kashmir,182101,,,LOW,0.1,No valid district in address or pincode lookup,True
de2bc95f-5995-464b-9efb-e25a6ac08abd,792,Balaji Kuber LLP,"42-C, INDUSTRIAL ESTATE, DIGIANAJAMMU, JAMMU AND KASHMIR 180010, JAMMU, INDUSTRIAL ESTATE (JAMMU), JAMMU & KASHMIR ,180010",Jammu & Kashmir,180010,,,LOW,0.1,No valid district in address or pincode lookup,True
ad6f8e4c-dc81-48fd-8be2-abab36e71d7c,794,SHREE HALLMARK CENTER,"HOUSE NO.4, WARD NO.6,RAILWAY ROADVIJAYPUR, SAMBA, SAMBA, JAMMU & KASHMIR ,184120",Jammu & Kashmir,184120,,,LOW,0.1,No valid district in address or pincode lookup,True
cb3ad99f-d1c6-46dc-92dc-fe34d65fd544,795,Makkar Assaying and Hallmark centre,"Laxmi market, Dayalchak, Hiranagar, KathuaJammu and kashmir, KATHUA, HIRANAGAR, JAMMU & KASHMIR ,184142",Jammu & Kashmir,184142,,,LOW,0.1,No valid district in address or pincode lookup,True
a1511b61-5ed2-45f6-a827-ef19c382033d,797,AHMAD MUHARKAN HALLMARKING CENTRE,"02,NALLAMAR ROAD SRINAGARSRINAGAR, SRINAGAR, SRINAGAR G.P.O., JAMMU & KASHMIR ,190002",Jammu & Kashmir,190002,,,LOW,0.1,No valid district in address or pincode lookup,True
95299988-6037-4470-9b21-fa5c1bdf4ec4,800,Shiv Shakti Hallmark Centre,"GROUND FLOOR MOHALLA KHATIYAN NEAR OLD SABZI MANDIPURANA DHAMPUR, DHAMPUR, BIJNOR (U.P), BIJNOR, DHAMPUR, UTTAR PRADESH ,246761",UTTAR PRADESH,246761,DHAMPUR,BIJNOR,HIGH,0.83,explicit DISTRICT/DISTT marker in address; city inferred from district-adjacent address token: DHAMPUR,False
5ad16101-2452-43ac-b9bc-26b4c813201a,801,MAA DHARI ASSAYING AND HALLMARKING CENTRE,"FLOOR NO.: 1,5/62 ANAND GROCERIES BUILDINGGOLA BAZAR, PAURI GARHWAL, SRINAGAR (PAURI GARHWAL), UTTARAKHAND ,246174",UTTARAKHAND,246174,SRINAGAR,PAURI GARHWAL,HIGH,0.83,explicit DISTRICT/DISTT marker in address; city inferred from district-adjacent address token: SRINAGAR,False
7a345036-f35c-4167-8a8e-c6f9eb9a1039,803,MAHADEV HALLMARKING CENTER,"VILL HEET NAGARSWAD SADHAN, RUDRAPRAYAG, RUDRAPRAYAG, UTTARAKHAND ,246171",UTTARAKHAND,246171,VILL HEET NAGARSWAD SADHAN,RUDRAPRAYAG,HIGH,0.83,explicit DISTRICT/DISTT marker in address; city inferred from district-adjacent address token: VILL HEET NAGARSWAD SADHAN,False
4d1a54bb-6543-4e37-9de8-9ef170163a06,804,P K ASSAYING & HALLMARKING CENTRE,"MOHALLA LAKDHARAN, (NEAR SARAFA BAZAR))JWALAPUR, HARIDWAR-249407, HARIDWAR, JWALAPUR, UTTARAKHAND ,249407",UTTARAKHAND,249407,JWALAPUR,HARIDWAR,HIGH,0.83,explicit DISTRICT/DISTT marker in address; city inferred from district-adjacent address token: JWALAPUR,False
5de71f6c-d61f-42a9-a737-9eed6a2d9cd9,806,SHRI MAHAKAL ASSAYING AND HALLMARKING,"35/2, PATIYAN SARAFA BAZAR, SARAFA BAZARMUZAFFARNAGAR, MUZAFFARNAGAR, MUZAFFARNAGAR, UTTAR PRADESH ,251002",UTTAR PRADESH,251002,,MUZAFFARNAGAR,MEDIUM,0.55,explicit DISTRICT/DISTT marker in address,True
f9d36f84-f856-4334-84f2-3979fea18002,807,S S HALLMARKING CENTRE,"NEAR PATEL CHOWKSAHUKARA LINE, NAINITAL, HALDWANI, UTTARAKHAND ,263139",UTTARAKHAND,263139,PATEL CHOWKSAH,NAINITAL,HIGH,0.83,explicit DISTRICT/DISTT marker in address; city inferred from district-adjacent address token: PATEL CHOWKSAH,False
5e12a84b-709b-4455-99ab-3488ec969bbf,809,ANUGRAH GOLD ASSAY & HALLMARKING CENTER PRIVATE LIMITED,"3, C/O ANJU MEHRA,CHAUDHRY COMPLEXSAHUKARA LINE PATEL CHOWK, NAINITAL, HALDWANI, UTTARAKHAND ,263139",UTTARAKHAND,263139,CHAUDHRY COMPLEXSAH,NAINITAL,HIGH,0.83,explicit DISTRICT/DISTT marker in address; city inferred from district-adjacent address token: CHAUDHRY COMPLEXSAH,False
cff21607-70b0-4e75-b5cd-e8bb580a1905,812,UTTARAKHAND HALLMARKING CENTRE,"11/20, First FloorPatel Chowk, Near Pipleshwar Mandir, NAINITAL, HALDWANI, UTTARAKHAND ,263139",UTTARAKHAND,263139,PIPLESHWAR MANDIR,NAINITAL,HIGH,0.83,explicit DISTRICT/DISTT marker in address; city inferred from district-adjacent address token: PIPLESHWAR MANDIR,False
af4ce31f-02f8-4971-944d-d3aebcecb851,808,MAHADEV HALLMARK CENTRE,"PARIDHAN COLLECTION ,JOHARI BAZAR ALMORAKHAZANCHI BAZAR ROAD ALMORA UTTARAKHAND, ALMORA, ALMORA, UTTARAKHAND ,263601",UTTARAKHAND,263601,PARIDHAN COLLECTION,ALMORA,HIGH,0.83,explicit DISTRICT/DISTT marker in address; city inferred from district-adjacent address token: PARIDHAN COLLECTION,False
7c1cec41-c51b-4b04-8c16-a67eb6044a6b,814,Krishana Hallmark Center,"Selakhola, Near Huka ClubKhazanchi Mohalla, ALMORA, ALMORA, UTTARAKHAND ,263601",UTTARAKHAND,263601,H,ALMORA,HIGH,0.83,explicit DISTRICT/DISTT marker in address; city inferred from district-adjacent address token: H,False
2eb6d4bd-9532-4ab9-9cdc-7518e3f63acd,810,DEV BHOOMI HALLMARKING CENTRE,"FLOOR NO. 1, BUILDING NO. 1, GOVIND LAL CHAUDHARIPITHORAGARH, UTTARAKHAND 262502, PITHORAGARH, PITHORAGARH, UTTARAKHAND ,262502",UTTARAKHAND,262502,GOVIND LAL CHAUDHARI,PITHORAGARH,HIGH,0.83,explicit DISTRICT/DISTT marker in address; city inferred from district-adjacent address token: GOVIND LAL CHAUDHARI,False
00f47b4b-a4f6-4b73-9478-f83166741050,811,G M HALLMARK CENTER,"Purani Bazar, Ishwari Lal, Pithoragarh,Uttarakhand-262501, PITHORAGARH, PITHORAGARH, UTTARAKHAND ,262501",UTTARAKHAND,262501,ISHWARI LAL,PITHORAGARH,HIGH,0.83,explicit DISTRICT/DISTT marker in address; city inferred from district-adjacent address token: ISHWARI LAL,False
7b4a5e1b-9d56-4207-aac9-dfdb32c13463,813,SES ANALYTICALS PRIVATE LIMITED,"Plot No-CP-31, 3rd Floor, Sector City Park,SIIDCUL, PNDT IIE,, UDHAM SINGH NAGAR, RUDARPUR, UTTARAKHAND ,263153",UTTARAKHAND,263153,PNDT IIE,UDHAM SINGH NAGAR,HIGH,0.83,explicit DISTRICT/DISTT marker in address; city inferred from district-adjacent address token: PNDT IIE,False
60d80702-855d-4f0f-ac4b-92c4c44dd28b,816,SIDDHNATH HALLMARKING CENTRE,"2NdFloor,SNo.204/205,RelianceAtria,IsadoroBastistaRoad,Opp.Gold StarHotel,Pajifond,Margao,South Goa,, SOUTH GOA, MARGAO, GOA ,403601",GOA,403601,,,LOW,0.1,No valid district in address or pincode lookup,True
bea006cf-45d5-4937-9cd8-829e8d89865a,817,LAXMINARAYAN HALLMARKING CENTRE,"Second Floor, Shop No S-1 H No 14/3703 Shop No S-2H No 14/3704, Sweet Home Symphony Complex, Railway, SOUTH GOA, MARGAO, GOA ,403601",GOA,403601,,,LOW,0.1,No valid district in address or pincode lookup,True
27f82c2b-dee2-40b6-8d04-5a559aaeb6c1,818,SANJEEV HALLMARKING CENTRE,"6-4-64, Pedda Bazar Road, Kothagudem,Dist: Bhadradri Kothagudem, Telangana-507101, BHADRADRI KOTHAGUDEM, KOTHAGUDEM, TELANGANA ,507101",TELANGANA,507101,KOTHAGUDEM,BHADRADRI KOTHAGUDEM,HIGH,0.83,explicit DISTRICT/DISTT marker in address; city inferred from district-adjacent address token: KOTHAGUDEM,False
bcef5fe6-eb63-4a8b-8d5e-e062c86d2a5b,819,SS HALLMARK CENTRE,"23-16 ,MAIN BAZAR,MIRYALAGUDA,NALGONDA, NALGONDA, MIRYALGUDA, TELANGANA ,508207",TELANGANA,508207,,,LOW,0.1,No valid district in address or pincode lookup,True
6821d768-e2af-4309-80a1-cf96c60354ef,833,DWARAKAMAI HALLMARK CENTER,"H.No.23-4/1 Part, KalalwadaMain Bazar, Miryalaguda,, NALGONDA, MIRYALGUDA, TELANGANA ,508207",TELANGANA,508207,,,LOW,0.1,No valid district in address or pincode lookup,True
bbe4ec99-7d5d-4b46-953d-65bc4a0a583d,820,NEW GBR HALLMARKING CENTER,"Third Floor, 7-2-817/1, 817Dry Fish Market, HYDERABAD, SECUNDERABAD, TELANGANA ,500003",TELANGANA,500003,SECUNDERABAD,HYDERABAD,HIGH,0.83,explicit DISTRICT/DISTT marker in address; city inferred from district-adjacent address token: SECUNDERABAD,False
2fba969f-bc79-4bb1-a67a-23d7d82640ff,824,SURYA HALLMARKING CENTRE,"1-5-259 TO 262 KALASIGUDA MAIN ROADSECUNDERABAD HYDERABAD TELANGANA, HYDERABAD, SECUNDERABAD, TELANGANA ,500003",TELANGANA,500003,1 5 259 TO 262 KALASIGUDA MAIN ROADSECUNDERABAD,HYDERABAD,HIGH,0.83,explicit DISTRICT/DISTT marker in address; city inferred from district-adjacent address token: 1 5 259 TO 262 KALASIGUDA MAIN ROADSECUNDERABAD,False
4d0235f8-73b0-4181-a63d-d4827557ac87,825,NEW CENTURY HALLMARKING CENTRE,"1st floor no 3-2-117 to 3-2-123/B general bazarsecunderabad, HYDERABAD, SECUNDERABAD, TELANGANA ,500003",TELANGANA,500003,B GENERAL BAZARSECUNDERABAD,HYDERABAD,HIGH,0.83,explicit DISTRICT/DISTT marker in address; city inferred from district-adjacent address token: B GENERAL BAZARSECUNDERABAD,False
fd017527-e013-48be-bdce-069ad033ca25,826,TSS Hallmarking & Refinery,"Ground Floor, 7-2-601 to 603/A & C,Takkar Basti, Pot Market, HYDERABAD, SECUNDERABAD, TELANGANA ,500003",TELANGANA,500003,SECUNDERABAD,HYDERABAD,HIGH,0.83,explicit DISTRICT/DISTT marker in address; city inferred from district-adjacent address token: SECUNDERABAD,False
1de491d8-3b3b-4cea-a546-87291b255f52,837,ANAND GOLD & SILVER HALLMARK CENTRE,"3rd Floor, H.No: 5-2-270,Maniram Arcade,Hyderbasti, HYDERABAD, SECUNDERABAD, TELANGANA ,500003",TELANGANA,500003,HYDERBASTI,HYDERABAD,HIGH,0.83,explicit DISTRICT/DISTT marker in address; city inferred from district-adjacent address token: HYDERBASTI,False
d546c9e6-56c6-4357-bc47-23293a4120fb,842,NAKODA HALLMARKING CENTER,"7-2-472,ASHOK NAGAR,SECUNDERABAD,, HYDERABAD, SECUNDERABAD, TELANGANA ,500003",TELANGANA,500003,SECUNDERABAD,HYDERABAD,HIGH,0.83,explicit DISTRICT/DISTT marker in address; city inferred from district-adjacent address token: SECUNDERABAD,False
1bb1ad82-1199-477e-803a-57daa4524937,844,NAVNEET HALLMARKING & REFINERY PRIVATE LIMITED,"2ND FLOOR, H NO. 7-2-773, PANNA COMPLEXPOTMARKET, SECUNDERBAD, HYDERABAD, SECUNDERABAD, TELANGANA ,500003",TELANGANA,500003,SECUNDERBAD,HYDERABAD,HIGH,0.83,explicit DISTRICT/DISTT marker in address; city inferred from district-adjacent address token: SECUNDERBAD,False
f152a494-66a0-408e-bd94-786b05042aff,1035,PRINCE HALLMARKING AND REFINERY PVT LTD,"DOOR NO. 7-2-697, 2ND FLOOR, MONDA MARKET STREET( POT MARKET ), OPP OLD JAIL KHANA, HYDERABAD, SECUNDERABAD, TELANGANA ,500003",TELANGANA,500003,OLD JAIL KHANA,HYDERABAD,HIGH,0.83,explicit DISTRICT/DISTT marker in address; city inferred from district-adjacent address token: OLD JAIL KHANA,False
3820673b-2bb0-498e-bf1d-3bd7083ae1c7,1052,SHRI HYDERABAD HALLMARKING CENTRE,"7-2-437/B, 2ND FLOOR, TAKARA BASTHI, POT MARKETMONDA MARKET, SECUNDERABAD, HYDERABAD, SECUNDERABAD, TELANGANA ,500003",TELANGANA,500003,SECUNDERABAD,HYDERABAD,HIGH,0.83,explicit DISTRICT/DISTT marker in address; city inferred from district-adjacent address token: SECUNDERABAD,False
6b245d52-50cf-4c81-aea1-a89b77833b69,1062,Tirupati Assaying And Hallmarking Centre,"H.No. 1-4-144, Mahankali StreetKalasiguda, HYDERABAD, SECUNDERABAD, TELANGANA ,500003",TELANGANA,500003,MAHANKALI STREETKALASIGUDA,HYDERABAD,HIGH,0.83,explicit DISTRICT/DISTT marker in address; city inferred from district-adjacent address token: MAHANKALI STREETKALASIGUDA,False
e2fbd95d-36eb-46dd-aee1-84107fc5ad39,1072,ADITYA TUNCH AND HALLMARK,"1-3-21to25 kalasigudamain road genral bazar7-2-300,301,308 leela complex,pot market secundera, HYDERABAD, SECUNDERABAD, TELANGANA ,500003",TELANGANA,500003,SECUNDERABAD,HYDERABAD,HIGH,0.83,explicit DISTRICT/DISTT marker in address; city inferred from district-adjacent address token: SECUNDERABAD,False
674c9a3c-0bc9-4848-8c26-915c4ad26e1d,1084,SWASTIKS HALLMARKING CENTRE,"7-2-474, POT MARKET, OLD JAIL STREETSECUNDERABAD, HYDERABAD, SECUNDERABAD, TELANGANA ,500003",TELANGANA,500003,OLD JAIL STREE,HYDERABAD,HIGH,0.83,explicit DISTRICT/DISTT marker in address; city inferred from district-adjacent address token: OLD JAIL STREE,False
36cc79bc-a7aa-4913-8fdf-d010918f9639,1092,G S Hallmarking and Refinery Centre S G,"3rd Floor, 3-3-433 and 434, Rangrez BazarOpp. Mahankali Temple, HYDERABAD, SECUNDERABAD, TELANGANA ,500003",TELANGANA,500003,RANGREZ BAZAROPP MAHANKALI TEMPLE,HYDERABAD,HIGH,0.83,explicit DISTRICT/DISTT marker in address; city inferred from district-adjacent address token: RANGREZ BAZAROPP MAHANKALI TEMPLE,False
008694ab-0fe8-4f7e-9212-769be3e86f0f,821,QUALITY ASSAY & HALLMARKING CENTRE PRIVATE LIMITED,"Second Floor, Door No:3A,Door No:3B, TGIIC GENERALMaheshwaram Cross Road, Rangareddy, Telangana, 501, RANGA REDDY, MAISARAM, TELANGANA ,501359",TELANGANA,501359,MAISARAM,RANGAREDDY,HIGH,0.83,explicit DISTRICT/DISTT marker in address; city inferred from district-adjacent address token: MAISARAM,False
21ddcad9-49ef-4eab-a4a9-2fee5de100ff,822,SRI SURYA HALLMARK CENTRE,"POTTI SRI RAMULU ROAD, 2-3-353, GANDHI GUNJGANDHI CHOWK, KHAMMAM, TELANGANA, KHAMMAM, GANDHICHOWK (KHAMMAM), TELANGANA ,507003",TELANGANA,507003,GANDHICHOWK,KHAMMAM,HIGH,0.83,explicit DISTRICT/DISTT marker in address; city inferred from district-adjacent address token: GANDHICHOWK,False
8f283382-5ca0-4a5c-8842-ac6316e73e85,1074,Prathyushh Viswasri Hallmarking Centre,"First Floor, 2-3-82 to 87Gandhi Chowk, KHAMMAM, KHAMMAM, TELANGANA ,507003",TELANGANA,507003,FIRST FLOOR,KHAMMAM,HIGH,0.83,explicit DISTRICT/DISTT marker in address; city inferred from district-adjacent address token: FIRST FLOOR,False
a8e6563c-c5ab-4421-bb33-0927273672f0,823,ARCHANA GOLD TESTING,"1-8-22/2 TO 6, JUGGE VISHWANATH, HUSNABAD, ARMOOR,NIZAMABAD, TELANGANA, 505325, NIZAMABAD, ARMOOR, TELANGANA ,505325",TELANGANA,505325,ARMOOR,NIZAMABAD,HIGH,0.83,explicit DISTRICT/DISTT marker in address; city inferred from district-adjacent address token: ARMOOR,False
39c5e34e-3c8e-409e-af1f-4ff4081cb606,827,KHARAA SONA ASSAYING AND HALLMARKING CENTRE,"A Unit of S.A.I. Kharaa Sona Pvt. Ltd., 213,A BLOCK, 2ND FLOOR, MAYUR KUSHAL COMPLEX, ABIDS,, HYDERABAD, HYDERABAD G.P.O., TELANGANA ,500001",TELANGANA,500001,ABIDS,HYDERABAD,HIGH,0.83,explicit DISTRICT/DISTT marker in address; city inferred from district-adjacent address token: ABIDS,False
f74cee17-8926-4ff9-a331-b86d07091358,835,SECUNDERABAD HALLMARKINGS,"1-5-15,I St Floor, General Bazar, Dhan Bazar,Secunderabad, HYDERABAD, SECUNDERABAD, TELANGANA ,500001",TELANGANA,500001,SECUNDERABAD,HYDERABAD,HIGH,0.83,explicit DISTRICT/DISTT marker in address; city inferred from district-adjacent address token: SECUNDERABAD,False
a34f5b72-0907-4383-bf3d-f5abae099602,845,ADITYA HALLMARKING CENTER,"5-9-311&312,794 F.NO 101PAVANI PLAZA COMPLEXGUNFOUNDRY STREET,ABIDS, HYDERABAD, HYDERSHAHKOTE, TELANGANA ,500001",TELANGANA,500001,ABIDS,HYDERABAD,HIGH,0.83,explicit DISTRICT/DISTT marker in address; city inferred from district-adjacent address token: ABIDS,False
e5bf6183-693c-4a14-b507-ab7654667da5,998,Sri Hyderabad Hallmarking Centre,"209-A/ 209-B, B Block, II Floor,Mayur Kushal Complex, Abids, Hyderabad, HYDERABAD, HYDERABAD G.P.O., TELANGANA ,500001",TELANGANA,500001,ABIDS,HYDERABAD,HIGH,0.83,explicit DISTRICT/DISTT marker in address; city inferred from district-adjacent address token: ABIDS,False
0583a3e4-4bd1-44ef-bc86-2b6042c57840,828,Sri Krishna Rukmini Hall Mark Centre,"15-3-147/2, GOWLIGUDA, OLD BUS DEPOT, HYDERABAD 5-, HYDERABAD, BEGUMBAZAR, TELANGANA ,500053",TELANGANA,500053,BEGUMBAZAR,HYDERABAD,HIGH,0.83,explicit DISTRICT/DISTT marker in address; city inferred from district-adjacent address token: BEGUMBAZAR,False
d163ea23-c8d7-49fe-a81b-7f4ecf3a412d,829,KRISHNA GOLD HALLMARKING CENTER,"FLAT NO 22-5-340 & 347, PANJESHA,FATEH ULLAH BAIGH LANE, HYDERABAD, MOGHALPURA, TELANGANA ,500002",TELANGANA,500002,FATEH ULLAH BAIGH LANE,HYDERABAD,HIGH,0.83,explicit DISTRICT/DISTT marker in address; city inferred from district-adjacent address token: FATEH ULLAH BAIGH LANE,False
853069a9-2448-45dd-97cb-6372ca4b70fd,982,PRINCE HALLMARKING CENTRE HYDERABAD,"DOOR NO 22-5-284/285, 1st FLOOR, KALIKAMAN ROAD,GULZAR HOUSE, HYDERABAD-500002., HYDERABAD, HIGH COURT (HYDERABAD), TELANGANA ,500002",TELANGANA,500002,HIGH,HYDERABAD,HIGH,0.83,explicit DISTRICT/DISTT marker in address; city inferred from district-adjacent address token: HIGH,False
a91042a6-181a-4b4f-b04f-c8341734cd71,1009,G S Hallmarking & Refinery Centre,"H.No.22-6-925/1, 1st Floor & 2nd FloorKalikaman Road, Panjesha, HYDERABAD, FALAKNUMA, TELANGANA ,500002",TELANGANA,500002,PANJESHA,HYDERABAD,HIGH,0.83,explicit DISTRICT/DISTT marker in address; city inferred from district-adjacent address token: PANJESHA,False
ba051dea-3b43-4870-990b-7f8f0d899062,1076,SRI RENUKA HALLMAKING CENTER,"4Th Floor,21-7-297/1/A, Charkaman,Mitti Ka sher,Charminar,Hyderabad, HYDERABAD, HIGH COURT (HYDERABAD), TELANGANA ,500002",TELANGANA,500002,CHARMINAR,HYDERABAD,HIGH,0.83,explicit DISTRICT/DISTT marker in address; city inferred from district-adjacent address token: CHARMINAR,False
174409ab-71f6-4ddc-8e6f-ef566b4bdfad,1078,S S R Hallmarking,"First Floor, 21-7-227, Zindamal Heeralal LaneMitti Ka Sher, Charkaman, HYDERABAD, , TELANGANA ,500002",TELANGANA,500002,CHARKAMAN,HYDERABAD,HIGH,0.83,explicit DISTRICT/DISTT marker in address; city inferred from district-adjacent address token: CHARKAMAN,False
31710f5e-268f-464e-94f9-1dbac00d90aa,830,MAHESHWARI HALL MARKING CENTRE,"H NO 8-2-128/1 AND 2,OLD BEET BAZAR,BARDAN GALLY,WARANGAL, WARANGAL RURAL, WARANGAL, TELANGANA ,506002",TELANGANA,506002,,,LOW,0.1,No valid district in address or pincode lookup,True
4a638445-a683-407e-95bb-2fb8aa26a336,831,MAHESHWARI HALL MARKING CENTRE,"H NO 8-2-128/1 AND 2,OLD BEET BAZAR,BARDAN GALLY,WARANGAL, WARANGAL RURAL, WARANGAL, TELANGANA ,506002 OSC Address: AG Complex,,1st Floor RNT Road, WARANGAL URBAN, HANAMKONDA, TELANGANA, 506002",TELANGANA,506002,,,LOW,0.1,No valid district in address or pincode lookup,True
2433c47c-7d2e-453c-a681-b145655e6c67,832,Om Sai Sree Hallmarking and Assaying center,"First floor, H.No. 9-9-119, Pinnavari streetWarangal, WARANGAL RURAL, WARANGAL, TELANGANA ,506002",TELANGANA,506002,,,LOW,0.1,No valid district in address or pincode lookup,True
3ad52fd3-4106-4cb6-ae4a-793e5f821547,1089,Venkateswara Hallmarking And Assaying Centre,"First Floor, H.No. 9-10-152, Someshwara ComplexVishwakarma Street, WARANGAL RURAL, WARANGAL, TELANGANA ,506002",TELANGANA,506002,,,LOW,0.1,No valid district in address or pincode lookup,True
b0c9b3b3-491d-498a-8656-94213ad768dc,834,RENUKA ASSAYING AND HALLMARKING CENTRE,"1-5-66, Gold Market, General bazar, Secunderabad, HYDERABAD, SECUNDERABAD, TELANGANA ,500015",TELANGANA,500015,SECUNDERABAD,HYDERABAD,HIGH,0.83,explicit DISTRICT/DISTT marker in address; city inferred from district-adjacent address token: SECUNDERABAD,False
8babe833-fb87-48a8-8852-a8b7e5932a23,836,HHYDERABAD HALLMARKING AND ASSAYING CENTRE,"6-3-713, Flat No-613,C Block, Ground FloorAmrutha Hills, Punjagutta, Hyderabad, HYDERABAD, BEGUMPET, TELANGANA ,500082",TELANGANA,500082,PUNJAGUTTA,HYDERABAD,HIGH,0.83,explicit DISTRICT/DISTT marker in address; city inferred from district-adjacent address token: PUNJAGUTTA,False
0bdccf13-085e-4f72-8e3b-189846038e55,840,SREE CENTURYY HALLMARKING CENTRE,"H. NO 6--668/10/52A,PLOT NO 52 DURGA NAGAR ROAD,PUNJABGUTTA,HYDERABAD, HYDERABAD, SECUNDERABAD, TELANGANA ,500082",TELANGANA,500082,PUNJABGUTTA,HYDERABAD,HIGH,0.83,explicit DISTRICT/DISTT marker in address; city inferred from district-adjacent address token: PUNJABGUTTA,False
daf47360-7512-48ee-b8ac-740e2d426729,964,QUALITY ASSAY & HALLMARKING CENTRE PRIVATE LIMITED,"4th FLOOR, 6-3-1112/A , B, ROOM NO 401, Plot No 6,Bolesaheb Maktha Road, Begumpet, Hyderabad-500082, HYDERABAD, BEGUMPET, TELANGANA ,500082",TELANGANA,500082,BEGUMPET,HYDERABAD,HIGH,0.83,explicit DISTRICT/DISTT marker in address; city inferred from district-adjacent address token: BEGUMPET,False
cee31dbc-df55-46b0-a1e8-95a6c62f0e9c,1005,NAYAN GOLD HALLMARKING CENTRE,"6-3-883/A/1/1, Third Floor, Flat No.302Span Classic Complex, Punjagutta, HYDERABAD, SOMAJIGUDA, TELANGANA ,500082",TELANGANA,500082,PUNJAGUTTA,HYDERABAD,HIGH,0.83,explicit DISTRICT/DISTT marker in address; city inferred from district-adjacent address token: PUNJAGUTTA,False
577b8c00-1b2a-49bd-b14f-51d515c202b7,1087,TS Hall Marking & Refinery,"6-3-1186/10, Lane Next to ITC Grand KakatiyaOpp C M Camp Office, Somajiguda, HYDERABAD, SOMAJIGUDA, TELANGANA ,500082",TELANGANA,500082,SOMAJIGUDA,HYDERABAD,HIGH,0.83,explicit DISTRICT/DISTT marker in address; city inferred from district-adjacent address token: SOMAJIGUDA,False
c73d7f9b-c87c-43f1-9c1e-ab7e6b890047,838,SS HALLMARK CENTRE,"DOOR NO 19-1-38, SHASTRI ROAD PALVANCHA,BHADRADRI KOTHAGUDEM(DIST) TELANGANA, BHADRADRI KOTHAGUDEM, KOTHAGUDEM, TELANGANA ,507115",TELANGANA,507115,DIST TELANGANA,BHADRADRI KOTHAGUDEM,HIGH,0.83,explicit DISTRICT/DISTT marker in address; city inferred from district-adjacent address token: DIST TELANGANA,False
809d1428-dfee-4cd9-92ae-6990a285ff98,839,MATOSHREE HALLMARKING CENTRE,"Flat No.: 19-7-7,Laxminagar,GodavarikhaniNear by State Bank of India ATM,Ramagundam, PEDDAPALLI, PEDDAPALLI, TELANGANA ,505209",TELANGANA,505209,RAMAGUNDAM,PEDDAPALLI,HIGH,0.83,explicit DISTRICT/DISTT marker in address; city inferred from district-adjacent address token: RAMAGUNDAM,False
86243716-c883-4447-90be-1cfb008efa9b,841,Ameerpet Assaying & Hallmarking Centre,"7-1-573 & 574 Near Kanak Durga TempleAmeerpet,Hyderabad, HYDERABAD, SANJEEV REDDY NAGAR, TELANGANA ,500016",TELANGANA,500016,7 1 573 & 574 NEAR KANAK DURGA TEMPLEAMEERPET,HYDERABAD,HIGH,0.83,explicit DISTRICT/DISTT marker in address; city inferred from district-adjacent address token: 7 1 573 & 574 NEAR KANAK DURGA TEMPLEAMEERPET,False
fed8d9bd-2668-40bc-adeb-210321f16260,1066,SRI BALAJI HALLMARKING CENTRE,"I ST FLOOR, 7-1-525 To 527, SHOP NO 5 AND 6,OPP GURUDWRA,AMEERPET, HYDERABAD, AMBERPET, TELANGANA ,500016",TELANGANA,500016,AMEERPET,HYDERABAD,HIGH,0.83,explicit DISTRICT/DISTT marker in address; city inferred from district-adjacent address token: AMEERPET,False
829d2a3b-46e9-4cd1-98e4-c34b937c3e31,843,GAYATHRI ASSAYING & HALLMARKING CENTER,"Ground Floor, Door No 7-2-161, Gold & Silver MerchantComplex,Marwadi Galli, NIZAMABAD, , TELANGANA ,503001",TELANGANA,503001,MARWADI GALLI,NIZAMABAD,HIGH,0.83,explicit DISTRICT/DISTT marker in address; city inferred from district-adjacent address token: MARWADI GALLI,False
8eac0730-83c1-4af6-9a81-64fa039ec624,846,V R K Hallmark Center,"11-122Nehru Bazaar, CHITTOOR, MADANAPALLE, ANDHRA PRADESH ,517325",ANDHRA PRADESH,517325,11 122NEHRU BAZAAR,CHITTOOR,HIGH,0.83,explicit DISTRICT/DISTT marker in address; city inferred from district-adjacent address token: 11 122NEHRU BAZAAR,False
190bce71-8722-4bb4-bc29-1ccb690bb60b,847,BHAARATH HALLMARK CENTRE,"11/319-1, AMMAVARISHALA STREET,OPP TO B.S.R. DIAMONDS, PRODDATUR,, KADAPA, PRODDATUR, ANDHRA PRADESH ,516360",ANDHRA PRADESH,516360,PRODDATUR,KADAPA,HIGH,0.83,explicit DISTRICT/DISTT marker in address; city inferred from district-adjacent address token: PRODDATUR,False
977db38b-1b42-49cb-be0b-722584238e70,1016,SRI SUDARSHAN MUSKAN ASSAYING & HALLMARKING CENTRE,"11/184 Up StairsMoksha Gundam Street, KADAPA, PRODDATUR, ANDHRA PRADESH ,516360",ANDHRA PRADESH,516360,PRODDATUR,KADAPA,HIGH,0.83,explicit DISTRICT/DISTT marker in address; city inferred from district-adjacent address token: PRODDATUR,False
bca5969b-bf23-46d9-944d-8ec5f678153e,848,ANANTHA HALLMARK CENTRE,"21-358, BRAHMANA VEEDHI, REVENUE WARD NO 21, ANANTAPUR, ANANTAPUR, ANDHRA PRADESH ,515001",ANDHRA PRADESH,515001,,,LOW,0.1,No valid district in address or pincode lookup,True
6a3413ef-7838-4ea0-b239-4810bbce85d1,849,S N Hallmarking centre,"22-186 C, Revenue Ward no 22 , Mahaldar Veedhi, Ol-, ANANTAPUR, AGALI (ANANTHAPUR), ANDHRA PRADESH ,515005",ANDHRA PRADESH,515005,,,LOW,0.1,No valid district in address or pincode lookup,True
0225773d-9fb0-405b-bb66-a47f60807a3f,850,Om Hallmarking and Assay Center,"18/84, OPP SHROOF BAZAR,NEHRU ROAD, KURNOOL, KURNOOL, ANDHRA PRADESH ,518001",ANDHRA PRADESH,518001,,KURNOOL,MEDIUM,0.55,explicit DISTRICT/DISTT marker in address,True
05b7d2db-a219-4406-ad2b-97d76b11e477,981,Z & H Assaying & Hallmarking Centre Kurnool,"18/100/31 VASAVI COMPLEX, 4th FLOOR S.V.C. SHROFF, KURNOOL, KURNOOL, ANDHRA PRADESH ,518001",ANDHRA PRADESH,518001,4TH FLOOR S V C SHROFF,KURNOOL,HIGH,0.83,explicit DISTRICT/DISTT marker in address; city inferred from district-adjacent address token: 4TH FLOOR S V C SHROFF,False
76efa7a1-a45c-4ce9-97c7-145771290e6d,851,NANDYAL MUSKAN ASSAYING & HALLMAEKING CENTRE,"4/515A, Chand Bada, NANDYAL, NANDYAL, , ANDHRA PRADESH ,518501",ANDHRA PRADESH,518501,,,LOW,0.1,No valid district in address or pincode lookup,True
a767f8fc-cc32-4a60-a622-37853f92516d,852,SREE SIMHAPURI HALLMARKING & ASSAYING CENTRE,"GROUND FLOOR, D.NO: 13/59MANDAPALA STREET,NELLORE, SRI POTTI SRIRAMULU NELLORE, NELLORE, ANDHRA PRADESH ,524001",ANDHRA PRADESH,524001,,,LOW,0.1,No valid district in address or pincode lookup,True
6ec18016-0a7d-49f1-b058-d927c3c71b48,855,SUVARNA ASSAYING & HALLMARKING CENTRE,"13/130 MANDAPALA STREET, NELLORE, SPSR NELLORENELLORE, ANDHRA PRADESH, SRI POTTI SRIRAMULU NELLORE, NELLORE, ANDHRA PRADESH ,524001",ANDHRA PRADESH,524001,,,LOW,0.1,No valid district in address or pincode lookup,True
2a9ef54c-1a79-4642-bd4a-969960f92f1e,864,SS ASSAYING & HALLMARKING CENTRE,"13/87/1, MANDAPALA STREET,NELLORE, SPSR NELLORE, SRI POTTI SRIRAMULU NELLORE, NELLORE, ANDHRA PRADESH ,524001",ANDHRA PRADESH,524001,,,LOW,0.1,No valid district in address or pincode lookup,True
6aa89157-bf67-4715-be3d-00fa44aecac6,951,SREE AKSHAYA HALLMARKING CENTRE,"dno:12/599chinnabazar, SRI POTTI SRIRAMULU NELLORE, NELLORE, ANDHRA PRADESH ,524001",ANDHRA PRADESH,524001,,,LOW,0.1,No valid district in address or pincode lookup,True
8df3ae40-ce76-48ba-b2ca-86be13e99ff9,956,NELLORE HALLMARKING CENTRE,"13/575, DUDIVARI SANDHU, NEW RAJYALAKSHMI HALL,CHINNA BAZAAR, SRI POTTI SRIRAMULU NELLORE, NELLORE, ANDHRA PRADESH ,524001",ANDHRA PRADESH,524001,,,LOW,0.1,No valid district in address or pincode lookup,True
6a7e1f40-22ab-4fd9-9fc4-274eb0d5d684,853,VISWARUPA GOLDSMITH FOUNDATION,"Plot no 35/B Sri Venkateswara IndustriesAPIIC Industrial Estate Jaggaiahpet (M), KRISHNA, JAGGAIAHPET, ANDHRA PRADESH ,521175",ANDHRA PRADESH,521175,B,KRISHNA,HIGH,0.83,explicit DISTRICT/DISTT marker in address; city inferred from district-adjacent address token: B,False
c48692cb-8b35-4ce5-83ae-27ecc4272784,854,CS HALLMARKING CENTER,"2nd F5, WARD NO. 21A, MAHALAKSHMI TOWERS,GOVERNORPET, VIJAYAWADA, KRISHNA, ANDHRA PRADESH., KRISHNA, VIJAYAWADA, ANDHRA PRADESH ,520002",ANDHRA PRADESH,520002,VIJAYAWADA,KRISHNA,HIGH,0.83,explicit DISTRICT/DISTT marker in address; city inferred from district-adjacent address token: VIJAYAWADA,False
b3e16925-25eb-4e34-8f34-c1be1d11ee74,858,NATIONAL HALLMARK CENTRE,"2nd Foor, 27-14-16, IV Plaza, S.No 10,11Rajagopalchari St, Jai Hind Complex, Bucinghampeta, KRISHNA, VIJAYAWADA, ANDHRA PRADESH ,520002",ANDHRA PRADESH,520002,BUCINGHAMPETA,KRISHNA,HIGH,0.83,explicit DISTRICT/DISTT marker in address; city inferred from district-adjacent address token: BUCINGHAMPETA,False
4454d613-d96a-4cb9-840b-8b4ec934c67a,859,BOMBAY HALL MARK CENTRE,"Ground Floor, 27-23-194/2, Gopala Reddy Road, Governorpet,Vijayawada, NTR, Andhra Pradesh - 520002, KRISHNA, VIJAYAWADA, ANDHRA PRADESH ,520002",ANDHRA PRADESH,520002,VIJAYAWADA,NTR,HIGH,0.83,explicit DISTRICT/DISTT marker in address; city inferred from district-adjacent address token: VIJAYAWADA,False
8579d642-5988-4949-a26b-1bb03d034f57,1020,Sri Viswakarma Gold Smiths Private Limited,"D.No. 27-14-60, 1st Floor, Rajagopalachari StreetGovernorpet, KRISHNA, VIJAYAWADA, ANDHRA PRADESH ,520002",ANDHRA PRADESH,520002,RAJAGOPALACHARI STREETGOVERNORPET,KRISHNA,HIGH,0.83,explicit DISTRICT/DISTT marker in address; city inferred from district-adjacent address token: RAJAGOPALACHARI STREETGOVERNORPET,False
3e3b7d24-0947-4e76-acb1-5cd872bb3257,856,ROSHAN HALLMARKING CENTER,"1st floor, Guru Raghavendra Nilayam, 21-8-64,GANTALAMMA CHETTU STREET, Gantalamma Chettu Temple, GUNTUR, GUNTUR, ANDHRA PRADESH ,522003",ANDHRA PRADESH,522003,GANTALAMMA CHETTU TEMPLE,GUNTUR,HIGH,0.83,explicit DISTRICT/DISTT marker in address; city inferred from district-adjacent address token: GANTALAMMA CHETTU TEMPLE,False
c10e3a65-c989-4f41-9d39-2f81a608f172,950,LAKSHMI NARASIMHA HALLMARKING CENTRE,"Door No. 21-3-18 Flower Market Main Road, GUNTUR, ETUKURU ROAD(GUNTUR), ANDHRA PRADESH ,522003",ANDHRA PRADESH,522003,ETUKURU,GUNTUR,HIGH,0.83,explicit DISTRICT/DISTT marker in address; city inferred from district-adjacent address token: ETUKURU,False
0081186b-8e08-4e75-affd-ec718e1092fa,857,SUVARNA HALLMARKING CENTRE,"TEMPLE STREET, 2ND FLOOR, 39-9-1,SAILOK COMPLEX, TEMPLE STREET, LABBIPET., KRISHNA, VIJAYAWADA, ANDHRA PRADESH ,520010",ANDHRA PRADESH,520010,LABBIPET,KRISHNA,HIGH,0.83,explicit DISTRICT/DISTT marker in address; city inferred from district-adjacent address token: LABBIPET,False
cd4bf53e-f0da-47b6-b7db-2af87215b818,860,SOMESWAR HALLMARKING CENTRE,"1ST Floor,7/278,Municipal Ward No.7,Godugupeta1ST Floor,7/278,Municipal Ward No.7,Gudugupeta,, KRISHNA, MACHILIPATNAM, ANDHRA PRADESH ,521001",ANDHRA PRADESH,521001,GUDUGUPETA,KRISHNA,HIGH,0.83,explicit DISTRICT/DISTT marker in address; city inferred from district-adjacent address token: GUDUGUPETA,False
a8f201d5-a4bc-4ba2-9f44-24ea936f2561,861,SRI MANASVI ASSAYING AND HALLMARK CENTRE,"6-1-63 MAIN ROADNEAR SIVA STATUE, GUNTUR, NARASARAOPET, ANDHRA PRADESH ,522601",ANDHRA PRADESH,522601,6 1 63 MAIN ROADNEAR SIVA STATUE,GUNTUR,HIGH,0.83,explicit DISTRICT/DISTT marker in address; city inferred from district-adjacent address token: 6 1 63 MAIN ROADNEAR SIVA STATUE,False
31fac0c5-ea57-45f3-9c38-e92c0a1ee545,862,Sri Lakshmi Devi Hallmarking,"Door No 3/298, First Floor, Main BazarEast Side, Revenue Ward No 3, Mangalagiri, GUNTUR, MANGALAGIRI BAZAR, ANDHRA PRADESH ,522503",ANDHRA PRADESH,522503,MANGALAGIRI,GUNTUR,HIGH,0.83,explicit DISTRICT/DISTT marker in address; city inferred from district-adjacent address token: MANGALAGIRI,False
21400e9e-41c4-484d-a0fd-41f1c2555141,954,PAVAN GOLD CHECK & HALLMARKING CENTRE,"4-350, SHARAFF BAZAR, MANGALAGIRI., GUNTUR, MANGALAGIRI, ANDHRA PRADESH ,522503",ANDHRA PRADESH,522503,MANGALAGIRI,GUNTUR,HIGH,0.83,explicit DISTRICT/DISTT marker in address; city inferred from district-adjacent address token: MANGALAGIRI,False
9c102f31-94c7-423c-ac94-ad32b9cfe200,1042,chandana hallmarking centre,"D.No. 8-171/A, Karepakuvari street, GUNTUR, MANGALAGIRI, ANDHRA PRADESH ,522503",ANDHRA PRADESH,522503,MANGALAGIRI,GUNTUR,HIGH,0.83,explicit DISTRICT/DISTT marker in address; city inferred from district-adjacent address token: MANGALAGIRI,False
a68338df-e26f-4eaf-b6d6-7fb7fc2986ea,863,Sri Kubera Hallmarking Centre,"Ground floor, 16-20-64/19/A Revenue ward no. 10Salipet Beside metro shoe mart street, Tenali,, GUNTUR, TENALI, ANDHRA PRADESH ,522201",ANDHRA PRADESH,522201,TENALI,GUNTUR,HIGH,0.83,explicit DISTRICT/DISTT marker in address; city inferred from district-adjacent address token: TENALI,False
e440fa81-33d9-4f96-bca7-e4acfa150eca,1043,PVS GOLD AND SILVER HALLMARKING CENTRE,"D.No. 16-28-5, P.V.S Complex, M.N.R StreetSharaff Bazar, GUNTUR, TENALI, ANDHRA PRADESH ,522201",ANDHRA PRADESH,522201,TENALI,GUNTUR,HIGH,0.83,explicit DISTRICT/DISTT marker in address; city inferred from district-adjacent address token: TENALI,False
c4fb4564-b7e8-4c22-bb39-8b8fbfb9e67e,865,JDJ TESTING CENTER,"GOLD MARKET JUCTION, 34-5-10RAJAJI STREET, MAIN ROAD, EAST GODAVARI, TURANGI, ANDHRA PRADESH ,533001",ANDHRA PRADESH,533001,TURANGI,EAST GODAVARI,HIGH,0.83,explicit DISTRICT/DISTT marker in address; city inferred from district-adjacent address token: TURANGI,False
3d52210c-cfb8-4a56-9139-8ee29a1367bf,866,S V Hallmark Center,"3rd Floor, 8-9-23 AVR Mall, Peedha Veethi, Tuni,Kakinada, Andhra Pradesh-533401, EAST GODAVARI, TUNI, ANDHRA PRADESH ,533401",ANDHRA PRADESH,533401,TUNI,EAST GODAVARI,HIGH,0.83,explicit DISTRICT/DISTT marker in address; city inferred from district-adjacent address token: TUNI,False
e8de4f6b-e2aa-4535-9c99-f9931adc449b,867,S S HALLMARKING CENTRE,"47-15-13/27NAVARATNA JEWEL SQUARE,BESIDE JYOTHI BOOK STORE, VISAKHAPATNAM, DWARAKANAGAR, ANDHRA PRADESH ,530016",ANDHRA PRADESH,530016,JYOTHI BOOK STORE,VISAKHAPATNAM,HIGH,0.83,explicit DISTRICT/DISTT marker in address; city inferred from district-adjacent address token: JYOTHI BOOK STORE,False
c5e2db03-93bd-4d75-bc91-057fd49a0c2c,870,SHREE KRISHNA HALLMARKING CENTRE,"47-15-14/6,VRC COMPLEX,DWARAKANAGARRAILWAY STATION ROAD,VISAKHAPATNAM, VISAKHAPATNAM, VISAKHAPATNAM, ANDHRA PRADESH ,530016",ANDHRA PRADESH,530016,VRC COMPLEX,VISAKHAPATNAM,HIGH,0.83,explicit DISTRICT/DISTT marker in address; city inferred from district-adjacent address token: VRC COMPLEX,False
068f5605-5044-4b39-add9-0ed6df86bae7,868,PJ HALLMARKING CENTRE,"Padmini Complex, D.No. 22-5-7Opp. Venkatrama Theater,Marvadi Sandhu, Bhimavaram, WEST GODAVARI, BHIMAVARAM, ANDHRA PRADESH ,534201",ANDHRA PRADESH,534201,BHIMAVARAM,WEST GODAVARI,HIGH,0.83,explicit DISTRICT/DISTT marker in address; city inferred from district-adjacent address token: BHIMAVARAM,False
e592abb8-8042-4d75-8995-ae24fb4585f2,869,SRI SUJATHA HALLMARKING CENTER,"SECOND FLOOR, 34-1-87, MAIN BAZAR, NEAR VAIBHAV JEWELLERY, ELURU, ELURU, ANDHRA PRADESH ,534001",ANDHRA PRADESH,534001,,,LOW,0.1,No valid district in address or pincode lookup,True
8f19c000-a5f8-46ee-9b0d-6b5fbb91b789,984,RAMDAS HALLMARKING CENTRE,"3A-10-5 T.S.NO 28/1,3 MAINBAZARBELLAMKOTTU SANDU, WEST GODAVARI, ELURU, ANDHRA PRADESH ,534001",ANDHRA PRADESH,534001,3 MAINBAZARBELLAMKOTTU SANDU,WEST GODAVARI,HIGH,0.83,explicit DISTRICT/DISTT marker in address; city inferred from district-adjacent address token: 3 MAINBAZARBELLAMKOTTU SANDU,False
97ea85ec-5a18-451b-a81f-af3c02abb316,871,OMRA HALLMARKING CENTRE,"4TH FLOOR NO 31 GURU GANESH PLAZAPILLAPPA LANE NAGRATHPET CROSS BENGALURU, BANGALORE URBAN, BANGALORE CITY, KARNATAKA ,560002",KARNATAKA,560002,,,LOW,0.1,No valid district in address or pincode lookup,True
4973b828-f09f-475c-a4cb-7b53571a95ff,872,SRI GANESH ASSAY AND HALLMARKING CENTRE,"4TH FLOOR, NO.28-10-3/6,MM COMPLEX,BETTAPPA LANE,, BANGALORE URBAN, BANGALORE CITY, KARNATAKA ,560002",KARNATAKA,560002,,,LOW,0.1,No valid district in address or pincode lookup,True
fdd9c3be-7b67-4440-be8b-7a446806f244,874,SHRI SHANKARA HALLMARKING,"#33, 5TH FLOOR, B.S COMPLEX, PILLAPPA LANE,NAGARATHPET, BANGALORE, BANGALORE URBAN, CHICKPET, KARNATAKA ,560002",KARNATAKA,560002,,,LOW,0.1,No valid district in address or pincode lookup,True
a3512896-cea7-4d7d-b5a0-12e948655914,875,M K ASSAYING AND HALLMARKING CENTER LLP,"SIXTH FLOOR, No 33, SHOP Nos 73 74 75 76 77BS COMPLEX, PILLAPPA LANE, NAGARATHPET, BANGALORE URBAN, BANGALORE CITY, KARNATAKA ,560002",KARNATAKA,560002,,,LOW,0.1,No valid district in address or pincode lookup,True
af68da62-c8b2-4a58-afef-09737fa9550d,876,JKS Hallmarking Centre,"Ground Floor, Shope No.18, RSJ Sree PurandaraAdamsha Road, Nagartapete, Urban Bangalore-560002., BANGALORE URBAN, BAGALUR (BANGALORE), KARNATAKA ,560002",KARNATAKA,560002,,,LOW,0.1,No valid district in address or pincode lookup,True
7ec70faa-e372-4f69-b9eb-4945fccb2178,877,ROYAL ASSAYING AND HALLMARKING CENTER,"5th FLOOR, 503,504,512,513 & 514, GOKUL COMPLEX ,KEMPANNA LANE,, BANGALORE URBAN, BANGALORE CITY, KARNATAKA ,560002",KARNATAKA,560002,,,LOW,0.1,No valid district in address or pincode lookup,True
ed9205b7-36d1-4544-8ca0-47b1cebced13,878,ZACO ASSAY AND HALLMARKING CENTRE,"Ground Floor, 7/1, MaldarpetNagarathpet Cross, BANGALORE URBAN, CHICKPET, KARNATAKA ,560002",KARNATAKA,560002,,,LOW,0.1,No valid district in address or pincode lookup,True
ef543840-ef31-446b-8b24-834c649a9ff6,879,Mandoth Hallmark Centre,"C-8, Third Floor, No.7 C.T. StreetSakalajee Market, Avenue Road, Bangalore, BANGALORE URBAN, BANGALORE CITY, KARNATAKA ,560002",KARNATAKA,560002,,,LOW,0.1,No valid district in address or pincode lookup,True
e892ad51-d365-4ea6-80cc-0338e77d188b,881,Mrs Rakhi Hallmark,"2nd & 3rd Floor, No 6, Shop No 4 & 5, Mataji TowerAppaji Rao Lane, CT Street Cross, BANGALORE URBAN, CHICKPET, KARNATAKA ,560002",KARNATAKA,560002,,,LOW,0.1,No valid district in address or pincode lookup,True
033bbb94-ff01-42ab-984f-a1eabdfbdd31,882,Supriya Hallmarking Center,"4th floor, no.844, suguna murthy muttlaneNagarthpet cross, Banglore, BANGALORE URBAN, BANGALORE CITY, KARNATAKA ,560002",KARNATAKA,560002,,,LOW,0.1,No valid district in address or pincode lookup,True
58f5f147-4b6e-4f25-9009-4b3183345d35,883,VIJAY ASSAYING AND HALLMARKING CENTRE,"2nd, 72, J.B.K. Complex, NAGARTHPET MAIN ROAD,BANGALORE, Bengaluru (Bangalore) Urban,, BANGALORE URBAN, BANGALORE CITY, KARNATAKA ,560002",KARNATAKA,560002,,,LOW,0.1,No valid district in address or pincode lookup,True
885f10d2-13af-4da7-baa9-311345b08303,885,Marvel Lab,"8 Maldarpet, Appurayappagalli ,Nagarathpet CrossBanglore, BANGALORE URBAN, BANGALORE CITY, KARNATAKA ,560002",KARNATAKA,560002,,,LOW,0.1,No valid district in address or pincode lookup,True
80dc0fee-cfa4-4083-b57a-781f82c31f99,886,Manibhadra Gold and Silver Lab,"No 11, Gupta Towers Bettappa Lane, C T Street, Urb-, BANGALORE URBAN, BAGALUR (BANGALORE), KARNATAKA ,560002",KARNATAKA,560002,,,LOW,0.1,No valid district in address or pincode lookup,True
c296f8a4-66e6-4138-8810-bf0619a92200,888,MAHALAKSHMI HALLMARKING CENTRE,"4TH FLOOR & 5TH FLOOR BUILDING NO 10 SHOP NO 403 &501 MIDAZ SQUARE APPAJI RAO LANE, BANGALORE URBAN, BANGALORE CITY, KARNATAKA ,560002",KARNATAKA,560002,,,LOW,0.1,No valid district in address or pincode lookup,True
9f48ca66-6727-447f-8fde-07d48ca85797,889,SHREE AMBICA ASSAYING & REFINERY CENTRE,"1ST FLOOR, No.24, GANIGARA C LANE,NGRATHPET CROSS,, BANGALORE URBAN, BANGALORE CITY, KARNATAKA ,560002",KARNATAKA,560002,,,LOW,0.1,No valid district in address or pincode lookup,True
cb157c2c-b4fc-4344-81a1-71b1cb64b772,890,JAI BHAVANI HALLMARKING CENTRE,"3rd and 4th FLOOR, NO 108,CHOWDESHWARI TEMPLE STREET, BANGALORE - 560002, BANGALORE URBAN, CHICKPET, KARNATAKA ,560002",KARNATAKA,560002,,,LOW,0.1,No valid district in address or pincode lookup,True
bba88dbc-6e10-409a-b2a3-8c05fe9ee285,891,SAI KHARAA SONA ASSAYING AND HALLMARKING,"4th Floor, Shop No.1-6, 126, Laxmi Golden Mall,Dharmarayaswami Temple Road,Nagartapete, Bengaluru, BANGALORE URBAN, BANGALORE CITY, KARNATAKA ,560002",KARNATAKA,560002,,,LOW,0.1,No valid district in address or pincode lookup,True
ff3692fc-74c5-4e94-8273-6a624efe5918,893,SRI KRISHNA GOLD,"3rd Floor, No3 old No 187 Thimmaraya Shetty Lane N-, BANGALORE URBAN, CHICKPET, KARNATAKA ,560002",KARNATAKA,560002,,,LOW,0.1,No valid district in address or pincode lookup,True
b7873d8d-2ee0-4ef7-b6ec-7e5645036d3c,894,SAGAR ASSAY AND HALLMARKING CENTRE,"# 40/7 3RD FLOOR PILLAPPA LANENAGARTHPETE CROSS, BANGALORE URBAN, BANGALORE CITY, KARNATAKA ,560002",KARNATAKA,560002,,,LOW,0.1,No valid district in address or pincode lookup,True
1e04965d-70e6-4923-b726-19efd01bd65a,935,MERLECHA ASSAYERS,"114/B 1ST FLOOR J C ROAD CROSSBEHIND SHIVAJI TALKIES, BANGALORE URBAN, BANGALORE CITY, KARNATAKA ,560002",KARNATAKA,560002,,,LOW,0.1,No valid district in address or pincode lookup,True
9ea46422-3520-43e5-a6df-c99b16e5f25c,969,Kuber Assaying & Hallmarking Centre,"3rd Floor, 939 1, Ashok Complex,Nagarathpet, BANGALORE URBAN, BANGALORE CITY, KARNATAKA ,560002",KARNATAKA,560002,,,LOW,0.1,No valid district in address or pincode lookup,True
0f48ba73-6cd6-4acd-bab6-2550599ddf67,1018,Prince Hallmarking & Refinery Pvtd,"Shop No-39, 3rd Floor, Rj's Sree Purandra BhavanDharmaraya Swamy Temple Road, Nagarathpet Main Roa, BANGALORE URBAN, BANGALORE CITY, KARNATAKA ,560002",KARNATAKA,560002,,,LOW,0.1,No valid district in address or pincode lookup,True
8728967e-2579-457c-b409-8a56c4d22caf,1019,Prince Hallmarking & Refinery Pvtd,"Shop No-39, 3rd Floor, Rj's Sree Purandra BhavanDharmaraya Swamy Temple Road, Nagarathpet Main Roa, BANGALORE URBAN, BANGALORE CITY, KARNATAKA ,560002 OSC Address: No 7/2, Venkataraman swamy temple Street,1st floor, Avenue road cross,Near Ranganath Mansion, BANGALORE URBAN, BENGALURU, KARNATAKA, 560002",KARNATAKA,560002,,,LOW,0.1,No valid district in address or pincode lookup,True
46496f18-1bfb-4bc7-9758-d192818f99a3,1041,SIDDHI ASSAYING & HALLMARKING CENTRE,"No.34/1, First & Second Floor, C T Street CrossNear Ganesha Temple, B T Towers, Appaji Rao Lane, Bangalore - 560002, BANGALORE URBAN, BANGALORE CITY, KARNATAKA ,560002",KARNATAKA,560002,,,LOW,0.1,No valid district in address or pincode lookup,True
40c8a6dc-9273-4978-a431-f77e2d575acd,1053,NAVKAR HALLMARKING,"No44,Fourth Floor, Appaji Rao Lane,Appaji Rao Lane, C T Street cross, Bangalore, BANGALORE URBAN, BANGALORE CITY, KARNATAKA ,560002",KARNATAKA,560002,,,LOW,0.1,No valid district in address or pincode lookup,True
cb77b5da-0366-453f-87f7-823f5f86447a,1061,Mehta Labs,"2nd Floor, No.969, Sherkhan LaneDharmarayaswamy Temple Street, Nagrathpet, BANGALORE URBAN, CHICKPET, KARNATAKA ,560002",KARNATAKA,560002,,,LOW,0.1,No valid district in address or pincode lookup,True
fd62cb5b-3930-4902-b053-e672100a7ea1,1070,UNIQUE ASSAYING AND HALLMARKING,"2nd Floor, No. 31/1, 2nd FloorKempanna Lane, Nagarathpet Cross, Bengaluru, BANGALORE URBAN, BANGALORE CITY, KARNATAKA ,560002",KARNATAKA,560002,,,LOW,0.1,No valid district in address or pincode lookup,True
e3a749fe-d85e-49b6-a2d5-515f77338f76,1082,VIJAY HALLMARKING CENTRE,"NO.97, 5th, FLOOR, SAANKHLA TOWERSCHOWDESHWARI TEMPLE STREET, BANGALORE URBAN, BANGALORE CITY, KARNATAKA ,560002",KARNATAKA,560002,,,LOW,0.1,No valid district in address or pincode lookup,True
ba539f74-a7f8-41c8-9872-c1f7b2f777cc,1090,Laxmi Assaying And Hallmarking Centre,"No. 107, MJR House, C.T Street, BANGALORE URBAN, BANGALORE CITY, KARNATAKA ,560002",KARNATAKA,560002,,,LOW,0.1,No valid district in address or pincode lookup,True
c50934b8-6ad8-4397-8ca0-28e58820376d,873,MARVEL LAB,"NO 19, 5TH CROSS, 5TH BLOCK KORAMANGALA BENGALURU, BANGALORE URBAN, KORAMANGALA, KARNATAKA ,560095",KARNATAKA,560095,,,LOW,0.1,No valid district in address or pincode lookup,True
818616f9-cf15-49f0-b8a7-06c64f0ee1ca,1029,AORIC HALLMARKING,"#19,3RD FLOOR , 5TH MAIN5TH BLOCK, KORAMANGALA, BANGALORE URBAN, KORAMANGALA, KARNATAKA ,560095",KARNATAKA,560095,,,LOW,0.1,No valid district in address or pincode lookup,True
fab52711-0b7b-4b1f-86ca-7c1bbd305edd,880,Devi Gold & Silver Lab,"2 Floor, 2 Town Jain Complex. Vijayawada 520010-, KRISHNA, VIJAYAWADA, ANDHRA PRADESH ,560010",ANDHRA PRADESH,560010,2 TOWN JAIN COMPLEX VIJAYAWADA 520010,KRISHNA,HIGH,0.83,explicit DISTRICT/DISTT marker in address; city inferred from district-adjacent address token: 2 TOWN JAIN COMPLEX VIJAYAWADA 520010,False
77217402-730e-4cea-b10e-a8bc33dbea8e,884,QUALITY ASSAY & HALLMARKING CENTRE PRIVATE,"FIRST FLOOR, 254/A-1 PID No.11-161-254-A-1, 1st STAGE,PEENYA INDUSTRIAL AREA, RING ROAD, BANGALORE URBAN, PEENYA I STAGE, KARNATAKA ,560058",KARNATAKA,560058,,,LOW,0.1,No valid district in address or pincode lookup,True
6b8cb1cb-97c4-484c-8692-59dd240aae25,887,NEW ROHAN HALLMARKING CENTRE,"226,1ST AND 2ND FLOOR , DODDAPETKOLAR, KOLAR, KOLAR, KARNATAKA ,563101",KARNATAKA,563101,DODDAPET,KOLAR,HIGH,0.83,explicit DISTRICT/DISTT marker in address; city inferred from district-adjacent address token: DODDAPET,False
37fea7c0-45dc-42f7-9965-6e5c39967130,892,SHIVAM ASSAYING AND HALLMARKING CENTER,"No 7 1ST AND 2ND FLOOR NORTH PARK ROADB t STREET ANCHEPET, BANGALORE URBAN, BANGALORE CITY, KARNATAKA ,560053",KARNATAKA,560053,,,LOW,0.1,No valid district in address or pincode lookup,True
a471678c-2de6-4b98-bd8a-1d5f9f8c5958,999,Nikhil Hallmarking Centre,"21/1, First Floor3rd Cross, R.T Street, Bangalore - 560053, BANGALORE URBAN, , KARNATAKA ,560053",KARNATAKA,560053,,,LOW,0.1,No valid district in address or pincode lookup,True
50bfa4ae-5e73-4cb9-a7af-60cd2f806df0,1073,S V Shree Nimishamba Hallmarking Centre,"Ground Floor, No. 2,3rd Cross, Basavana Temple StreetAvenue Road Cross, Anchepete, BANGALORE URBAN, CHICKPET, KARNATAKA ,560053",KARNATAKA,560053,,,LOW,0.1,No valid district in address or pincode lookup,True
b281fd5c-d825-4690-8db3-20c3abea5d92,895,V P Assaying and Hallmarking Centre,"Ward No13/11, Assessment No 23-132-117, Market Ro, SHIMOGA, SAGAR, KARNATAKA ,577401",KARNATAKA,577401,,,LOW,0.1,No valid district in address or pincode lookup,True
b356c810-122b-4c56-9e80-830aed652017,898,VIJAY SAGAR ASSAYING AND HALLMARK CENTRE,"Ward No 14,Sathyanarayana Temple Road,SagarShivamoga(Shimoga)Karnataka 577401, SHIMOGA, SAGAR, KARNATAKA ,577401",KARNATAKA,577401,,,LOW,0.1,No valid district in address or pincode lookup,True
b263e773-e5db-4a81-bc4b-450a22e752fb,896,ACCURATE ASSAYING AND HALLMARKING CENTRE,"II Floor, D.NoV-593/3C, Shriram Complex, Opp. CSI, Opp. CSI School, PWD Old Coast Road East Block, UDUPI, KUNDAPURA, KARNATAKA ,576201",KARNATAKA,576201,KUNDAPURA,UDUPI,HIGH,0.83,explicit DISTRICT/DISTT marker in address; city inferred from district-adjacent address token: KUNDAPURA,False
f2ed30a4-5678-4117-a55d-d8e056864b59,897,SHRI KRISHNA ASSAYING AND HALLMARKING,"10-1-41, MAZANINE FLOOR, CHITTARANJAN CIRCLE MARUTHI VEETHIKA, TENKA PETE WARD-208, UDUPI, UDUPI, UDUPI, KARNATAKA ,576101",KARNATAKA,576101,TEN,UDUPI,HIGH,0.83,explicit DISTRICT/DISTT marker in address; city inferred from district-adjacent address token: TEN,False
ac9dc9b4-603f-442c-be8f-7b09701ae22b,1093,S S HALLMARKING AND ASSAYING CENTRE,"1st Floor,10-1-35E3, & 10-1-35E3B,Shiva Kripa Building, M V Road,, UDUPI, UDUPI, KARNATAKA ,576101",KARNATAKA,576101,SHIVA KRIPA BUILDING,UDUPI,HIGH,0.83,explicit DISTRICT/DISTT marker in address; city inferred from district-adjacent address token: SHIVA KRIPA BUILDING,False
9b088e2d-1665-40f0-8a48-ba9c9da00589,899,Mysore Assayers And Hallmarking Centre,"899B Ashoka Road 5th West Cross Lashkar Mohall, MYSORE, MYSORE, KARNATAKA ,570001",KARNATAKA,570001,,,LOW,0.1,No valid district in address or pincode lookup,True
d5ce0b63-c431-45e3-a150-865e3b36e378,900,H S Hallmarking Centre,"97/98/A, First Floor, Ashoka RoadLashkar Mohalla Mysuru(Mysore), MYSORE, MYSORE, KARNATAKA ,570001",KARNATAKA,570001,,,LOW,0.1,No valid district in address or pincode lookup,True
bbc2dd27-7c83-4733-b410-09b9096bcdb6,909,R K Assaying and Hallmarking Center,"No1333/1,L4/l,KR Hospital Road, Anjaneya Temple StMysuru Karnataka: -570001, MYSORE, UDAYAGIRI (MYSORE), KARNATAKA ,570001",KARNATAKA,570001,,,LOW,0.1,No valid district in address or pincode lookup,True
7866b341-bf76-4546-8bd1-db01f4eb5b36,939,Vijay Assaying & Hallmarking Centre,"#567, New L-44/2, 1st Floor,6th Cross, Ashoka Road,, MYSORE, MYSORE, KARNATAKA ,570001",KARNATAKA,570001,,,LOW,0.1,No valid district in address or pincode lookup,True
495ff4e9-f5b5-468d-921d-1fb9edc8b9a0,944,RAJESHWAREE HALLMARKING CENTRE,"#1048,L85/1 KRHOSPITAL ROAD,MYSORE 570001, MYSORE, MYSORE, KARNATAKA ,570001",KARNATAKA,570001,,,LOW,0.1,No valid district in address or pincode lookup,True
0ba43fcd-a658-4038-b324-61b1c180b74c,961,SHREE KRISHNA ASSAYING AND HALLMARKING CENTRE,"No.1331, Raghuveer Complex, Garadikeri,Anjaneya Swamy Temple Road,, MYSORE, MYSORE, KARNATAKA ,570001",KARNATAKA,570001,,,LOW,0.1,No valid district in address or pincode lookup,True
c8663376-f324-4f63-8051-b3f360ba5100,901,Balaji Hallmarking Centre,"Unit no 4,3rd floor,GL One Mall, Main Road PutturDoor no 17-1-4-12B/1/(A-3-1), Unit No 4,3rd floor,, DAKSHINA KANNADA, PUTTUR(D.K.), KARNATAKA ,574201",KARNATAKA,574201,PUTTUR D,DAKSHINA KANNADA,HIGH,0.83,explicit DISTRICT/DISTT marker in address; city inferred from district-adjacent address token: PUTTUR D,False
1b3db4a8-92eb-4746-b1e8-92fcadc99457,902,BOMBAY ASSAY COMPANY,"1st floor, Abharan Foundation, 2-45DShivalli Village, Perampalli Ward, Udupi Taluk, UDUPI, MANIPAL, KARNATAKA ,576104",KARNATAKA,576104,TALUK,UDUPI,HIGH,0.83,explicit DISTRICT/DISTT marker in address; city inferred from district-adjacent address token: TALUK,False
3fc2d0e3-3197-4eb1-85b5-7750559620ae,903,Sree Sai Gold Testing,"228/1, Okkaligara Pete, Near Chawdeshwari TempleDavangere, Karnataka, DAVANAGERE, DAVANGERE, KARNATAKA ,577001",KARNATAKA,577001,DAVANAGERE,DAVANGERE,HIGH,0.83,explicit DISTRICT/DISTT marker in address; city inferred from district-adjacent address token: DAVANAGERE,False
6227db56-92bb-4268-8d31-c9ea0d237825,960,MANGALAM HALLMARK CENTRE,"#592 3rd Floor Vinayaka Tower, Vijayalkshmi Road,Davanagere, DAVANAGERE, DAVANAGERE CITY, KARNATAKA ,577001",KARNATAKA,577001,,,LOW,0.1,No valid district in address or pincode lookup,True
f7f26067-9579-4a0b-bffc-5f1f1d611533,904,SHREE VINAYAKA HALLMARKING CENTRE,"2nd Floor,Flat No.: 01, SLB Complex,Tumakuru,, TUMKUR, TUMKUR CITY, KARNATAKA ,572101",KARNATAKA,572101,SLB COMPLEX,TUMAKURU,HIGH,0.83,explicit DISTRICT/DISTT marker in address; city inferred from district-adjacent address token: SLB COMPLEX,False
88425874-bb95-4aee-988f-f12de56e0cea,905,Standard Assaying and Hallmarking Centre,"Basement Floor, D No 5-106 1, Market SquareNagarakatte Road, Marpady Village, DAKSHINA KANNADA, MOODBIDRI, KARNATAKA ,574227",KARNATAKA,574227,MARPADY VILLAGE,DAKSHINA KANNADA,HIGH,0.83,explicit DISTRICT/DISTT marker in address; city inferred from district-adjacent address token: MARPADY VILLAGE,False
17356a28-c544-45f3-b302-737c323a38ce,906,SAARATHYA ASSAY AND HALLMARKING CENTRE,"First Floor, D.No. 13-8-1073/7- 8, Shop No 7-8,, DAKSHINA KANNADA, MANGALORE, KARNATAKA ,575001",KARNATAKA,575001,MANGALORE,DAKSHINA KANNADA,HIGH,0.83,explicit DISTRICT/DISTT marker in address; city inferred from district-adjacent address token: MANGALORE,False
c8884cac-da51-4d55-b4e8-20689e4eab3c,1017,S ASSAYING AND HALLMARKING CENTRE,": 2nd FLOOR, SRI MAHALAXMI COMMERCIAL COMPLEXOPP.ROOPAVANI THEATRE, BHAVANTHI STREET, MANGALORE, DAKSHINA KANNADA, MANGALORE, KARNATAKA ,575001",KARNATAKA,575001,MANGALORE,DAKSHINA KANNADA,HIGH,0.83,explicit DISTRICT/DISTT marker in address; city inferred from district-adjacent address token: MANGALORE,False
4970a028-2724-462b-9965-4c3bc10c5769,907,Sri Hari Assaying and Hallmarking Center,"Ground & First Floor, Khatha No 1107/980Eshwara Temple Road, HASSAN, HASSAN, KARNATAKA ,573201",KARNATAKA,573201,GROUND & FIRST FLOOR,HASSAN,HIGH,0.83,explicit DISTRICT/DISTT marker in address; city inferred from district-adjacent address token: GROUND & FIRST FLOOR,False
16e54496-6cd7-4b76-80bc-4b22c9951cbf,953,Adhitya Anish Assaying And Hallmarking Centre,"Heera Diamond Building,Kalikamba Street,, HASSAN, HASSAN, KARNATAKA ,573201",KARNATAKA,573201,HEERA DIAMOND BUILDING,HASSAN,HIGH,0.83,explicit DISTRICT/DISTT marker in address; city inferred from district-adjacent address token: HEERA DIAMOND BUILDING,False
5025dcf2-cd78-4a42-beb5-f0d378a34a3f,1106,Sri Krishna Assayers & Hallmarking Centre,"Shobha Mansion, Gandhi Bazaar RoadHassan-573201, Karnataka, HASSAN, HASSAN, KARNATAKA ,573201",KARNATAKA,573201,SHOBHA MANSION,HASSAN,HIGH,0.83,explicit DISTRICT/DISTT marker in address; city inferred from district-adjacent address token: SHOBHA MANSION,False
92571a1e-56f3-4da9-b343-fb76ad9b2777,908,BHARATH HALLMARKING CENTRE,"LAKSHMISHREYA, 2ND CROSS,UPPAR STREET, GANDHI BAZAR, SHIVAMOGGA, SHIMOGA, SHIMOGA, KARNATAKA ,577201",KARNATAKA,577201,SHIMOGA,SHIVAMOGGA,HIGH,0.83,explicit DISTRICT/DISTT marker in address; city inferred from district-adjacent address token: SHIMOGA,False
42dce0b2-ea1a-4d0d-bbc8-3a185968a1ad,1007,G P ASSAYING HALLMARKING CENTRE,"GROUNG FLOOR, NO4,MATHRU SHREE, JANAKAMMA DAMODARELEREVANNA KERI, 4TH CROSS, GANDHI BAZAAR, SHIMOGA, SHIMOGA, SHIMOGA MARKET, KARNATAKA ,577201",KARNATAKA,577201,,,LOW,0.1,No valid district in address or pincode lookup,True
254b8c29-e90b-44b5-a680-7d068dfbb325,910,SHREE MAHALAXMI ASSAYING & HALLMARK CENTER,"11-13-22/1, 553 3RD MAIN ROAD BRESTWARPET, RAICHUR, RAICHUR, RAICHUR, KARNATAKA ,584101",KARNATAKA,584101,11 13 22,RAICHUR,HIGH,0.83,explicit DISTRICT/DISTT marker in address; city inferred from district-adjacent address token: 11 13 22,False
5e6c1b77-ed07-49d0-a02e-ada7b71c6719,911,RAJVEER HALLMARKING CENTER,"BUILDING No.5183/1 ZONE-2 BLOCK No. 1, Gandhi Chowk, DHARWAD, DHARWAD, KARNATAKA ,580001",KARNATAKA,580001,,DHARWAD,MEDIUM,0.55,explicit DISTRICT/DISTT marker in address,True
2273ac7e-9119-4ecb-bc59-0ef20db6007c,912,Kranti Hallmarking Centre,"1-2-4/10, mahaveer roadSindhanur, old bazar, sindhnur, Raichur, Karnataka, RAICHUR, SINDHANUR, KARNATAKA ,584128",KARNATAKA,584128,SINDHNUR,RAICHUR,HIGH,0.83,explicit DISTRICT/DISTT marker in address; city inferred from district-adjacent address token: SINDHNUR,False
88b69d22-efb0-4726-a63a-a6b1e5a98af6,913,SHREE MAHALAKSHMI HALLMARKING CENTRE,"NEAR VEERBHADRA TEMPLE,DOOR NO 24, WARD NO XI,FLOWER STREET ,BALLARI,KARNATAKA-583101, BELLARY, BELLARY, KARNATAKA ,583101",KARNATAKA,583101,BELLARY,BALLARI,HIGH,0.83,explicit DISTRICT/DISTT marker in address; city inferred from district-adjacent address token: BELLARY,False
9b092953-1205-4456-a1f6-102cdae04ab6,914,S S HOLLMARKING CENTRE,"1ST FLOOR, SURVEY NO. 1696, SHOP NO.05, SANGAM BUILDING,AZAD ROAD, CHOTA ASAR, VIJAPURA, KARNATAKA, 586101., VIJAYAPURA, VIJAYAPURA, KARNATAKA ,586101",KARNATAKA,586101,VIJAPURA,VIJAYAPURA,HIGH,0.83,explicit DISTRICT/DISTT marker in address; city inferred from district-adjacent address token: VIJAPURA,False
077711b7-4319-464d-a6c5-a98e42b943cc,915,Nidhi Assaying & Hallmarking Centre,"Under Ground floor,No.34,Daneshwari Plaza, Opp 21sCross,Near Engineering College Circle,Vidyagiri, BAGALKOT, BAGALKOT, KARNATAKA ,587102",KARNATAKA,587102,VIDYAGIRI,BAGALKOT,HIGH,0.83,explicit DISTRICT/DISTT marker in address; city inferred from district-adjacent address token: VIDYAGIRI,False
eac62e23-388e-4db7-996e-4cf5ba4e0616,916,SHREE DURGA GOLD & ASSAYING HALLMARKING CENTER,"CITY SERVY NO 37572,WARD NO-64SHREE MAHALASA COMPLEX,CBT ROAD,HUBLI, DHARWAD, HUBLI CITY, KARNATAKA ,580020",KARNATAKA,580020,HUBLI,DHARWAD,HIGH,0.83,explicit DISTRICT/DISTT marker in address; city inferred from district-adjacent address token: HUBLI,False
f0ac5765-fc7c-4479-af3b-8102a102aadb,917,MAAULI ASSAYING AND HALLMARKING CENTER,"SECOND FLOOR, CTS NO 3748B AND 3748/A2 SHOP NO 1AND2 LAXMI GOLD TOWER GAVALI GALI NEAR CBT HUBBLI, DHARWAD, HUBLI, KARNATAKA ,580020",KARNATAKA,580020,HUBLI,DHARWAD,HIGH,0.83,explicit DISTRICT/DISTT marker in address; city inferred from district-adjacent address token: HUBLI,False
c83edf4a-71c9-496e-a0cf-20335fae56d0,920,SHREE DHANLAXMI HALL MARKING CENTRE,"Sahil Selection, 2ND FLOOR, CTS NO.3759/1 AND3759/2, ZAVERI BAZAR,CBT, Gavali Gali, Durgad Bail, DHARWAD, HUBLI, KARNATAKA ,580020",KARNATAKA,580020,DURGAD BAIL,DHARWAD,HIGH,0.83,explicit DISTRICT/DISTT marker in address; city inferred from district-adjacent address token: DURGAD BAIL,False
d0dcddac-5625-4b38-9116-e1d0a4f44f9b,977,CHIRAG TESTING LAB,"C.T.S.No.3989, Ward 52,Gavali Galli, C.B.T. HUBBALLI, DHARWAD, HUBLI, KARNATAKA ,580020",KARNATAKA,580020,C B T HUBBALLI,DHARWAD,HIGH,0.83,explicit DISTRICT/DISTT marker in address; city inferred from district-adjacent address token: C B T HUBBALLI,False
9da93069-3fcf-481b-8fe3-2e337fa94484,918,NEW SHOBHA HALLMARKING CENTRE & GOLD TESTING,"BEHIND JAIN MANDIR 1ST FLOOR H.NO 4-3 ANNARAOGANAMUKHI MARG SARAF BAZAR GAZIPUR KALABURGI, GULBARGA, GULBARGA, KARNATAKA ,585101",KARNATAKA,585101,,,LOW,0.1,No valid district in address or pincode lookup,True
0efb30dc-9be0-4534-8c52-31fe64c4a07c,921,GULBARGA HALLMARKING CENTRE,"4-113,Shop no.1,Nasi Complex,Maktampur,Near Shankarling Temple,Kalaburgi,Karnataka-585101, GULBARGA, GULBARGA, KARNATAKA ,585101",KARNATAKA,585101,,,LOW,0.1,No valid district in address or pincode lookup,True
71095502-25dd-4d37-989c-177d745f8dea,1060,SHREE BALAJI ASSAY AND HALLMARK CENTER,"SHOP No 4-1085 SARAF BAZAR MAKATAMPUR, GULBARGA, GULBARGA, KARNATAKA ,585101",KARNATAKA,585101,,,LOW,0.1,No valid district in address or pincode lookup,True
a9029382-4421-4033-ad4b-71fb8421b743,919,NSG HALLMARKING AND ASSAYING CENTRE,"1st Floor, MPL.No. 13-4 322/AQuba Masjid Complex, Beside Karnataka Function,Chirag Ali Colony, Manvi Raichur, RAICHUR, MANVI, KARNATAKA ,584123",KARNATAKA,584123,MANVI,RAICHUR,HIGH,0.83,explicit DISTRICT/DISTT marker in address; city inferred from district-adjacent address token: MANVI,False
8bf3f55c-9906-4f6b-90e7-5bb0ad97330e,922,SHREE DATTA ASSAYING AND HALLMARKING CENTRE,"1st Floor, CTS No137, Khade Bazar, ShahpurBelgavi(Belgaum), Karnataka-590003, BELGAUM, BELGAUM, KARNATAKA ,590003",KARNATAKA,590003,,,LOW,0.1,No valid district in address or pincode lookup,True
f09fa1e0-1a18-4e07-a0f9-a3b6f4651e4a,923,OM SAI HALLMARKING AND ASSAY CENTRE,"H NO. 282 KHADE BAZAR, SHAHAPURBELAGAVI, KARNATAKA, BELGAUM, BELGAUM, KARNATAKA ,590003",KARNATAKA,590003,,,LOW,0.1,No valid district in address or pincode lookup,True
bc45dc0e-7537-4b0d-8e9e-7a22b9060b19,925,GOLDMASTER HALLMARKING AND ASSAYING CENTER,"CTS NO 257, DANE GALI, SHAHAPUR,, BELGAUM, BELGAUM, KARNATAKA ,590003",KARNATAKA,590003,,,LOW,0.1,No valid district in address or pincode lookup,True
b06a7e0e-0454-4661-9b31-4cf2d47b940b,924,OM SAI HALLMARKING AND ASSAY CENTRE,"SHOP NO. 2681, RAVIVARPETHGOKAK,KARNATAKA, BELGAUM, GOKAK, KARNATAKA ,591307",KARNATAKA,591307,,,LOW,0.1,No valid district in address or pincode lookup,True
52004343-844b-4c6f-b8be-3ecca42c3935,926,NEW SOUTH INDIAN HALLMARKING AND ASSAYING CENTRE,"2888,1ST FLOOR,POTDAR CHAMBER,KHADE BAZARBELGAUM,KARNATAKA, BELGAUM, BELGAUM, KARNATAKA ,590001",KARNATAKA,590001,,,LOW,0.1,No valid district in address or pincode lookup,True
db9ff7a1-4f97-4d0b-ba85-e49bcc58242f,927,CGR Hallmarkers Pvt Ltd,"Room No.2, Plot No.33,CGR Layout, Bodygear Road,Edayar Industrial Development Area,Muppathadam PO, Ernakulam,, ERNAKULAM, ERNAKULAM, KERALA ,683110",KERALA,683110,MUPPATHADAM PO,ERNAKULAM,HIGH,0.83,explicit DISTRICT/DISTT marker in address; city inferred from district-adjacent address token: MUPPATHADAM PO,False
991f4672-503b-4010-9eab-9fc1816bb95f,928,CGR Hallmarkers Pvt Ltd,"4th Floor, 40/1014, Pailypillai Towers,Above Kirthilal's Jewellery, Opp College Ground Bus Stop, MG. Road,, ERNAKULAM, ERNAKULAM, KERALA ,682011 OSC Address: CGR Chambers, 62/1906 A,Sadanam Road Extn., Ernakulam South, ERNAKULAM, ERNAKULAM, KERALA, 682016",KERALA,682016,SOUTH,ERNAKULAM,HIGH,0.83,explicit DISTRICT/DISTT marker in address; city inferred from district-adjacent address token: SOUTH,False
557acaf1-e945-4674-aa66-fd42e9f6bd76,929,GREEN GEM TESTINGS INDIA PRIVATE LIMITED,"401,Telugu street, COIMBATORE, COIMBATORE, TAMIL NADU ,641001",TAMIL NADU,641001,,COIMBATORE,MEDIUM,0.55,explicit DISTRICT/DISTT marker in address,True
050b712b-1299-4235-8de2-0e181a6ab228,970,Perfect Assayer And Hallmarking Centre,"422, Thomas Street, 1st Floor, COIMBATORE, COIMBATORE, TAMIL NADU ,641001",TAMIL NADU,641001,1ST FLOOR,COIMBATORE,HIGH,0.83,explicit DISTRICT/DISTT marker in address; city inferred from district-adjacent address token: 1ST FLOOR,False
d53d412c-3cb6-4139-b29f-617fb3a06cf7,972,KTC Hallmarkings,"227/3-4, First Floor,AVR Building, Telugu Street,, COIMBATORE, COIMBATORE, TAMIL NADU ,641001",TAMIL NADU,641001,AVR BUILDING,COIMBATORE,HIGH,0.83,explicit DISTRICT/DISTT marker in address; city inferred from district-adjacent address token: AVR BUILDING,False
4d631ac7-a9a0-4961-8fcf-34943b71d245,974,Classic Assaying & Hallmarking Centre,"325, Karuppu Gounder Street,, COIMBATORE, COIMBATORE, TAMIL NADU ,641001",TAMIL NADU,641001,,COIMBATORE,MEDIUM,0.55,explicit DISTRICT/DISTT marker in address,True
56a9d676-b5ac-46bc-bb7c-20e1d081ed18,990,ESHWARI HALLMARKING CENTRE,"165, Ajantha Towers, Second Floor,Karuppa Gounder Street,, COIMBATORE, COIMBATORE, TAMIL NADU ,641001",TAMIL NADU,641001,SECOND FLOOR,COIMBATORE,HIGH,0.83,explicit DISTRICT/DISTT marker in address; city inferred from district-adjacent address token: SECOND FLOOR,False
f81961c3-af0b-4e22-bfb4-5117ef935a51,991,KRISHNA HALLMARKING CENTRE PRIVATE LIMITED,"569, Raja Street,Behind Indian Bank,, COIMBATORE, COIMBATORE, TAMIL NADU ,641001",TAMIL NADU,641001,INDIAN BANK,COIMBATORE,HIGH,0.83,explicit DISTRICT/DISTT marker in address; city inferred from district-adjacent address token: INDIAN BANK,False
52987795-c4db-4acf-a5d3-d33cc9a04a52,1014,BALAJI HALLMARKING CENTRE,"NO-35 RAJALAKSHMI COMPLEX,1ST FLOOR, PAVILLAM STNO-35 RAJALAKSHMI COMPLEX,1ST F, COIMBATORE, COIMBATORE BAZAAR, TAMIL NADU ,641001",TAMIL NADU,641001,1ST F,COIMBATORE,HIGH,0.83,explicit DISTRICT/DISTT marker in address; city inferred from district-adjacent address token: 1ST F,False
03e3c636-7ad2-4926-ad93-421c8dd2dd1b,1034,SUKRAA HALLMARKING CENTRE,"70-A, Hanumantharayan Koil Street, COIMBATORE, COIMBATORE, TAMIL NADU ,641001",TAMIL NADU,641001,70 A,COIMBATORE,HIGH,0.83,explicit DISTRICT/DISTT marker in address; city inferred from district-adjacent address token: 70 A,False
9e5ea52a-7408-4119-ba24-289290c790a4,1057,Vigna Assaying And Hallmarking Centre,"604,First And Second FloorRaja Street, COIMBATORE, COIMBATORE, TAMIL NADU ,641001",TAMIL NADU,641001,,COIMBATORE,MEDIUM,0.55,explicit DISTRICT/DISTT marker in address,True
33d79bfb-35a5-47cd-a6b1-045bf82ddaef,1067,QUALITY ASSAY & HALLMARKING CENTRE PRIVATE LIMITED,"No.60, 2nd Floor, Kannika Complex, Pavala StreetRaja Street Corner,Coimbatore, COIMBATORE, COIMBATORE, TAMIL NADU ,641001",TAMIL NADU,641001,KANNIKA COMPLEX,COIMBATORE,HIGH,0.83,explicit DISTRICT/DISTT marker in address; city inferred from district-adjacent address token: KANNIKA COMPLEX,False
8b66da6e-1776-4cd6-839e-3bdbb7379e6f,1091,Super Hallmarking Centre,"Door No-208, New No-292C, Telugu Street, COIMBATORE, COIMBATORE, TAMIL NADU ,641001",TAMIL NADU,641001,,COIMBATORE,MEDIUM,0.55,explicit DISTRICT/DISTT marker in address,True
e5fa7593-912f-4993-9c72-46d3d62ec6e2,1195,ROYAL ASSAY AND HALLMARKING CENTRE PVT LTD,"1ST FLOOR, 270-271, RAJA STREET, COIMBATORE, COIMBATORE, TAMIL NADU ,641001",TAMIL NADU,641001,270 271,COIMBATORE,HIGH,0.83,explicit DISTRICT/DISTT marker in address; city inferred from district-adjacent address token: 270 271,False
c2ad48dd-8eba-4b4e-81a5-19910569dae6,1196,AKSHAYA ASSAY & HALLMARK CENTRE,"Old No-364-372, New No- 315, Raja StreetOpposite Sangara Madam, COIMBATORE, COIMBATORE, TAMIL NADU ,641001",TAMIL NADU,641001,RAJA STREETOPPOSITE SANGARA MADAM,COIMBATORE,HIGH,0.83,explicit DISTRICT/DISTT marker in address; city inferred from district-adjacent address token: RAJA STREETOPPOSITE SANGARA MADAM,False
ba62b7f5-aac3-48f4-9cf2-14b07c1c4faf,1197,UNNAMULAI ASSAYING HALLMARKING CENTER,"NO.470-472/1-3, BIG BAZAAR STREETCOIMBATORE, COIMBATORE, COIMBATORE, TAMIL NADU ,641001",TAMIL NADU,641001,1 3,COIMBATORE,HIGH,0.83,explicit DISTRICT/DISTT marker in address; city inferred from district-adjacent address token: 1 3,False
7e86fefa-4424-4946-9f75-ac9e33c70279,1198,G G HALLMARKING CENTRE,"GROUND FLOOR, 120/2,3,4, KARUPPIAH STREET, COIMBATORE, COIMBATORE, TAMIL NADU ,641001",TAMIL NADU,641001,GROUND FLOOR,COIMBATORE,HIGH,0.83,explicit DISTRICT/DISTT marker in address; city inferred from district-adjacent address token: GROUND FLOOR,False
5d034e98-8c58-4d04-8976-c15e64bd3b4a,1199,VISHWA HALLMARKING PRIVATE LIMITED,"587-591, BIG BAZAAR STREET, COIMBATORE, COIMBATORE CENTRAL, TAMIL NADU ,641001",TAMIL NADU,641001,CENTRAL,COIMBATORE,HIGH,0.83,explicit DISTRICT/DISTT marker in address; city inferred from district-adjacent address token: CENTRAL,False
0257f885-8faa-4f0a-901a-a04799506124,1201,SRI SAKTHI HALLMARKING CENTRE,"137, SULLIVAN STREET, COIMBATORE, COIMBATORE, TAMIL NADU ,641001",TAMIL NADU,641001,,COIMBATORE,MEDIUM,0.55,explicit DISTRICT/DISTT marker in address,True
33edff46-2f2f-4c77-a64d-8b72c47ceca6,1202,MAHASAKTHI HALLMARKING,"No.213, 1st FLOOR, THOMAS STREET, SUBBAYA STREETCLOIMBATORE, COIMBATORE, COIMBATORE, TAMIL NADU ,641001",TAMIL NADU,641001,SUBBAYA STREETCLOIMBATORE,COIMBATORE,HIGH,0.83,explicit DISTRICT/DISTT marker in address; city inferred from district-adjacent address token: SUBBAYA STREETCLOIMBATORE,False
0c0a10cc-f59e-4e67-894f-f6b3ed4e3269,1204,RIDDHI SIDDHI HALLMARKS,"323/A-6, Kumaran Complex, First FloorRaja Street, COIMBATORE, COIMBATORE, TAMIL NADU ,641001",TAMIL NADU,641001,KUMARAN COMPLEX,COIMBATORE,HIGH,0.83,explicit DISTRICT/DISTT marker in address; city inferred from district-adjacent address token: KUMARAN COMPLEX,False
97400370-8067-47ef-a903-bc4317590ae9,1205,MAHA HALLMARK CENTRE,"585, BIG BAZAAR STREETCOIMBATORE, COIMBATORE, COIMBATORE BAZAAR, TAMIL NADU ,641001",TAMIL NADU,641001,,COIMBATORE,MEDIUM,0.55,explicit DISTRICT/DISTT marker in address,True
c7d01d0e-e068-47cf-a959-ce79d8c7ac3c,1206,Karthik Hallmarks,"312 C, P K S BUILDING, EDAYAR STREET, COIMBATORE,, COIMBATORE, COIMBATORE CENTRAL, TAMIL NADU ,641001",TAMIL NADU,641001,CENTRAL,COIMBATORE,HIGH,0.83,explicit DISTRICT/DISTT marker in address; city inferred from district-adjacent address token: CENTRAL,False
c48c39a4-f24c-4477-bafb-d2f5361a3c31,1207,PRINCE HALLMARKING AND REFINERY PRIVATE LIMITED,"DOOR NO: 12-13, PAVALAM STREET 1, 1ST FLOORCOIMBATORE-641001, TAMIL NADU, COIMBATORE, COIMBATORE, TAMIL NADU ,641001",TAMIL NADU,641001,1ST FLOOR,COIMBATORE,HIGH,0.83,explicit DISTRICT/DISTT marker in address; city inferred from district-adjacent address token: 1ST FLOOR,False
99ea15b7-c57a-4723-9d3b-636d8982dd4e,1208,MARUTHI HALLMARK,"No.549/1, Thiyagaraja Towers,Thadagam Road, Near Gandhi Park, COIMBATORE, COIMBATORE, TAMIL NADU ,641001",TAMIL NADU,641001,GANDHI PARK,COIMBATORE,HIGH,0.83,explicit DISTRICT/DISTT marker in address; city inferred from district-adjacent address token: GANDHI PARK,False
67e77474-ab9f-469b-964c-7f21a96e2412,1209,Aurum Hallmark Centre,"273, First floor, Karuppa Gounder StreetAbove Vasantha Pharmacy, COIMBATORE, COIMBATORE BAZAAR, TAMIL NADU ,641001",TAMIL NADU,641001,KARUPPA GOUNDER STREETABOVE VASANTHA PHARMACY,COIMBATORE,HIGH,0.83,explicit DISTRICT/DISTT marker in address; city inferred from district-adjacent address token: KARUPPA GOUNDER STREETABOVE VASANTHA PHARMACY,False
393a9ad0-34d7-4c96-8267-dce7699687a3,1210,MANASVI HALLMARKING CENTER,"NO.140E, KARUPPANNA STREET, COIMBATORE, COIMBATORE, TAMIL NADU ,641001",TAMIL NADU,641001,,COIMBATORE,MEDIUM,0.55,explicit DISTRICT/DISTT marker in address,True
1312fcc1-b56c-404a-816e-9c5e06598592,1211,UNIQUE HALLMARKING,"First Floor No-20Pattakkaran Ayyasamy Koil Street, COIMBATORE, COIMBATORE, TAMIL NADU ,641001",TAMIL NADU,641001,,COIMBATORE,MEDIUM,0.55,explicit DISTRICT/DISTT marker in address,True
c6442073-b618-4605-b0a4-c4718b169fa8,1212,SRI KRIYA HALLMARK AND LAB,"521,VAISHAL STREETCOIMBATORE, COIMBATORE, COIMBATORE, TAMIL NADU ,641001",TAMIL NADU,641001,,COIMBATORE,MEDIUM,0.55,explicit DISTRICT/DISTT marker in address,True
0c4bde41-f568-4217-b654-a7fce15cca3a,1213,VIJAY HALLMARKING CENTRE,"369 Big Bazar street, CoimbatoreCoimbatore South, COIMBATORE, COIMBATORE UKKADAM, TAMIL NADU ,641001",TAMIL NADU,641001,COIMBATORE SOUTH,COIMBATORE,HIGH,0.83,explicit DISTRICT/DISTT marker in address; city inferred from district-adjacent address token: COIMBATORE SOUTH,False
c061c3ae-1e0a-42b1-a997-0400de6ca298,1214,AYYAN HALLMARK CENTRE,"FIRST FLOOR, 271, M R BROTHERS BUILDINGNEAR RAJA STREET,KARUPPAGOUNDAR STREET, COIMBATORE, COIMBATORE, TAMIL NADU ,641001",TAMIL NADU,641001,FIRST FLOOR,COIMBATORE,HIGH,0.83,explicit DISTRICT/DISTT marker in address; city inferred from district-adjacent address token: FIRST FLOOR,False
f8f2535b-a9d8-4e7e-894e-c24d36bc2f61,1215,S K HALLMARK,"NO.295-D, KOTA TOWERSRAJA STREET, COIMBATORE, COIMBATORE, TAMIL NADU ,641001",TAMIL NADU,641001,,COIMBATORE,MEDIUM,0.55,explicit DISTRICT/DISTT marker in address,True
e81b746a-b7a5-4aea-81d8-6c63e8130104,1216,MAHI HALLMARK,"2nd Floor, Door No:648, Shop No.10,Harimekala Complex, Raja Street, COIMBATORE, COIMBATORE, TAMIL NADU ,641001",TAMIL NADU,641001,HARIMEKALA COMPLEX,COIMBATORE,HIGH,0.83,explicit DISTRICT/DISTT marker in address; city inferred from district-adjacent address token: HARIMEKALA COMPLEX,False
27fc9598-b52a-4ca1-baa9-95468c56deda,1217,AVR ASSAYING AND HALLMARKING CENTRE,"FIRST FLOOR,679, RAJA STREET, COIMBATORE, COIMBATORE, COIMBATORE BAZAAR, TAMIL NADU ,641001",TAMIL NADU,641001,FIRST FLOOR,COIMBATORE,HIGH,0.83,explicit DISTRICT/DISTT marker in address; city inferred from district-adjacent address token: FIRST FLOOR,False
7faced99-b486-4090-9bcf-13aad5da01df,1218,LAKSHANA SHRI HALLMARKING CENTRE,"1 FLOOR, 302-A, RAJA STREETCOIMBATORE, COIMBATORE, COIMBATORE, TAMIL NADU ,641001",TAMIL NADU,641001,302 A,COIMBATORE,HIGH,0.83,explicit DISTRICT/DISTT marker in address; city inferred from district-adjacent address token: 302 A,False
c2121824-6a15-49fb-ab80-e6983617eb87,1220,SRI HARI HALLMARKS,"NO 313 FIRST FLOORKARUPPIAH STREET, COIMBATORE, COIMBATORE, TAMIL NADU ,641001",TAMIL NADU,641001,,COIMBATORE,MEDIUM,0.55,explicit DISTRICT/DISTT marker in address,True
48aa0f3a-fbae-4ba5-986b-aee1ca5fe052,930,CALICUT ASSAY AND HALLMARKING CENTRE PRIVATE LIMITED,"13/94 E, JAI GURUDEV TRUST,KAMATH LANE, PALAYAM ROAD, KOZHIKODE, CALICUT, KERALA ,673001",KERALA,673001,CALICUT,KOZHIKODE,HIGH,0.83,explicit DISTRICT/DISTT marker in address; city inferred from district-adjacent address token: CALICUT,False
5aa093be-76bc-481b-b010-79c5dda56ca6,931,QUALITY ASSAY & HALLMARKING CENTRE PRIVATE LIMITED,"17/1491-D3, D4, D5, D6, 3rd Floor,Malabar Gate, Ram Mohan Road,, KOZHIKODE, CALICUT, KERALA ,673004",KERALA,673004,CALICUT,KOZHIKODE,HIGH,0.83,explicit DISTRICT/DISTT marker in address; city inferred from district-adjacent address token: CALICUT,False
b70407f6-d594-4269-b402-713dea6ea7cf,1050,PRIME ASSAY AND HALLMARKS LLP,"B-6, Seal Shell Arcade, Rama Mohan Road, KOZHIKODE, CALICUT, KERALA ,673004",KERALA,673004,CALICUT,KOZHIKODE,HIGH,0.83,explicit DISTRICT/DISTT marker in address; city inferred from district-adjacent address token: CALICUT,False
9dbb872b-021e-4cb3-82f3-f4ac7dda92bd,1223,Precise Assay and Hallmarking Centre,"2nd Floor, KMC 60/518-A6, A7, A8, A9Puthalath Complex,Ram Mohan Road,East Kottaparambu, KOZHIKODE, CALICUT, KERALA ,673004",KERALA,673004,EAST KOTTAPARAMBU,KOZHIKODE,HIGH,0.83,explicit DISTRICT/DISTT marker in address; city inferred from district-adjacent address token: EAST KOTTAPARAMBU,False
18e8bce6-4746-4fb9-a6f8-898bae51165e,1226,GLOBAL ASSAY AND HALLMARKING,"Second Floor, Door No 60/4008, A20, A21,Essay Tower, Jail Road, Puthiyara, KOZHIKODE, PUTHIYARA, KERALA ,673004",KERALA,673004,PUTHIYARA,KOZHIKODE,HIGH,0.83,explicit DISTRICT/DISTT marker in address; city inferred from district-adjacent address token: PUTHIYARA,False
c0d59088-65c3-47dc-bbd5-4cbd0fd4de51,932,Shantivijay Testing,"26/6, Mangesh Street,T. Nagar, Chennai, CHENNAI, THYGARAYANAGAR, TAMIL NADU ,600017",TAMIL NADU,600017,THYGARAYANAGAR,CHENNAI,HIGH,0.83,explicit DISTRICT/DISTT marker in address; city inferred from district-adjacent address token: THYGARAYANAGAR,False
8569c0db-41eb-4c0a-b088-3f91a22d452a,941,SUKRAA HALLMARKING CENTRE,"29, Flat No:10,11 3rd Floor, GC Tower,Duraisamy Road, T Nagar Chennai-600017, CHENNAI, THYGARAYANAGAR, TAMIL NADU ,600017",TAMIL NADU,600017,THYGARAYANAGAR,CHENNAI,HIGH,0.83,explicit DISTRICT/DISTT marker in address; city inferred from district-adjacent address token: THYGARAYANAGAR,False
8798e281-2b1b-48c4-a4d6-fca7c43fcac0,942,KESAR HALLMARKING CENTRE,"21, Ramasamy St2nd floor, Usman Road T. Nagar2nd Floor, Jewel Centre, CHENNAI, THYGARAYANAGAR, TAMIL NADU ,600017",TAMIL NADU,600017,JEWEL CENTRE,CHENNAI,HIGH,0.83,explicit DISTRICT/DISTT marker in address; city inferred from district-adjacent address token: JEWEL CENTRE,False
8788530b-51d2-4e66-a060-ef38abca41eb,946,Perfect Assayers & Hallmarking Centre,"23/17, Natha muni Street, North Usman Road,, CHENNAI, THYGARAYANAGAR NORTH ND, TAMIL NADU ,600017",TAMIL NADU,600017,THYGARAYANAGAR NORTH ND,CHENNAI,HIGH,0.83,explicit DISTRICT/DISTT marker in address; city inferred from district-adjacent address token: THYGARAYANAGAR NORTH ND,False
b8701fc7-a3b8-4224-b54e-3ad449f32b29,971,Star Assaying And Hallmarking Centre Pvt Ltd,"New No. 15, Old No.7, Sarojini StreetFirst Floor, T. Nagar, Chennai, CHENNAI, THYGARAYANAGAR, TAMIL NADU ,600017",TAMIL NADU,600017,THYGARAYANAGAR,CHENNAI,HIGH,0.83,explicit DISTRICT/DISTT marker in address; city inferred from district-adjacent address token: THYGARAYANAGAR,False
602175a0-1565-4d31-b6db-36411b1d746d,985,bharat assayers,"36/1 sarojini street usman road t nagar, CHENNAI, THYGARAYANAGAR, TAMIL NADU ,600017",TAMIL NADU,600017,THYGARAYANAGAR,CHENNAI,HIGH,0.83,explicit DISTRICT/DISTT marker in address; city inferred from district-adjacent address token: THYGARAYANAGAR,False
912fb905-baa7-43e5-94a3-fe51c844c030,992,BEST ASSAYING AND HALLMARKING CENTRE,"GROUND FLOOR, OLD NO. 15,SAROJINI STREET,T.NAGAR,CHENNAI-600017, CHENNAI, THYGARAYANAGAR, TAMIL NADU ,600017",TAMIL NADU,600017,THYGARAYANAGAR,CHENNAI,HIGH,0.83,explicit DISTRICT/DISTT marker in address; city inferred from district-adjacent address token: THYGARAYANAGAR,False
bf04e2db-5318-4c11-9108-61f6696c8fa8,1011,Sree Vishnu Assayers Pvt Ltd,"No.39/2, Second Floor, Ramaswamy StreetT.Nagar, Chennai, CHENNAI, THYGARAYANAGAR, TAMIL NADU ,600017",TAMIL NADU,600017,THYGARAYANAGAR,CHENNAI,HIGH,0.83,explicit DISTRICT/DISTT marker in address; city inferred from district-adjacent address token: THYGARAYANAGAR,False
fbcf3c84-005f-42ed-97bd-9054fbfa9283,1085,QUALITY ASSAY & HALLMARKS LLP,"No.1,FOURTH FLOOR, SIVA BUILDINGSri KRISHNA NAIR STREET,T NAGAR,CHENNAI-600017, CHENNAI, CHENNAI G.P.O., TAMIL NADU ,600017",TAMIL NADU,600017,G P O,CHENNAI,HIGH,0.83,explicit DISTRICT/DISTT marker in address; city inferred from district-adjacent address token: G P O,False
aeaaaf8a-6e00-42de-813b-93f96ac53108,1100,Sri Mithra Hallmarking Centre,"17, Dr. Nair Road, T.Nagar., CHENNAI, THYGARAYANAGAR, TAMIL NADU ,600017",TAMIL NADU,600017,THYGARAYANAGAR,CHENNAI,HIGH,0.83,explicit DISTRICT/DISTT marker in address; city inferred from district-adjacent address token: THYGARAYANAGAR,False
2d845cf4-424f-4cb8-b597-930dfcfe41dc,1103,KESAR ASSAYING & HALLMARKING CENTRE,"2nd Floor, 22/30, Kesar Villa, Ramsamy streetT.Nagar, Chennai 600017, CHENNAI, MAMBALAM, TAMIL NADU ,600017",TAMIL NADU,600017,MAMBALAM,CHENNAI,HIGH,0.83,explicit DISTRICT/DISTT marker in address; city inferred from district-adjacent address token: MAMBALAM,False
8fbfe929-5a58-45ca-b607-6dc046b2f825,1110,PRINCE HALLMARKING & REFINERY PRIVATE LIMITED,"Kences Tower, No. 3D, 3rd Floor,Ramakrishna Street, North Usman Road, T Nagar,, CHENNAI, THYGARAYANAGAR, TAMIL NADU ,600017",TAMIL NADU,600017,THYGARAYANAGAR,CHENNAI,HIGH,0.83,explicit DISTRICT/DISTT marker in address; city inferred from district-adjacent address token: THYGARAYANAGAR,False
755a3a8a-3a1f-4271-9c59-01da9bc1df20,1111,Shree Pavithra Assaying and Hallmarking Centre,"First Floor, old No 9, New No 15Venkatesan Street, T.Nagar, CHENNAI, THYGARAYANAGAR, TAMIL NADU ,600017",TAMIL NADU,600017,THYGARAYANAGAR,CHENNAI,HIGH,0.83,explicit DISTRICT/DISTT marker in address; city inferred from district-adjacent address token: THYGARAYANAGAR,False
a38f90f7-9040-4df3-9b5e-1a5a55110fa5,1117,Dhruv Hallmarking and Assaying centre,"A 10, Old No 15, New no 30/32,Duraisamy Road, T. Nagar, CHENNAI, THYGARAYANAGAR, TAMIL NADU ,600017",TAMIL NADU,600017,THYGARAYANAGAR,CHENNAI,HIGH,0.83,explicit DISTRICT/DISTT marker in address; city inferred from district-adjacent address token: THYGARAYANAGAR,False
1f62933e-563e-4ceb-8721-eba22a76fbf6,1119,NEW VINTEK HALLMARK TESTING CENTRE,"NEW NO.25, OLD NO.10,1ST FLOOR,Rameswaram Street, T Nagar, Chennai, CHENNAI, THYGARAYANAGAR, TAMIL NADU ,600017",TAMIL NADU,600017,THYGARAYANAGAR,CHENNAI,HIGH,0.83,explicit DISTRICT/DISTT marker in address; city inferred from district-adjacent address token: THYGARAYANAGAR,False
b1b2f68c-67eb-4414-a201-bd38aeae64ef,1122,SURABI ASSAYING AND HALLMARKING CENTRE,"THIRD FLOOR, NEW No:22,OLD No:19, MURUGESAN STREETT.NAGAR, CHENNAI, THYGARAYANAGAR, TAMIL NADU ,600017",TAMIL NADU,600017,THYGARAYANAGAR,CHENNAI,HIGH,0.83,explicit DISTRICT/DISTT marker in address; city inferred from district-adjacent address token: THYGARAYANAGAR,False
24aa3549-e3a4-4242-a9cb-c735919e637e,1123,AGNEYA HALLMARKING CENTRE,"1st and 2nd Floor, N0: 23/11, Thukkaram 2nd streetT.nagar, Chennai, CHENNAI, CHENNAI, TAMIL NADU ,600017",TAMIL NADU,600017,N0 23,CHENNAI,HIGH,0.83,explicit DISTRICT/DISTT marker in address; city inferred from district-adjacent address token: N0 23,False
0a700c67-2c18-416f-9e59-f087ee0d3da2,1127,AADINATH HALLMARK CENTRE,"1ST,12,RAMASAMY STREETCHENNAI, CHENNAI, THYGARAYANAGAR, TAMIL NADU ,600017",TAMIL NADU,600017,THYGARAYANAGAR,CHENNAI,HIGH,0.83,explicit DISTRICT/DISTT marker in address; city inferred from district-adjacent address token: THYGARAYANAGAR,False
5be13ee4-4594-4e73-a032-69209b1b4e4a,1130,SHREE DIVVYANA HALLMARKING CENTRE,"Ground Floor, New No. 8B Old No. 23B,Dhandapani Street, T Nagar,Chennai, CHENNAI, THYGARAYANAGAR, TAMIL NADU ,600017",TAMIL NADU,600017,THYGARAYANAGAR,CHENNAI,HIGH,0.83,explicit DISTRICT/DISTT marker in address; city inferred from district-adjacent address token: THYGARAYANAGAR,False
e0fbcf9f-fa04-4781-8313-7242a84022a3,1132,STAR GOLD HALLMARK,"FIRST FLOOR,22.DHANDAPANI STREETT.NAGAR, CHENNAI, THYGARAYANAGAR, TAMIL NADU ,600017",TAMIL NADU,600017,THYGARAYANAGAR,CHENNAI,HIGH,0.83,explicit DISTRICT/DISTT marker in address; city inferred from district-adjacent address token: THYGARAYANAGAR,False
4f2abdd8-80ff-4578-9927-dfc3319c6603,1133,YASHMIT ASSAYING & HALLMARKING CENTER,"G1 SPL, Shubhvihar Flat, 57/27 Bazullah Road,T.Nagar, CHENNAI, THYGARAYANAGAR, TAMIL NADU ,600017",TAMIL NADU,600017,THYGARAYANAGAR,CHENNAI,HIGH,0.83,explicit DISTRICT/DISTT marker in address; city inferred from district-adjacent address token: THYGARAYANAGAR,False
ecce9ee7-e08f-4780-9485-37494f8b374a,933,Right Assay and Hallmarking Centre,"1st Floor, 19/353-H, Mullambalam Shopping Complex,Siraj Bypass Road, Koduvally, KOZHIKODE, KOTUVALLI, KERALA ,673572",KERALA,673572,KODUVALLY,KOZHIKODE,HIGH,0.83,explicit DISTRICT/DISTT marker in address; city inferred from district-adjacent address token: KODUVALLY,False
7829cb22-c0b1-4568-81e9-a9fba9190336,1227,FOCUS ASSAY AND HALLMARKING CENTRE,"25/170,171,172,173,174, Mangalya Shopping Mall,Koduvally, KOZHIKODE, KOTUVALLI, KERALA ,673572",KERALA,673572,KODUVALLY,KOZHIKODE,HIGH,0.83,explicit DISTRICT/DISTT marker in address; city inferred from district-adjacent address token: KODUVALLY,False
207637d7-b3c1-4f2d-9ad7-d4bca8972502,934,QUALITY ASSAY & HALLMARKING CENTRE PRIVATE LIMITED,"ROOM NO. CW 35/ 3666& 3666A, 1st FLOOR,ZAHARA COMPLEX, BELLARD ROAD, KANNUR, KANNUR, KANNUR, KERALA ,670001",KERALA,670001,ZAHARA COMPLEX,KANNUR,HIGH,0.83,explicit DISTRICT/DISTT marker in address; city inferred from district-adjacent address token: ZAHARA COMPLEX,False
aa7025a4-a62b-4f39-85bb-720390094a56,958,TEEKEY ASSAY AND HALLMARKS,"CW 3581/A 146,147,148,156,157,158 ,GLOBAL VILLAGE,, KANNUR, KANNUR, KERALA ,670001",KERALA,670001,GLOBAL VILLAGE,KANNUR,HIGH,0.83,explicit DISTRICT/DISTT marker in address; city inferred from district-adjacent address token: GLOBAL VILLAGE,False
628bd928-8c89-424c-9b0c-5a6c78034074,975,PURE ASSAY & HALLMARKING CENTRE PVT LTD,"D No:TVW(279 &280),Billal TowerLabba Street,Fort Road, KANNUR, KANNUR, KERALA ,670001",KERALA,670001,D,KANNUR,HIGH,0.83,explicit DISTRICT/DISTT marker in address; city inferred from district-adjacent address token: D,False
1cfa884b-ca50-485e-b46c-39c620b9b5b5,1236,JEWEL ASSAY LLP,"No.L1(51/)2601,Ground Floor,Kalyani com plex, Bellard Road, KANNUR, KANNUR, KERALA ,670001",KERALA,670001,KALYANI COM PLEX,KANNUR,HIGH,0.83,explicit DISTRICT/DISTT marker in address; city inferred from district-adjacent address token: KALYANI COM PLEX,False
ea975d08-b0a7-40be-957e-894cca28a42e,936,LOTUS ASSAY PRIVATE LIMITED,"52/88,FIRST FLOORSWARNAMBIGAI STREET,SALEM, SALEM, SALEM, TAMIL NADU ,636001",TAMIL NADU,636001,,SALEM,MEDIUM,0.55,explicit DISTRICT/DISTT marker in address,True
0fc9af30-b14c-47f8-8949-10f3e71282e1,962,NEW INDIA HALLMARK,"Ram Sri Nivas, First Floor,26/41, Kamarajar Street,, SALEM, SALEM, TAMIL NADU ,636001",TAMIL NADU,636001,FIRST FLOOR,SALEM,HIGH,0.83,explicit DISTRICT/DISTT marker in address; city inferred from district-adjacent address token: FIRST FLOOR,False
2ba74467-97f7-48e7-b906-546f5e9b41db,965,Shree Venkateswara Assaying & Hallmarkings,"D.No.29, Azath Street,Near V.O.C Market Backside,, SALEM, SALEM, TAMIL NADU ,636001",TAMIL NADU,636001,,SALEM,MEDIUM,0.55,explicit DISTRICT/DISTT marker in address,True
9a8c59bc-8acc-474e-a20b-700698763ea3,1177,Supreme Silver Hallmarking,"1ST FLOOR,57,2ND AGRAHARAM, SALEM, AMMAPETTAI SALEM, TAMIL NADU ,636001",TAMIL NADU,636001,2ND AGRAHARAM,SALEM,HIGH,0.83,explicit DISTRICT/DISTT marker in address; city inferred from district-adjacent address token: 2ND AGRAHARAM,False
c0e6df56-91dc-4545-a7e1-a094d94ea8c4,1180,KAVI HALLMARKING CENTRE,"35,35-A , 2ND FLOORPERIYAR STREET,SALEM, SALEM, SALEM, TAMIL NADU ,636001",TAMIL NADU,636001,35 A,SALEM,HIGH,0.83,explicit DISTRICT/DISTT marker in address; city inferred from district-adjacent address token: 35 A,False
408649f6-fb96-4a40-a785-e8c15191e626,937,BOMBAY TEST HOUSE PRIVATE LIMITED,"4-A, NEW NO 36, RAJAJI ROADSALEM, SALEM, SALEM, TAMIL NADU ,636007",TAMIL NADU,636007,4 A,SALEM,HIGH,0.83,explicit DISTRICT/DISTT marker in address; city inferred from district-adjacent address token: 4 A,False
997dd647-8cab-4dfd-9487-4ca56412a318,938,PVM Assay Centre,"17/1372, Mughal BuildingM M Ali Road, KOZHIKODE, CALICUT, KERALA ,673002",KERALA,673002,CALICUT,KOZHIKODE,HIGH,0.83,explicit DISTRICT/DISTT marker in address; city inferred from district-adjacent address token: CALICUT,False
65d8126c-eef9-48e9-8b6e-cd752c02dfc7,1230,EMINENT ASSAY & HALLMARKS LLP,"59/1490, 59/1491, 59/1492, 59/1493, SECOND FLOOR,NOOR ARCADE, KAMMATH LANE, NEAR APSARA THEATRE,, KOZHIKODE, CALICUT, KERALA ,673002",KERALA,673002,APSARA THEATRE,KOZHIKODE,HIGH,0.83,explicit DISTRICT/DISTT marker in address; city inferred from district-adjacent address token: APSARA THEATRE,False
119ca677-195b-4a59-aeba-baa12e258ce0,940,Malappuram Assay And Hallmarking,"2nd Floor, Building No.18/354,Fathima Complex, Kottapadi, MALAPPURAM, MALAPPURAM, KERALA ,676519",KERALA,676519,KOTTAPADI,MALAPPURAM,HIGH,0.83,explicit DISTRICT/DISTT marker in address; city inferred from district-adjacent address token: KOTTAPADI,False
cfbbdb8a-856d-462f-9152-71cc46130446,1006,Royal Assay and Hallmarking Centre,"Door No. 23/468, 469, & 470, Maliyemmal BuildingFirst Floor, Tirur Road, Down Hill, MALAPPURAM, MALAPPURAM, KERALA ,676519",KERALA,676519,DOWN HILL,MALAPPURAM,HIGH,0.83,explicit DISTRICT/DISTT marker in address; city inferred from district-adjacent address token: DOWN HILL,False
1c9a5578-ecfc-44a1-9cdb-9b51dce5fe7a,943,CGR Hallmarkers Pvt Ltd,"Plot B-30, Business Park, Kinfra Hitech Park,, ERNAKULAM, ERNAKULAM, KERALA ,683503",KERALA,683503,KINFRA HITECH PARK,ERNAKULAM,HIGH,0.83,explicit DISTRICT/DISTT marker in address; city inferred from district-adjacent address token: KINFRA HITECH PARK,False
bee0ed8c-2e5e-4299-a5fc-0de527412fe2,945,SPS Assay & Hallmarking Centre,"40/8223, Convent Road,Opp. Ernakulam Public Library,, ERNAKULAM, ERNAKULAM, KERALA ,682035",KERALA,682035,PUBLIC LIBRARY,ERNAKULAM,HIGH,0.83,explicit DISTRICT/DISTT marker in address; city inferred from district-adjacent address token: PUBLIC LIBRARY,False
20a575b2-43f8-4534-8972-61959b912c9e,947,Perfect Assayers & Hallmarking Centre,"23/17, Natha muni Street, North Usman Road,, CHENNAI, THYGARAYANAGAR NORTH ND, TAMIL NADU ,600017 OSC Address: 2nd Floor, Shop No; 2,3 &4, Old No; 71, New No;145Marlechas Tower,N.S.C Bose Road, CHENNAI, CHENNAI, TAMIL NADU, 600079",TAMIL NADU,600079,THYGARAYANAGAR NORTH ND,CHENNAI,HIGH,0.83,explicit DISTRICT/DISTT marker in address; city inferred from district-adjacent address token: THYGARAYANAGAR NORTH ND,False
ab4ce1c1-e520-4257-8d3a-b19ca723d09b,976,Marudhar Hallmarks,"129/63, NSC Bose Road, 1st Floor,Sowcarpet, Chennai, CHENNAI, SOWCARPET, TAMIL NADU ,600079",TAMIL NADU,600079,SOWCARPET,CHENNAI,HIGH,0.83,explicit DISTRICT/DISTT marker in address; city inferred from district-adjacent address token: SOWCARPET,False
93d2045f-843d-4f5b-b860-d33f5a0869c3,986,Tamil Nadu Hallmarking Centre,"No. 80, N.S.C. Bose Road, 2nd Floor,P.Raj Complex, (Above Bharathi Gas) Sowcarpet, Chennai, CHENNAI, CHENNAI, TAMIL NADU ,600079",TAMIL NADU,600079,ABOVE BHARATHI GAS SOWCARPET,CHENNAI,HIGH,0.83,explicit DISTRICT/DISTT marker in address; city inferred from district-adjacent address token: ABOVE BHARATHI GAS SOWCARPET,False
76a37b99-d10e-492f-b89b-15b7b7d943d2,987,Sree India Hallmarking Centre,"nathella jubilee plaza shop no 1-7 3rd floorOld No.122/123, N.S.C. Bose Road, Sowcarpet, CHENNAI, SOWCARPET, TAMIL NADU ,600079",TAMIL NADU,600079,SOWCARPET,CHENNAI,HIGH,0.83,explicit DISTRICT/DISTT marker in address; city inferred from district-adjacent address token: SOWCARPET,False
b79f6f4e-d560-41f5-a779-b76260028dac,1031,Shree Gold Assaying and Hallmarking Centre,"No.74, N.S.C Bose Road, 3rd FloorSowcarpet, Chennai, CHENNAI, SOWCARPET, TAMIL NADU ,600079",TAMIL NADU,600079,3RD FLOORSOWCARPET,CHENNAI,HIGH,0.83,explicit DISTRICT/DISTT marker in address; city inferred from district-adjacent address token: 3RD FLOORSOWCARPET,False
8bdef975-e606-4e61-b315-aed47da6823d,1081,Shree I Hallmarking Centre,"New No. 36/2 Old No.12, Swarna Shree Complex, Shop No.302A and 302B, 3rd Floor, Veerapan StreetSowcarpet, Chennai, CHENNAI, SOWCARPET, TAMIL NADU ,600079",TAMIL NADU,600079,VEERAPAN STREETSOWCARPET,CHENNAI,HIGH,0.83,explicit DISTRICT/DISTT marker in address; city inferred from district-adjacent address token: VEERAPAN STREETSOWCARPET,False
6863b1d5-1a39-473c-aa18-0c1d33ea3764,1095,SHREE PARAS HALLMARKING CENTRE,"4TH FLOOR, 177/87NETAHJI SUBASH CHANDRA BOSE ROADSOWCARPET CHENNAI, CHENNAI, CHENNAI, TAMIL NADU ,600079",TAMIL NADU,600079,87NETAHJI SUBASH CHANDRA BOSE ROADSOWCARPET,CHENNAI,HIGH,0.83,explicit DISTRICT/DISTT marker in address; city inferred from district-adjacent address token: 87NETAHJI SUBASH CHANDRA BOSE ROADSOWCARPET,False
eb23e99a-9bb3-486d-a5dd-01fc3fe608ec,1099,SREE VASAVI HALLMARK CENTRE,"GIRI COMPLEX, II ND FLOOR NO.147, N.S.C BOSE ROADSOWCARPET,CHENNAI - 600079., CHENNAI, SOWCARPET, TAMIL NADU ,600079",TAMIL NADU,600079,SOWCARPET,CHENNAI,HIGH,0.83,explicit DISTRICT/DISTT marker in address; city inferred from district-adjacent address token: SOWCARPET,False
f52da3c6-e4a6-4634-a1b8-8f4715fca56f,1101,M M HALLMARKING CENTRE,"THIRD FLOOR, NEW NO 341 OLD 167 PREVIOUS 434MINT STREET, SOWCARPET CHENNAI, CHENNAI, HIGH COURT BUILDING (CHENNAI), TAMIL NADU ,600079",TAMIL NADU,600079,SOWCARPET,CHENNAI,HIGH,0.83,explicit DISTRICT/DISTT marker in address; city inferred from district-adjacent address token: SOWCARPET,False
23e25d00-8b9a-404e-ba99-3a3204d62fb0,1112,PRINCE HALLMARKING AND REFINERY PVT LTD,"DOOR NO 121, N.S.C. BOSE ROAD., CHENNAI, ADYAR (CHENNAI), TAMIL NADU ,600079",TAMIL NADU,600079,ADYAR,CHENNAI,HIGH,0.83,explicit DISTRICT/DISTT marker in address; city inferred from district-adjacent address token: ADYAR,False
d7c8351c-36ee-44c5-8bad-f8bd76f2e6a9,1115,SHREE MAHARANI HALLMARKING CENTRE,"NO 1 / 1 & 3 /2, 1st FLOORKRISHANAPPA STREET SOWCARPET, CHENNAI, SOWCARPET, TAMIL NADU ,600079",TAMIL NADU,600079,SOWCARPET,CHENNAI,HIGH,0.83,explicit DISTRICT/DISTT marker in address; city inferred from district-adjacent address token: SOWCARPET,False
ed724db4-1d2a-4ae7-bc6c-e0710a21dad4,1116,MOKSH HALLMARKING,"4th Floor, No.83, NSC Bose Road,Sowcarpet, Chennai,, CHENNAI, SOWCARPET, TAMIL NADU ,600079",TAMIL NADU,600079,SOWCARPET,CHENNAI,HIGH,0.83,explicit DISTRICT/DISTT marker in address; city inferred from district-adjacent address token: SOWCARPET,False
bae01707-e526-4276-81e4-bedb5df72179,1118,JAIN HALLMARK,"N.S.C.Bose Road, Gold Square Complex3rd Floor, Shop No: 3-8, Sowcarpet, Chennai-600079, CHENNAI, SOWCARPET, TAMIL NADU ,600079",TAMIL NADU,600079,SOWCARPET,CHENNAI,HIGH,0.83,explicit DISTRICT/DISTT marker in address; city inferred from district-adjacent address token: SOWCARPET,False
94d79dad-483b-4878-8ce4-85cb43bfdcf6,1121,SURAAJ HALLMARKING CENTRE,"3rd Floor, Shop No.T-1, New No.145, Old No. 71,NSC Bose Road, Sowcarpet, VOC Nagar, Chennai, CHENNAI, SOWCARPET, TAMIL NADU ,600079",TAMIL NADU,600079,SOWCARPET,CHENNAI,HIGH,0.83,explicit DISTRICT/DISTT marker in address; city inferred from district-adjacent address token: SOWCARPET,False
7a0f7150-ae7d-4462-af40-7db18113c991,1128,V T Hallmarking Centre,"3rd Floor, No.4/18, Badri Veerasamy Lane,Sowcarpet, Chennai, Tamil Nadu-600079, CHENNAI, CHENNAI G.P.O., TAMIL NADU ,600079",TAMIL NADU,600079,SOWCARPET,CHENNAI,HIGH,0.83,explicit DISTRICT/DISTT marker in address; city inferred from district-adjacent address token: SOWCARPET,False
ba0e7ec1-888e-44d0-a69c-df789ba6183b,1131,SRI NAVKAR HALLMARKING CENTRE,"2nd Floor, 203,204,205,206,217VIJETHA COMPLEX,6/5THULASINGAM STREET,Is LANE,SOWC, CHENNAI, SOWCARPET, TAMIL NADU ,600079",TAMIL NADU,600079,SOWC,CHENNAI,HIGH,0.83,explicit DISTRICT/DISTT marker in address; city inferred from district-adjacent address token: SOWC,False
6ee75958-7e83-4364-ac46-b2887a11284a,948,QUALITY ASSAY & HALLMARKING CENTRE PRIVATE LIMITED,"10/1268-4, 1ST FLOOR, DRD BUILDING,NEW CHURCH ROAD, THRISSUR, THRISSUR, THRISSUR CITY, KERALA ,680001",KERALA,680001,DRD BUILDING,THRISSUR,HIGH,0.83,explicit DISTRICT/DISTT marker in address; city inferred from district-adjacent address token: DRD BUILDING,False
17edd901-a15d-416f-b081-6d256bb5084d,995,CGR Cochin Assay,"No.25/1279/1, Pazhenadakkavu,Round West, Trichur, THRISSUR, THRISSUR, KERALA ,680001",KERALA,680001,TRICHUR,THRISSUR,HIGH,0.83,explicit DISTRICT/DISTT marker in address; city inferred from district-adjacent address token: TRICHUR,False
d5100717-364c-401b-a835-a2131e5e61f4,1059,ROYAL HALLMARKING CENTER,"9/571-1A, Jadhav House,Brothers Lane, THRISSUR, THRISSUR, KERALA ,680001",KERALA,680001,BROTHERS LANE,THRISSUR,HIGH,0.83,explicit DISTRICT/DISTT marker in address; city inferred from district-adjacent address token: BROTHERS LANE,False
e2cb3ce9-d44d-40e9-bd2c-c3f3e104d61b,1077,Moonlight Assay and Hallmarking Centre,"10/516-2A, ZEON Building, Tharakans LaneErinjeri Angadi, THRISSUR, THRISSUR, KERALA ,680001",KERALA,680001,THARAKANS LANEERINJERI ANGADI,THRISSUR,HIGH,0.83,explicit DISTRICT/DISTT marker in address; city inferred from district-adjacent address token: THARAKANS LANEERINJERI ANGADI,False
feb73cd7-b779-4e7c-a6f7-e6f6f0bf6b14,1079,Global Assay And Hallmarking,"Second Floor, Room No. X/1274/11, Basilica Platinum Jubilee Building,New Chruch Road, THRISSUR, THRISSUR, KERALA ,680001",KERALA,680001,BASILICA PLATINUM JUBILEE BUILDING,THRISSUR,HIGH,0.83,explicit DISTRICT/DISTT marker in address; city inferred from district-adjacent address token: BASILICA PLATINUM JUBILEE BUILDING,False
d3cf7d02-f392-478a-9f1f-090073d0a0d7,1239,Crystal Assay And Hallmarking Centre,"35/5886/15, Sky TowerIkkandawarrier Road,Thrissur, THRISSUR, THRISSUR CITY, KERALA ,680001",KERALA,680001,,THRISSUR,MEDIUM,0.55,explicit DISTRICT/DISTT marker in address,True
30a41b9b-d86d-4139-b6c1-1a6b499688d8,1242,LAKSHMI ASSAY AND HALLMARKING CENTER,"First Floor, Door No. 35/1805/2-1, Shogun Tower,Rice Bazar, Thrissur, THRISSUR, THRISSUR CITY, KERALA ,680001",KERALA,680001,2 1,THRISSUR,HIGH,0.83,explicit DISTRICT/DISTT marker in address; city inferred from district-adjacent address token: 2 1,False
1f34e163-d2fa-49d5-88e0-d59a283a66af,1243,New Poovathingal Assay & Hallmarking Centre,"12/2212-8, 2nd Floor,Pandaril Tower,Rice Bazar Road,, THRISSUR, THRISSUR CITY, KERALA ,680001",KERALA,680001,2ND FLOOR,THRISSUR,HIGH,0.83,explicit DISTRICT/DISTT marker in address; city inferred from district-adjacent address token: 2ND FLOOR,False
9547470b-6552-4391-9fdd-3448e178b045,1244,PRINCE HALLMARKING AND REFINERY PRIVATE LIMITED,"35/1086,GROUND FLOOR,ST. LOUIS COMMERCIAL COMPLEX,NEW CHURCH CIRCLE,ERINJERI ANGADI,THRISSUR-680001, THRISSUR, THRISSUR, KERALA ,680001",KERALA,680001,ERINJERI ANGADI,THRISSUR,HIGH,0.83,explicit DISTRICT/DISTT marker in address; city inferred from district-adjacent address token: ERINJERI ANGADI,False
2b1423af-80f2-4107-983c-0bdfb8768626,1245,NEW POPULAR ASSAY & HALLMARKING CENTRE,"SHOGUN TOWER,DOOR NO 35/1805/2,SECOND FLOORRICE BAZAR, THRISSUR, THRISSUR, THRISSUR, KERALA ,680001",KERALA,680001,,THRISSUR,MEDIUM,0.55,explicit DISTRICT/DISTT marker in address,True
0badfcae-277d-44ef-9cad-2af122f281a5,1247,PERFECT ASSAY AND HALLMARKING CENTRE,"Door No 26/1206/13G First Floor, Pandaril Tower,Rice Bazar Road, Thrissur,Kerala-680001, THRISSUR, THRISSUR, KERALA ,680001",KERALA,680001,13G FIRST FLOOR,THRISSUR,HIGH,0.83,explicit DISTRICT/DISTT marker in address; city inferred from district-adjacent address token: 13G FIRST FLOOR,False
479c18e3-a5ee-4ef1-91af-2009caadc41a,1250,ANNS ASSAY AND HALLMARKING CENTRE,"First Floor, Door No. 35/35,36,37 & 38,P.L Paul Memorial Building, Pallikulam Road, THRISSUR, THRISSUR CITY, KERALA ,680001",KERALA,680001,P L PAUL MEMORIAL BUILDING,THRISSUR,HIGH,0.83,explicit DISTRICT/DISTT marker in address; city inferred from district-adjacent address token: P L PAUL MEMORIAL BUILDING,False
1875adb7-c1c6-4fd3-a64f-0ebbb94ab35d,1251,LILLYS HALLMARK CENTRE,"35/7,8,9,10 OLD- X/657/10,11,12,13, R.P TOWER,OPPOSITE CHALDEAN CENTRE, PALLIKULAM ROAD, THRISSUR, THRISSUR CITY, KERALA ,680001",KERALA,680001,OPPOSITE CHALDEAN CENTRE,THRISSUR,HIGH,0.83,explicit DISTRICT/DISTT marker in address; city inferred from district-adjacent address token: OPPOSITE CHALDEAN CENTRE,False
3809e8f8-f9ad-4d5d-84e2-7cfc3eae829e,1252,New Kerala Assay and Hallmarking Centre,"St Louis Commercial Building35/1093, Church Circle, THRISSUR, THRISSUR CITY, KERALA ,680001",KERALA,680001,CHURCH CIRCLE,THRISSUR,HIGH,0.83,explicit DISTRICT/DISTT marker in address; city inferred from district-adjacent address token: CHURCH CIRCLE,False
f3c9cf32-7058-4660-81c1-0133bcf43cf8,1255,AL HAKAM HALLMARK AND ASSAY CENTER,"TC 10/1268/9, DRD Tower, Church Road, Puthenpalli,Thrissur, Kerala, THRISSUR, THRISSUR CITY, KERALA ,680001",KERALA,680001,PUTHENPALLI,THRISSUR,HIGH,0.83,explicit DISTRICT/DISTT marker in address; city inferred from district-adjacent address token: PUTHENPALLI,False
a360d14a-b7ae-4b99-8f7f-27a1b0f84989,1259,DEE ASSAY AND HALLMARKING,"35/28-1,2,3 Old - X/657-32, A,B,C, R P Arcade,Pallikulam,Thrissur, Kerala, THRISSUR, THRISSUR CITY, KERALA ,680001",KERALA,680001,PALLIKULAM,THRISSUR,HIGH,0.83,explicit DISTRICT/DISTT marker in address; city inferred from district-adjacent address token: PALLIKULAM,False
22cab624-a879-4310-9c93-ffa3aeb7bfa5,1263,GOLDMARK ASSAY AND HALLMARKING CENTRE,"1st Floor, 35/3,4,5- Old No. X/657/6/7/8R P Towers,Pallikulam Road,OppositeChaldean Centre, THRISSUR, THRISSUR CITY, KERALA ,680001",KERALA,680001,OPPOSITECHALDEAN CENTRE,THRISSUR,HIGH,0.83,explicit DISTRICT/DISTT marker in address; city inferred from district-adjacent address token: OPPOSITECHALDEAN CENTRE,False
bbdc29e4-3e3f-4276-930c-ff03c17e5fe2,1264,THE LOTUS ASSAY AND HALLMARKING CENTRE,"1ST FLOOR,12/2237,CHEMBUKKAVU ARCADERICE BAZAAR, EASTERN BAZAAR, THRISSUR, THRISSUR, KERALA ,680001",KERALA,680001,EASTERN BAZAAR,THRISSUR,HIGH,0.83,explicit DISTRICT/DISTT marker in address; city inferred from district-adjacent address token: EASTERN BAZAAR,False
8e936593-3b8a-4b92-88d2-77b8035e93f3,949,Super Hallmarking Centre,"No.54-H, First Floor, South Avani Moola Street, MADURAI, MADURAI, TAMIL NADU ,625001",TAMIL NADU,625001,FIRST FLOOR,MADURAI,HIGH,0.83,explicit DISTRICT/DISTT marker in address; city inferred from district-adjacent address token: FIRST FLOOR,False
bbe36365-9945-4498-a3f2-cc41049ca057,989,KRISHNA HALLMARKING CENTRE PRIVATE LIMITED,"First Floor, 20-21, Thottiyan Kinatru Street,South Avani Moola Street,, MADURAI, MADURAI, TAMIL NADU ,625001",TAMIL NADU,625001,20 21,MADURAI,HIGH,0.83,explicit DISTRICT/DISTT marker in address; city inferred from district-adjacent address token: 20 21,False
8cb4b8cb-bf6c-4af4-89a5-040f62f3fb01,997,Sri Hallmarking,"No 10, Meenakshi Kovil Street, 2nd Floor,Opp to Central Bank of India, MADURAI, MADURAI, TAMIL NADU ,625001",TAMIL NADU,625001,TO CENTRAL BANK OF INDIA,MADURAI,HIGH,0.83,explicit DISTRICT/DISTT marker in address; city inferred from district-adjacent address token: TO CENTRAL BANK OF INDIA,False
ee972c0b-0026-48c3-9004-c08afd5ab1ec,1010,BEST HALLMARKING CENTRE,"Door No.32(first Floor), Kansamettu streetSouth Masi Street, MADURAI, MADURAI, TAMIL NADU ,625001",TAMIL NADU,625001,,MADURAI,MEDIUM,0.55,explicit DISTRICT/DISTT marker in address,True
23760b27-9842-49a9-8e7c-7d1881fad4cf,1065,SURYA ASSAY AND HALLMARKING CENTRE,"45A NLR TOWER, SOUTH MASSI STREET, MADURAI, MADURAI, TAMIL NADU ,625001",TAMIL NADU,625001,,MADURAI,MEDIUM,0.55,explicit DISTRICT/DISTT marker in address,True
fd668c13-5d0b-4108-ba9e-742f525f577d,1145,SHREE SIVASAI HALLMARKING CENTRE,"35A,FIRST FLOORSOUTH AVANI MOOLA STREET, MADURAI, MADURAI, TAMIL NADU ,625001",TAMIL NADU,625001,35A,MADURAI,HIGH,0.83,explicit DISTRICT/DISTT marker in address; city inferred from district-adjacent address token: 35A,False
8b47a091-78e4-4cff-a4fe-8c2cc36df8fe,1149,THE EMERALD HALLMARKING CENTRE,"FIRST FLOOR,122 C/1,SOUTH AVANI MOOLA STREETMADURAI, MADURAI, MADURAI, TAMIL NADU ,625001",TAMIL NADU,625001,122 C,MADURAI,HIGH,0.83,explicit DISTRICT/DISTT marker in address; city inferred from district-adjacent address token: 122 C,False
093af3c2-2416-4b0a-868a-5e56399cae31,1153,SREE VAARI HALLMARKING,"FIRST AND SECOND FLOOR, NO 6, KANSA MEETU STREET,KANSA MEETU STREET, MADURAI, MADURAI BAZAAR, TAMIL NADU ,625001",TAMIL NADU,625001,FIRST AND SECOND FLOOR,MADURAI,HIGH,0.83,explicit DISTRICT/DISTT marker in address; city inferred from district-adjacent address token: FIRST AND SECOND FLOOR,False
7e353f1f-111e-4295-a97f-51e0c2dce003,1157,SRIRAM ASSAY AND HALLMARKING CENTRE,"No.66, First Floor, Manjanakara Street,Madurai625001, Tamil Nadu, MADURAI, MADURAI, TAMIL NADU ,625001",TAMIL NADU,625001,FIRST FLOOR,MADURAI,HIGH,0.83,explicit DISTRICT/DISTT marker in address; city inferred from district-adjacent address token: FIRST FLOOR,False
3e7285ea-5677-44ae-ab76-96e82e44439e,1158,RAMAJEYAM ASSAY AND HALLMARKING,"1ST AND 2ND FLOOR, 7, Thottiyan Kinatru Street,MSP Navaneethan and Company,SOUTH AVANI MOOLA ST, MADURAI, MADURAI, TAMIL NADU ,625001",TAMIL NADU,625001,SOUTH AVANI MOOLA ST,MADURAI,HIGH,0.83,explicit DISTRICT/DISTT marker in address; city inferred from district-adjacent address token: SOUTH AVANI MOOLA ST,False
2b178aa8-57fb-44b4-a36b-613c595089b3,1164,Vijay Hallmarking Centre,"16, Kansamettu Street, Madurai, MADURAI, , TAMIL NADU ,625001",TAMIL NADU,625001,,MADURAI,MEDIUM,0.55,explicit DISTRICT/DISTT marker in address,True
efe3b09b-03ed-4ae3-8fb4-541467d5ff7a,1173,SRI SUN ASSAYING & HALLMARKING CENTRE,"31G, Ist FLOOR, A V VAIRAM COMPLEXSOUTH AVANI MOLA STREET, MADURAI, MADURAI, TAMIL NADU ,625001",TAMIL NADU,625001,IST FLOOR,MADURAI,HIGH,0.83,explicit DISTRICT/DISTT marker in address; city inferred from district-adjacent address token: IST FLOOR,False
7f474436-6149-4083-b59b-932fc5d8aa8d,952,SRIVAARU GOLD TESTING LAB,"NEAR BALAJI LODGE,DODDAPET, TUMKUR, TIPTUR, KARNATAKA ,572201",KARNATAKA,572201,,,LOW,0.1,No valid district in address or pincode lookup,True
154748bc-ca67-473d-b344-3c2e87ee64dd,955,SBM Assaying & Hallmarking Centre,"Door No 47-13-1 2nd Floor, Sai Shopping CentreDwarkanagar, VISAKHAPATNAM, DWARAKANAGAR, ANDHRA PRADESH ,530009",ANDHRA PRADESH,530009,SAI SHOPPING CE,VISAKHAPATNAM,HIGH,0.83,explicit DISTRICT/DISTT marker in address; city inferred from district-adjacent address token: SAI SHOPPING CE,False
277f182d-0d0b-4084-a792-fbaeed0e4b5a,957,SPS ASSAY AND HALLMARKING CENTRE,"4/921-3, Ponokuzhi TowersNH Bypass Road, Near CI Office, THRISSUR, KODUNGALLUR, KERALA ,680664",KERALA,680664,CI OFFICE,THRISSUR,HIGH,0.83,explicit DISTRICT/DISTT marker in address; city inferred from district-adjacent address token: CI OFFICE,False
53fcfd11-b9c5-42bc-87ce-cb277b2297f5,959,TIRUR ASSAY AND HALLMARKING CENTRE,"Tirur Assay & Hallmarking Centre, Door No.TM 20/584-A12,13,14,Anupama Building,, MALAPPURAM, TIRUR(KERALA), KERALA ,676104",KERALA,676104,ANUPAMA BUILDING,MALAPPURAM,HIGH,0.83,explicit DISTRICT/DISTT marker in address; city inferred from district-adjacent address token: ANUPAMA BUILDING,False
7b185b96-2ebd-4bbe-b739-a50fa148e197,963,Maaruthy Gold Purity Laboratory,"181,SAGOUNDALA CONDANDARAMANE ILLAMAMBALATHADAIYAR MADAM STREET ,PONDICHERRY, PONDICHERRY, PONDICHERRY, PONDICHERY ,605001",Pondichery,605001,,,LOW,0.1,No valid district in address or pincode lookup,True
974a2ddd-30a6-41e2-b6bd-61efbd6079f3,1039,Gurusiddhanath Assaying & Hallmarking Centre,"No.195, 1st Floor, Kosakadai Street, PONDICHERRY, PONDICHERRY, PONDICHERY ,605001",Pondichery,605001,,,LOW,0.1,No valid district in address or pincode lookup,True
e4e5296a-fb0f-4584-9468-047ec1c90a78,1125,Ram Maaruthy Assaying and Hallmarking Centre,"No:168, 1st Floor Ambalathadaiyar madam street, PONDICHERRY, PONDICHERRY, PONDICHERY ,605001",Pondichery,605001,,,LOW,0.1,No valid district in address or pincode lookup,True
60ea646f-2b36-4dbc-ab36-3be126f77874,966,Eureka Assay and Hallmarking Center LLP,"Door No : KMC-18/419, 4th Floor,Square Nine Mall,Near New Bus Stand, Kasaragod, KASARAGOD, KASARAGOD, KERALA ,671121",KERALA,671121,NEW BUS STAND,KASARAGOD,HIGH,0.83,explicit DISTRICT/DISTT marker in address; city inferred from district-adjacent address token: NEW BUS STAND,False
b8d5e437-25a6-47d9-b055-b971bedd9004,1234,KASARGODE ASSAY AND HALLMARKING CENTRE,"Door No. KMC/18/289- E20, 21, 22, 3rd floor,City Mall, MG Road, Kasaragod, Kerala., KASARAGOD, KASARAGOD, KERALA ,671121",KERALA,671121,CITY MALL,KASARAGOD,HIGH,0.83,explicit DISTRICT/DISTT marker in address; city inferred from district-adjacent address token: CITY MALL,False
59348681-8fd0-48c7-8c27-f788222634cf,967,Venus Hallmarking Centre,"VII-398, B4 & B5, TB Junction Angamaly,, ERNAKULAM, ERNAKULAM, KERALA ,683572",KERALA,683572,TB JUNCTION ANGAMALY,ERNAKULAM,HIGH,0.83,explicit DISTRICT/DISTT marker in address; city inferred from district-adjacent address token: TB JUNCTION ANGAMALY,False
d97fa903-3efb-40b8-8f8e-309d40b9d798,968,OHM Hallmarking Centre,"No.17, Kamala Nehru Street,Kallakurichi, VILUPPURAM, VILLUPURAM, TAMIL NADU ,606202",TAMIL NADU,606202,VILLUPURAM,KALLAKURICHI,HIGH,0.83,explicit DISTRICT/DISTT marker in address; city inferred from district-adjacent address token: VILLUPURAM,False
dc72cede-8fdc-4ce6-971c-11730c5a76a1,973,Sonaa Hallmarking Center,"1st Floor,11-49-367Sivalayam Street,Vijayawada,NTR District, KRISHNA, VIJAYAWADA, ANDHRA PRADESH ,520001",ANDHRA PRADESH,520001,VIJAYAWADA,NTR,HIGH,0.83,explicit DISTRICT/DISTT marker in address; city inferred from district-adjacent address token: VIJAYAWADA,False
50787377-5e78-46e7-8aa5-ad64289478e7,1026,SAI KRISHNA HALLMARK CENTER,"D.No. 11-24-38, The Bazwada Jewellers & Vullion MerchantAssociation Building, Sivalayam Street, One Town, KRISHNA, VIJAYAWADA, ANDHRA PRADESH ,520001",ANDHRA PRADESH,520001,ONE,KRISHNA,HIGH,0.83,explicit DISTRICT/DISTT marker in address; city inferred from district-adjacent address token: ONE,False
99588233-c09c-47ef-8ac1-a18ab2969a4a,1036,VENKATESWARA HALLAMRK CENTRE,"GROUND,11-58-10, BAVAJI MATHAM LANEAM, KRISHNA, VIJAYAWADA, ANDHRA PRADESH ,520001",ANDHRA PRADESH,520001,BAVAJI MATHAM LANEAM,KRISHNA,HIGH,0.83,explicit DISTRICT/DISTT marker in address; city inferred from district-adjacent address token: BAVAJI MATHAM LANEAM,False
683525f5-3b93-4227-9961-167486778a3f,1088,SIDDHANATH HALLMARK PRIVATE LIMITED,"11-49/1-1, JANDA LANE, SIVALAYAM STREET, KRISHNA, VIJAYAWADA, ANDHRA PRADESH ,520001",ANDHRA PRADESH,520001,VIJAYAWADA,KRISHNA,HIGH,0.83,explicit DISTRICT/DISTT marker in address; city inferred from district-adjacent address token: VIJAYAWADA,False
a6033e80-e3e0-456c-87d0-2f0e3a044c6f,978,HYDERABAD HALLMARKING CENTRE,"LIG-572, First Floor,Road No-3, KPHB Colony,Kukatpally,Hyderabad, MEDCHAL MALKAJGIRI, SHAMIRPET, TELANGANA ,500072",TELANGANA,500072,KUKATPALLY,HYDERABAD,HIGH,0.83,explicit DISTRICT/DISTT marker in address; city inferred from district-adjacent address token: KUKATPALLY,False
7219a237-2d75-467b-97be-c508e3df67bb,979,HYDERABAD HALLMARKING CENTRE,"LIG-572, First Floor,Road No-3, KPHB Colony,Kukatpally,Hyderabad, MEDCHAL MALKAJGIRI, SHAMIRPET, TELANGANA ,500072 OSC Address: 7-79, Beside Sairam HospitalKonark Theatre Road, Dilsukhnagar, RANGA REDDY, HYTHABAD, TELANGANA, 500060",TELANGANA,500060,KUKATPALLY,HYDERABAD,HIGH,0.83,explicit DISTRICT/DISTT marker in address; city inferred from district-adjacent address token: KUKATPALLY,False
a03cf595-8a38-42e1-a7cd-eceda34f1973,980,Perfect Gold Testing Centre,"419, Bazaar Street,, MANDYA, MANDYA, KARNATAKA ,571401",KARNATAKA,571401,,MANDYA,MEDIUM,0.55,explicit DISTRICT/DISTT marker in address,True
6dca388b-7e9f-429f-b783-d485ff31fd6c,983,I MARK HALLMARKING & APPRAISAL PVT LTD,"NO 3, BADRIVEERASAMY STREET,PARK TOWN,CHENNAIPARK TOWN, CHENNAI, PARK TOWN, TAMIL NADU ,600003",TAMIL NADU,600003,PARK,CHENNAI,HIGH,0.83,explicit DISTRICT/DISTT marker in address; city inferred from district-adjacent address token: PARK,False
c3a21c1d-6a1a-4da3-aaa5-dfb2c1447e0d,1113,PRINCE HALLMARKING AND REFINERY PVT LTD,"DOOR NO 121, N.S.C. BOSE ROAD., CHENNAI, ADYAR (CHENNAI), TAMIL NADU ,600079 OSC Address: 32/2, ElaKandappan St,Park Town, Chennai,, CHENNAI, CHENNAI, TAMIL NADU, 600003",TAMIL NADU,600003,ADYAR,CHENNAI,HIGH,0.83,explicit DISTRICT/DISTT marker in address; city inferred from district-adjacent address token: ADYAR,False
2e557c92-ab92-4757-84cc-a82c2fa6f3bf,1126,Sri Guru Ganesh Hallmarking Center,"Maratha Complex,Shop No-17,3rd Floor New No.20,Old No.40,HANUMANTH RAYAN KOIL STREET, CHENNAI, SOWCARPET, TAMIL NADU ,600003",TAMIL NADU,600003,SOWCARPET,CHENNAI,HIGH,0.83,explicit DISTRICT/DISTT marker in address; city inferred from district-adjacent address token: SOWCARPET,False
21d9ae81-43bf-465b-a77c-44e8f78e4fbf,988,Athira Assay And Hallmarking Centre,"8/381/3A, Mission Quarters Road,East Fort,, THRISSUR, THRISSUR, KERALA ,680005",KERALA,680005,EAST FORT,THRISSUR,HIGH,0.83,explicit DISTRICT/DISTT marker in address; city inferred from district-adjacent address token: EAST FORT,False
1d73171d-7e09-4e79-90a3-e82172651a79,1249,SIGNATURE ASSAY AND HALLMARKS,"Old No. 6-446/6/1,13/606, Second Floor,Kings Way Building, East Fort Junction, Thrissur, THRISSUR, THRISSUR CITY, KERALA ,680005",KERALA,680005,EAST FORT JUNCTION,THRISSUR,HIGH,0.83,explicit DISTRICT/DISTT marker in address; city inferred from district-adjacent address token: EAST FORT JUNCTION,False
5954e504-dbf2-4d8f-b582-805e09d66b56,1254,NUCLEUS ASSAY AND HALLMARKING CENTRE,"23/451/3, Second Floor, VTR Tower,St. Thomas College Road, Thrissur, THRISSUR, THRISSUR CITY, KERALA ,680005",KERALA,680005,SECOND FLOOR,THRISSUR,HIGH,0.83,explicit DISTRICT/DISTT marker in address; city inferred from district-adjacent address token: SECOND FLOOR,False
b815c09f-af41-4bf3-9b9b-15dbb2cfb0dc,993,Sri Lakshmi Devi Hallmarking,"Door No 5-37-36, Sri Nivasam4/2 Brodipet, GUNTUR, GUNTUR, ANDHRA PRADESH ,522002",ANDHRA PRADESH,522002,2 BRODIPET,GUNTUR,HIGH,0.83,explicit DISTRICT/DISTT marker in address; city inferred from district-adjacent address token: 2 BRODIPET,False
9b58d141-f253-4c6b-9bb0-ba6ee70fe95c,994,CGR HALLMARKERS PVT LTD,"4th Floor, TC:37/945 (87),Karimpanal Arcade, East Fort, Trivandrum, THIRUVANANTHAPURAM, THIRUVANANTHAPURAM FORT, KERALA ,695023",KERALA,695023,TRIVANDRUM,THIRUVANANTHAPURAM,HIGH,0.83,explicit DISTRICT/DISTT marker in address; city inferred from district-adjacent address token: TRIVANDRUM,False
3c7b797c-300d-4a3a-9b08-fa2eaec7e8ca,1269,ROSE ASSAY AND HALLMARKING CENTRE,"TC .80/1123(2), 3RD FLOORKARIMPANAL ARCADE , EASTFORT ,TRIVANDRUM, THIRUVANANTHAPURAM, THIRUVANANTHAPURAM FORT, KERALA ,695023",KERALA,695023,TRIVANDRUM,THIRUVANANTHAPURAM,HIGH,0.83,explicit DISTRICT/DISTT marker in address; city inferred from district-adjacent address token: TRIVANDRUM,False
099fad66-4167-4bce-ac15-2e6e9a4856db,996,AGNEYA HALLMARKING CENTRE,"NO.69 1ST FLOOR CHINNAVAANIYAR STREET THIRUPADIRIP, CUDDALORE, CUDDALORE, TAMIL NADU ,607002",TAMIL NADU,607002,,CUDDALORE,MEDIUM,0.55,explicit DISTRICT/DISTT marker in address,True
6e26f58f-303a-4cc7-ac2d-bad906652d95,1080,K Prakash Hallmarks,"No.15/9 B, Chinna Vaniyar StreetThirupapuliyur, CUDDALORE, CUDDALORE, TAMIL NADU ,607002",TAMIL NADU,607002,CHINNA VANIYAR STREETTHIRUPAPULIYUR,CUDDALORE,HIGH,0.83,explicit DISTRICT/DISTT marker in address; city inferred from district-adjacent address token: CHINNA VANIYAR STREETTHIRUPAPULIYUR,False
704d308c-a804-4306-83a3-430fbbc0d719,1000,GURUDEV HALLMARKING CENTRE VRI,"113,BAZAAR STREET2ND FLOOR,CHENDHUR TOWER, CUDDALORE, VRIDDHACHALAM, TAMIL NADU ,606001",TAMIL NADU,606001,VRIDDHACHALAM,CUDDALORE,HIGH,0.83,explicit DISTRICT/DISTT marker in address; city inferred from district-adjacent address token: VRIDDHACHALAM,False
9177a53a-a953-44a5-b4d6-afe0835e67f5,1001,ROSE ASSAY AND HALLMARKING CENTRE,"1ST FLOOR, 3-89/1, AROKIA PLAZAMAIN ROAD,MARTHANDAM, KANYAKUMARI, MARTHANDAM, TAMIL NADU ,629165",TAMIL NADU,629165,,,LOW,0.1,No valid district in address or pincode lookup,True
4c371a08-5e7f-4911-a64d-0916b7ecd626,1148,LAKSHMI HALLMARK & TESTING CENTER,"FIRST FLOOR, NO. 6-39/2, P.P.K. BUILDING,MAIN ROAD, MARTHANDAM, KANYAKUMARI., KANYAKUMARI, MARTHANDAM, TAMIL NADU ,629165",TAMIL NADU,629165,,,LOW,0.1,No valid district in address or pincode lookup,True
16538600-68f0-4143-9917-6026487e8f25,1002,Merit Assaying & Hallmarking Centre,"1st Floor, Arackal Arcade, Opp. KSRTC Bus Stand, KOTTAYAM, KOTTAYAM, KERALA ,686001",KERALA,686001,KSRTC BUS STAND,KOTTAYAM,HIGH,0.83,explicit DISTRICT/DISTT marker in address; city inferred from district-adjacent address token: KSRTC BUS STAND,False
a1168632-77c9-432f-af84-da876a3c68bf,1008,Sreekrishna Hallmarking Centre,"12/521, Vettoor Building, Near KSRTC Bus Stand, KOTTAYAM, KOTTAYAM, KERALA ,686001",KERALA,686001,KSRTC BUS STAND,KOTTAYAM,HIGH,0.83,explicit DISTRICT/DISTT marker in address; city inferred from district-adjacent address token: KSRTC BUS STAND,False
bf82efb2-3470-48ed-a9e7-b9ebb71480de,1094,Yeswe Assaying and Hallmarking Centre LLP,"XIV/566, B4, Sreevinayak Towerspalace Road, Kottayam 686001, KOTTAYAM, KOTTAYAM, KERALA ,686001",KERALA,686001,B4,KOTTAYAM,HIGH,0.83,explicit DISTRICT/DISTT marker in address; city inferred from district-adjacent address token: B4,False
024e6510-ebb2-4e29-aeb2-e87da5eeae67,1241,Shivshakti Assaying and Hallmarking Centre,"20/2072C, Sri Balaji PlazaThirunakkara, KOTTAYAM, THIRUNAKKARA, KERALA ,686001",KERALA,686001,SRI BALAJI PLAZATHIRUNAKKARA,KOTTAYAM,HIGH,0.83,explicit DISTRICT/DISTT marker in address; city inferred from district-adjacent address token: SRI BALAJI PLAZATHIRUNAKKARA,False
b95684e4-d637-4333-9d36-095426139be1,1003,GT Assay and Hallmarking Centre,"7-1-2, (First Floor),Manchukonduvari Street, Ward 7, VIZIANAGARAM, VIZIANAGARAM, ANDHRA PRADESH ,535001",ANDHRA PRADESH,535001,7 1 2,VIZIANAGARAM,HIGH,0.83,explicit DISTRICT/DISTT marker in address; city inferred from district-adjacent address token: 7 1 2,False
25da1f04-d4f1-436c-b70f-452ff9e5de2d,1004,Ganesh Assaying and Hall Marking Center,"29-1-4, Velpur Road, Old LIC Building,Opp. Subbam Grand, WEST GODAVARI, TANUKU, ANDHRA PRADESH ,534211",ANDHRA PRADESH,534211,SUBBAM GRAND,WEST GODAVARI,HIGH,0.83,explicit DISTRICT/DISTT marker in address; city inferred from district-adjacent address token: SUBBAM GRAND,False
68348354-a987-4139-974c-4a5a5bcd9aca,1012,SUBHLAXMI HALLMARKING CENTER,"NO.60,ANNAI PERIYANAYAKI COMPLEX,1 ST FLOOR,POLICE STATION ROAD,MEENAKSHIPURAM,NAGERCOIL., KANYAKUMARI, NAGERCOIL, TAMIL NADU ,629001",TAMIL NADU,629001,,,LOW,0.1,No valid district in address or pincode lookup,True
4182d90b-7fec-4989-977d-1972ccc0c14b,1140,THE LOTUS ASSAY AND HALLMARKING CENTRE,"GROUND FLOOR,BLDG/FLAT NO.65/66SURYA RESIDENCY,MEENAKSHIPURAM, KANYAKUMARI, PUTHERI, TAMIL NADU ,629001",TAMIL NADU,629001,,,LOW,0.1,No valid district in address or pincode lookup,True
f458a953-5505-4add-a9f5-354e1725bb5a,1141,SA HALLMARKING CENTRE,"237/2,SECOND FLOOR,POLICE STATION ROADMEENAKSHIPURAM, KANYAKUMARI, NAGERCOIL BAZAAR, TAMIL NADU ,629001",TAMIL NADU,629001,,,LOW,0.1,No valid district in address or pincode lookup,True
d3a90495-78cf-469e-a550-5d7c316ce93c,1159,SHREE RAKSHA HALLMARKING CENTRE,"1st & 2nd Floor, Old No.11/5, New No.22 Thiruvalluvar Street, Meenakshipuram,Nagercoil, Kanniyakumari, Tamilnadu - 629001, KANYAKUMARI, NAGERCOIL, TAMIL NADU ,629001",TAMIL NADU,629001,NAGERCOIL,KANNIYAKUMARI,HIGH,0.83,explicit DISTRICT/DISTT marker in address; city inferred from district-adjacent address token: NAGERCOIL,False
5b81520a-ad41-4ee2-a2df-c86a8a9834e1,1013,SRI BALAJI TESTING AND HALLMARKING CENTER,"DOOR NO 23-1-355/SHOP NO. 3(GROUND FLOOR) AND SHOPONGOLE CITY, ONGOLE, PRAKASAM DISTT. (AP) -523001, PRAKASAM, ONGOLE, ANDHRA PRADESH ,523001",ANDHRA PRADESH,523001,DISTT 523001,PRAKASAM,HIGH,0.83,explicit DISTRICT/DISTT marker in address; city inferred from district-adjacent address token: DISTT 523001,False
6db197b4-868b-411b-9029-3f285cc14079,1015,Sampath Assaying and hallmarking pvt ptd,"D no:9-13-7B,3rd floor,Sree Ramakrishna engg co,New resapuvanipalem,Opp Swarna Bharathi Stadium., VISAKHAPATNAM, VISAKHAPATNAM, ANDHRA PRADESH ,530013",ANDHRA PRADESH,530013,SWARNA BHARATHI STADIUM,VISAKHAPATNAM,HIGH,0.83,explicit DISTRICT/DISTT marker in address; city inferred from district-adjacent address token: SWARNA BHARATHI STADIUM,False
7284e4d5-cf2f-46fe-8190-72a68c7a3cf8,1021,Jayam Hallmarking Centre TNJ,"No.18/1530,Thoppil Pillaiyar Kovil Street,Selvi Valaagam,Govindasamy Pillai Lane, THANJAVUR, THANJAVUR, TAMIL NADU ,613001",TAMIL NADU,613001,,,LOW,0.1,No valid district in address or pincode lookup,True
f8736130-847b-4b89-bf82-f7d13da6c903,1135,SIDDHANATH HALLMARKING CENTRE,"Ground Floor, No 38, 39 A, 39 B / 1546Bogi Lakshmana Nayakan Lane, Near Apollo Pharmacy, THANJAVUR, THANJAVUR BAZAAR, TAMIL NADU ,613001",TAMIL NADU,613001,,,LOW,0.1,No valid district in address or pincode lookup,True
3dff7ec2-9944-47ef-8be8-d869319f8287,1022,KRANTHI ASSAY AND HALLMARKING CENTRE,"Door No11/80(43C 43D) hill tower building2 nd floor, opp old bus stand, kalpetta, WAYANAD, KALPETTA, KERALA ,673121",KERALA,673121,KALPETTA,WAYANAD,HIGH,0.83,explicit DISTRICT/DISTT marker in address; city inferred from district-adjacent address token: KALPETTA,False
9ea3649e-c093-4e03-919e-97fe58fc7af0,1023,Shivaji Hall Marking & Assaying Centre,"Door No 496, Ward No 32, Thyparambil BuildingSCS Junction, Thiruvalla, PATHANAMTHITTA, TIRUVALLA, KERALA ,689101",KERALA,689101,THIRUVALLA,PATHANAMTHITTA,HIGH,0.83,explicit DISTRICT/DISTT marker in address; city inferred from district-adjacent address token: THIRUVALLA,False
cd0ab89a-8c29-44dc-b0f7-f629be919895,1024,Sri Sai Hallmark & Assaying Centre,"66/1A, Govindraj Plazaa, First Floor,(Federal Bank Upstairs) Rangar Sanathi Street, NAMAKKAL, NAMAKKAL, TAMIL NADU ,637001",TAMIL NADU,637001,FIRST FLOOR,NAMAKKAL,HIGH,0.83,explicit DISTRICT/DISTT marker in address; city inferred from district-adjacent address token: FIRST FLOOR,False
ae86ad09-9754-4fe8-aa16-03a9019bb46c,1187,SRI GEM GOLD TEST & HALLMARK CENTER,"26/79B2, RANGAR SANNATHI STREET,NAMAKKAL, NAMAKKAL, NAMAKKAL, TAMIL NADU ,637001",TAMIL NADU,637001,79B2,NAMAKKAL,HIGH,0.83,explicit DISTRICT/DISTT marker in address; city inferred from district-adjacent address token: 79B2,False
2cfe96df-211e-4459-a9ae-a2f02480a306,1025,Venus Hallmarking Centre,"City Estate, Ward No.21, Room No.3169-3167 Pbvr, ERNAKULAM, PERUMBAVOOR, KERALA ,683542",KERALA,683542,PERUMBAVOOR,ERNAKULAM,HIGH,0.83,explicit DISTRICT/DISTT marker in address; city inferred from district-adjacent address token: PERUMBAVOOR,False
64993e8b-0eed-4ec1-899d-48a0c55cc6ad,1258,Venus Hallmarking Centre,"City Estate, Ward No.21, Room No.3169-3167 Pbvr, ERNAKULAM, PERUMBAVOOR, KERALA ,683542",KERALA,683542,PERUMBAVOOR,ERNAKULAM,HIGH,0.83,explicit DISTRICT/DISTT marker in address; city inferred from district-adjacent address token: PERUMBAVOOR,False
73048f94-dbe2-46d4-a00f-af4f99ff1e00,1027,Royal Assay and Hallmarking Centre Private Limited,"ROOM NO XXI/213 E, V.S TOWER, KACHERITHZHAMMUVATTUPUZHA, ERNAKULAM - 686661, ERNAKULAM, ERNAKULAM, KERALA ,686661",KERALA,686661,KACHERITHZHAMMUVATTUPUZHA,ERNAKULAM,HIGH,0.83,explicit DISTRICT/DISTT marker in address; city inferred from district-adjacent address token: KACHERITHZHAMMUVATTUPUZHA,False
c0992857-6e36-4309-af0d-d9777a64e1f5,1028,Royal Assay and Hallmarking Centre Private Limited,"ROOM NO XXI/213 E, V.S TOWER, KACHERITHZHAMMUVATTUPUZHA, ERNAKULAM - 686661, ERNAKULAM, ERNAKULAM, KERALA ,686661 OSC Address: XV/1040, Puthayath Shopping Complex,Private Bus Stand, Bus Stand Roa, IDUKKI, ADIMALI, KERALA, 685561",KERALA,685561,ADIMALI,ERNAKULAM,HIGH,0.83,explicit DISTRICT/DISTT marker in address; city inferred from district-adjacent address token: ADIMALI,False
7e2b0e00-4346-49aa-a01c-f8b671d9c284,1030,VIJAY HALLMARKING CENTRE,"1st & 2nd floor, 38 f katchery street, DINDIGUL, DINDIGUL, TAMIL NADU ,624001",TAMIL NADU,624001,1ST & 2ND FLOOR,DINDIGUL,HIGH,0.83,explicit DISTRICT/DISTT marker in address; city inferred from district-adjacent address token: 1ST & 2ND FLOOR,False
27ffeabb-6a45-425d-ad1e-fc93c65041a2,1165,Sridhar Hallmarking Centre,"First Floor47K5,47K6,Katcheri Street, Dindigul, DINDIGUL, DINDIGUL FORT, TAMIL NADU ,624001",TAMIL NADU,624001,FORT,DINDIGUL,HIGH,0.83,explicit DISTRICT/DISTT marker in address; city inferred from district-adjacent address token: FORT,False
11367257-6148-4c8f-8cce-78e9f237ea8f,1032,SUKRAA HALLMARKING CENTRE UNIT I,"NO,24 ESWARAN KOVIL STREET,NATARAJ JEWELS BUILDING, TIRUPUR, TIRUPUR, TAMIL NADU ,641604",TAMIL NADU,641604,,,LOW,0.1,No valid district in address or pincode lookup,True
942f4741-b7d8-4df2-9636-16ec20be84b6,1033,ACCURATE ASSAY AND HALLMARKING CENTRE,"14/1389,Ground Floor,Brothers Building,Vadakara Road,Perambra,Kozhikode, KOZHIKODE, PERAMPRA, KERALA ,673525",KERALA,673525,PERAMBRA,KOZHIKODE,HIGH,0.83,explicit DISTRICT/DISTT marker in address; city inferred from district-adjacent address token: PERAMBRA,False
c4e04f05-918d-4fd1-b768-026f2a00262c,1037,Saiguru Hallmarking Centre,"No:7C, 3rd Floor, Ramakkapettai, 1st Street, VELLORE, TIRUPATTUR, TAMIL NADU ,635601",TAMIL NADU,635601,TIRUPATTUR,VELLORE,HIGH,0.83,explicit DISTRICT/DISTT marker in address; city inferred from district-adjacent address token: TIRUPATTUR,False
bf489163-36b7-4bc3-b860-a3295e16098b,1186,KAWAD HALLMARKING CENTER,"63/1, JINNA ROAD-II,TIRUPATHUR, TIRUPATHUR, TIRUPATHUR, TAMIL NADU ,635601",TAMIL NADU,635601,,TIRUPATHUR,MEDIUM,0.55,explicit DISTRICT/DISTT marker in address,True
8db87fc5-cdfb-4ca1-a612-f1e79eba12dd,1038,SRI SAI HALLMARKING CENTRE,"17_29 ,1ST AND 2ND FLOORS ,NEAR JOGIPETA JUNCTIONMARKET STREET NARASANNAPETA, SRIKAKULAM, NARASANNAPETA, ANDHRA PRADESH ,532421",ANDHRA PRADESH,532421,ETA,SRIKAKULAM,HIGH,0.83,explicit DISTRICT/DISTT marker in address; city inferred from district-adjacent address token: ETA,False
2d013482-e3be-409a-9844-f3bd077658e4,1040,SMS Hallmarks,"Ground Floor, 62/4892 & 62/4892AKachapilly Square, Mullassery Canal Road, ERNAKULAM, ERNAKULAM, KERALA ,682011",KERALA,682011,4892AKACHAPILLY SQUARE,ERNAKULAM,HIGH,0.83,explicit DISTRICT/DISTT marker in address; city inferred from district-adjacent address token: 4892AKACHAPILLY SQUARE,False
d0f32da6-8e34-45a6-a3fe-2430217115f8,1044,AR ASSAYING & HALL MARKING CENTRE,"2nd Floor,114c,MSSv Complex,South Bazaar,Kovilpatt, THOOTHUKUDI, KOVILPATTI, TAMIL NADU ,628501",TAMIL NADU,628501,,,LOW,0.1,No valid district in address or pincode lookup,True
86338aeb-3528-4d61-ba18-47820fceceda,1045,SOUTH KERALA ASSAYING AND HALLMARKING CENTRE,"FIRST FLOOR, SHEMI TOWERS, OPP. HANUMAN KOVIL,BEACH ROAD, KOLLAM, KERALA, 691001, KOLLAM, KOLLAM, KERALA ,691001",KERALA,691001,OPP HANUMAN KOVIL,KOLLAM,HIGH,0.83,explicit DISTRICT/DISTT marker in address; city inferred from district-adjacent address token: OPP HANUMAN KOVIL,False
87c9db28-8f52-4ec9-a2f0-a71e046f1276,1046,Quilon Assay And Hallmarking,"XVI/1833/490/M1,IIIrd FLOOR,RP MALL,KOLLAM,691001,, KOLLAM, KOLLAM, KERALA ,691001",KERALA,691001,RP MALL,KOLLAM,HIGH,0.83,explicit DISTRICT/DISTT marker in address; city inferred from district-adjacent address token: RP MALL,False
b2d2f367-6300-4796-92dc-908c1d9e81bf,1047,Elite Hallmarking,"182, E4/21A, SPP Building, S.N High road, TIRUNELVELI, TIRUNELVELI, TAMIL NADU ,627006",TAMIL NADU,627006,SPP BUILDING,TIRUNELVELI,HIGH,0.83,explicit DISTRICT/DISTT marker in address; city inferred from district-adjacent address token: SPP BUILDING,False
6bbecef1-05c2-44cd-aa8e-9a0f7cf9a253,1144,SHYAM HALLMARK CENTRE,"GROUND FLOOR, 248, V.O.C. STREET, TIRUNELVELI TOWN, TIRUNELVELI, TIRUNELVELI TOWN, TAMIL NADU ,627006",TAMIL NADU,627006,GROUND FLOOR,TIRUNELVELI,HIGH,0.83,explicit DISTRICT/DISTT marker in address; city inferred from district-adjacent address token: GROUND FLOOR,False
ecd14c20-573c-488e-9d01-638979e46fb3,1172,Raksha Assay & Hallmarking Centre,"42, Koolakadai Bazar, TIRUNELVELI, TIRUNELVELI TOWN, TAMIL NADU ,627006",TAMIL NADU,627006,,TIRUNELVELI,MEDIUM,0.55,explicit DISTRICT/DISTT marker in address,True
e9c10778-69ca-4deb-b808-8da74c4af110,1048,Elite Hallmarking,"182, E4/21A, SPP Building, S.N High road, TIRUNELVELI, TIRUNELVELI, TAMIL NADU ,627006 OSC Address: 45/5,ST-3,Savukkai amman koil street, ERODE, ERODE, TAMIL NADU, 628801",TAMIL NADU,628801,ST 3,TIRUNELVELI,HIGH,0.83,explicit DISTRICT/DISTT marker in address; city inferred from district-adjacent address token: ST 3,False
2494c9f8-e519-44e3-9c08-a18e23f0342c,1049,SONA ASSAYING AND HALLMARKING CENTRE,"12/499, 2nd Floor, Chaliyar ComplexOpp. Bus Stand, Ramanatukara,Kozhikode, KOZHIKODE, RAMANATTUKARA, KERALA ,673633",KERALA,673633,RAMANATUKARA,KOZHIKODE,HIGH,0.83,explicit DISTRICT/DISTT marker in address; city inferred from district-adjacent address token: RAMANATUKARA,False
bf6b85b2-d95b-4812-b25d-fde8bab7ac36,1051,VASRAJ ASSAYING AND HALLMARKINGS CENTRE,"NO 76 , 1ST FLOOR , SANNATHI STREETOPPOSITE TO IDBI BANK, TIRUVANNAMALAI, TIRUVANNAMALAI, TAMIL NADU ,606601",TAMIL NADU,606601,,,LOW,0.1,No valid district in address or pincode lookup,True
66c0cef8-5ec2-43eb-9ecf-87bc825d656b,1096,VASRAJ ASSAYING AND HALLMARKINGS CENTRE,"NO 76 , 1ST FLOOR , SANNATHI STREETOPPOSITE TO IDBI BANK, TIRUVANNAMALAI, TIRUVANNAMALAI, TAMIL NADU ,606601",TAMIL NADU,606601,,,LOW,0.1,No valid district in address or pincode lookup,True
99173b6a-16e1-49fa-ba71-52add199820d,1124,JP HALLMARKING CENTRE,"SECOND FLOOR 111/B,THIRUVOODAL STREETTIRUVANNAMALAI, TIRUVANNAMALAI, TIRUVANNAMALAI, TAMIL NADU ,606601",TAMIL NADU,606601,,,LOW,0.1,No valid district in address or pincode lookup,True
3a8178d7-3171-4e80-83e0-da13dbe1fb6b,1054,Veracity Assay and Hallmarking centre,"4/1063-1, Chungath Arcade, Opp: Vandana AuditoriumKarunagapally, Kollam, KOLLAM, KARUNAGAPPALY, KERALA ,690518",KERALA,690518,VANDANA AUDITORIUMKARUNAGAPALLY,KOLLAM,HIGH,0.83,explicit DISTRICT/DISTT marker in address; city inferred from district-adjacent address token: VANDANA AUDITORIUMKARUNAGAPALLY,False
f3207c3f-f55a-4c7c-836c-da8a61cea49d,1265,KARUNAGAPPALLY ASSAY AND HALLMARKING CENTRE,"1ST FLOOR,15/157,PELLIPURAM BUILDINGS,MARKET ROAD, PADANAYARKULANGARA SOUTH, KOLLAM, KARUNAGAPPALY, KERALA ,690518",KERALA,690518,PADANAYARKULANGARA SOUTH,KOLLAM,HIGH,0.83,explicit DISTRICT/DISTT marker in address; city inferred from district-adjacent address token: PADANAYARKULANGARA SOUTH,False
83684fc6-4984-43ed-8db7-3b7fc97bf7af,1055,SHREE VISHWA HALLMARKING CENTRE,"29, Agraharam StreetErode, ERODE, ERODE, TAMIL NADU ,638001",TAMIL NADU,638001,,ERODE,MEDIUM,0.55,explicit DISTRICT/DISTT marker in address,True
069143f1-d752-4b53-bcd1-01716b9f4e6b,1182,RUBY ASSAY & HALLMARKING CENTRE,"123,PERIYAR STREETERODE, ERODE, ERODE, TAMIL NADU ,638001",TAMIL NADU,638001,,ERODE,MEDIUM,0.55,explicit DISTRICT/DISTT marker in address,True
c3f92275-bc4b-4890-b6f6-485a5d2dd8d0,1056,Sundari Hallmarking Centre,"DR NO 32-1-27,KVR SWAMY ROADRAJAMAHENDRAVARAM, EAST GODAVARI, RAJAHMUNDRY, ANDHRA PRADESH ,533103",ANDHRA PRADESH,533103,KVR SWAMY ROADRAJAMAHENDRAVARAM,EAST GODAVARI,HIGH,0.83,explicit DISTRICT/DISTT marker in address; city inferred from district-adjacent address token: KVR SWAMY ROADRAJAMAHENDRAVARAM,False
6b27960a-4803-4806-b080-30748df3c926,1058,SRI GOMATHI ASSAYING & HALLMARK CENTRE,"No.43/96/E, Keela Avani Moola Veethi, TIRUNELVELI, TENKASI, TAMIL NADU ,627811",TAMIL NADU,627811,KEELA AVANI MOOLA VEETHI,TIRUNELVELI,HIGH,0.83,explicit DISTRICT/DISTT marker in address; city inferred from district-adjacent address token: KEELA AVANI MOOLA VEETHI,False
db84fc29-a7c4-4a41-b6e3-544975cbfdd5,1171,Nisha Assay & Hallmarking Centre,"99/29, Swami Sannathi Street, TIRUNELVELI, TENKASI, TAMIL NADU ,627811",TAMIL NADU,627811,TENKASI,TIRUNELVELI,HIGH,0.83,explicit DISTRICT/DISTT marker in address; city inferred from district-adjacent address token: TENKASI,False
a279137e-7d8f-489f-aab8-8f0cfb82a604,1063,Merit Assay and Hallmark Unit II,"TPA20/96 G, Parapuram BuildingEast Fort Gate, Tripunithura, ERNAKULAM, TRIPUNITHURA, KERALA ,682301",KERALA,682301,TRIPUNITHURA,ERNAKULAM,HIGH,0.83,explicit DISTRICT/DISTT marker in address; city inferred from district-adjacent address token: TRIPUNITHURA,False
9b0b69f2-8c2d-4f68-b610-5eabe3286bb7,1064,Unnamulai Assaying Hallmarking Center,"72, CT.N.Sandhu, Karaikudi, SIVAGANGA, KARAIKUDI, TAMIL NADU ,630001",TAMIL NADU,630001,KARAIKUDI,SIVAGANGA,HIGH,0.83,explicit DISTRICT/DISTT marker in address; city inferred from district-adjacent address token: KARAIKUDI,False
41244ab0-bd37-45a9-8639-b6628f7b4a93,1068,QUALITY ASSAY & HALLMARKING CENTRE PRIVATE LIMITED,"No.60, 2nd Floor, Kannika Complex, Pavala StreetRaja Street Corner,Coimbatore, COIMBATORE, COIMBATORE, TAMIL NADU ,641001 OSC Address: 1st Floor,147 N Q, Sara Complex,Karumbukadai,Podanur Main Road, COIMBATORE, KARUMATHAMPATTI, TAMIL NADU, 641008",TAMIL NADU,641008,KARUMATHAMPATTI,COIMBATORE,HIGH,0.83,explicit DISTRICT/DISTT marker in address; city inferred from district-adjacent address token: KARUMATHAMPATTI,False
db1735c1-f452-400e-b492-db6809e7cfed,1069,Three Star Assay and Hallmarking Centre,"XX/596, Chungath Towers, South Junction, Chalakudy, THRISSUR, THRISSUR, KERALA ,680307",KERALA,680307,CHALAKUDY,THRISSUR,HIGH,0.83,explicit DISTRICT/DISTT marker in address; city inferred from district-adjacent address token: CHALAKUDY,False
0666d75b-1301-49ce-90fb-9fc251a38a0f,1071,Adheesh Assay and Hallmarking Center,"14/1648-A, Korambayil ArcadePandikkad Road, MALAPPURAM, MANJERI BAZAR, KERALA ,676121",KERALA,676121,1648 A,MALAPPURAM,HIGH,0.83,explicit DISTRICT/DISTT marker in address; city inferred from district-adjacent address token: 1648 A,False
86698e24-1b27-4274-aabd-217c65ef93d6,1075,SB HALLMARKING CENTRE,"271,272, Thalayatham Bazzar, VELLORE, GUDIYATTAM, TAMIL NADU ,632602",TAMIL NADU,632602,THALAYATHAM BAZZAR,VELLORE,HIGH,0.83,explicit DISTRICT/DISTT marker in address; city inferred from district-adjacent address token: THALAYATHAM BAZZAR,False
b56fc26e-851d-4ddc-b761-8e75a4460bec,1083,SreeKrishna Hallmarking Centre,"Building No XVII/678(II), Muthoot TowerAdoor, PATHANAMTHITTA, , KERALA ,691523",KERALA,691523,MUTHOOT TOWERADOOR,PATHANAMTHITTA,HIGH,0.83,explicit DISTRICT/DISTT marker in address; city inferred from district-adjacent address token: MUTHOOT TOWERADOOR,False
1ab3d5f3-1033-408f-a39f-822b3fb67acb,1086,QUALITY ASSAY & HALLMARKS LLP,"No.1,FOURTH FLOOR, SIVA BUILDINGSri KRISHNA NAIR STREET,T NAGAR,CHENNAI-600017, CHENNAI, CHENNAI G.P.O., TAMIL NADU ,600017 OSC Address: Ground Floor, 19/11, 2nd Main Road,C.I.T Nagar, CHENNAI, CHENNAI, TAMIL NADU, 600035",TAMIL NADU,600035,G P O,CHENNAI,HIGH,0.83,explicit DISTRICT/DISTT marker in address; city inferred from district-adjacent address token: G P O,False
77d70da1-8970-45ad-89cd-a927d697aff6,1097,KRISHNA HALLMARKING CENTRE,"No.14 Sirkali Main Road, Mayiladuthurai TalukMayiladuthurai District, NAGAPATTINAM, MAYILADUTHURAI, TAMIL NADU ,609001",TAMIL NADU,609001,TALUKMAYILADUTHURAI,NAGAPATTINAM,HIGH,0.83,explicit DISTRICT/DISTT marker in address; city inferred from district-adjacent address token: TALUKMAYILADUTHURAI,False
83f6fa94-d94c-4338-836f-9ab068515577,1129,JAYAM HALLMARKING CENTRE MVM,"No.53/2, New No.104, RMS Plaza, 1st Floor, ""B"",Mahadhana Street, Mayiladuthurai, NAGAPATTINAM, MAYILADUTHURAI, TAMIL NADU ,609001",TAMIL NADU,609001,B,MAYILADUTHURAI,HIGH,0.83,explicit DISTRICT/DISTT marker in address; city inferred from district-adjacent address token: B,False
7138e6d7-e871-48dd-a14a-2063153b89ed,1098,JAYAM HALLMARKING CENTRE KRK,"1nd and 2nd, No.28, French Teacher Street,Karaikal, KARAIKAL, KARAIKAL, PONDICHERY ,609602",Pondichery,609602,,,LOW,0.1,No valid district in address or pincode lookup,True
656d605f-ad24-4a73-b287-d0909977081f,1102,RATAN HALLMARKING CENTRE,"PLOT NO 193 196 197 198SIDCO INDUSTRIAL ESTATE SF 36-39 TIRUMUDIVAKKAM, KANCHIPURAM, CHENNAI AIRPORT, TAMIL NADU ,600044",TAMIL NADU,600044,,,LOW,0.1,No valid district in address or pincode lookup,True
bed59cd7-257e-4797-bbe7-51d50660a195,1104,CHENNAI CREATIVE HALLMARKING,"611&612,Kannammai Building7th floor,Thousand Lights Anna salai, CHENNAI, CHENNAI, TAMIL NADU ,600006",TAMIL NADU,600006,THOUSAND LIGHTS ANNA SALAI,CHENNAI,HIGH,0.83,explicit DISTRICT/DISTT marker in address; city inferred from district-adjacent address token: THOUSAND LIGHTS ANNA SALAI,False
67db5d37-baf6-42ce-9704-a8f2ea7a2fc7,1105,SRI SIDDHI VINAYAK HALLMARKS,"NO 69A-69B SKB TOWERSIst & II nd FLOOR,THIRU VI KA STREET,, VILUPPURAM, VILLUPURAM, TAMIL NADU ,605602",TAMIL NADU,605602,VILLUPURAM,VILUPPURAM,HIGH,0.83,explicit DISTRICT/DISTT marker in address; city inferred from district-adjacent address token: VILLUPURAM,False
b1a68bea-a4dd-482e-9f99-b9ea954c19b3,1107,Amritha Assay And Hallmarking Centre,"IV/3232A, Shivkripa Archade,Town Hall Road, Kunnamkulam,, THRISSUR, THRISSUR, KERALA ,680503",KERALA,680503,KUNNAMKULAM,THRISSUR,HIGH,0.83,explicit DISTRICT/DISTT marker in address; city inferred from district-adjacent address token: KUNNAMKULAM,False
ebf157aa-6d32-4b34-b169-02b04d11d9d8,1256,NEW BOMBAY ASSAY AND HALLMARKING CENTER,"First Floor, Door No VI/393/12, Al Salam Complex,Bhavana Theatre Road, Kunnamkulam, Thrissur, THRISSUR, KUNNAMKULAM, KERALA ,680503",KERALA,680503,KUNNAMKULAM,THRISSUR,HIGH,0.83,explicit DISTRICT/DISTT marker in address; city inferred from district-adjacent address token: KUNNAMKULAM,False
19129a38-40d7-4292-a817-f2632bf1970b,1108,NGM Assay & Hallmarking Centre,"EC Tower, Near Government Hospital,Thamarassery,, KOZHIKODE, CALICUT, KERALA ,673573",KERALA,673573,THAMARASSERY,KOZHIKODE,HIGH,0.83,explicit DISTRICT/DISTT marker in address; city inferred from district-adjacent address token: THAMARASSERY,False
cbbb2328-84be-4a4d-a9f1-ad69bcf649bb,1109,SRI RAGHAVENDRA HALLMARK CENTER,"1040A,PERIYAR NAGARLN PURAM, CUDDALORE, LAKSHMINARAYANAPURAM, TAMIL NADU ,607106",TAMIL NADU,607106,PERIYAR NAGARLN PURAM,CUDDALORE,HIGH,0.83,explicit DISTRICT/DISTT marker in address; city inferred from district-adjacent address token: PERIYAR NAGARLN PURAM,False
565e0e33-694b-4df2-950e-710bea52e72d,1114,JADAV HALLMARKING,"NO:16B, 2ND FLOOR RAJARATHINAM STREETKILPAUK,, CHENNAI, KILPAUK, TAMIL NADU ,600010",TAMIL NADU,600010,2ND FLOOR RAJARATHINAM STREETKILPAUK,CHENNAI,HIGH,0.83,explicit DISTRICT/DISTT marker in address; city inferred from district-adjacent address token: 2ND FLOOR RAJARATHINAM STREETKILPAUK,False
8e9c4171-8c61-49b9-ae92-07e871714f88,1120,Green Gem Testings India Private Limited UNIT III,"No.8,Pazhamathur,Uthiramerur main Road,Natarajapuram,Madurantakam Taluk,Bukkathurai, CHENGALPATTU, CHENGALPATTU, TAMIL NADU ,603308",TAMIL NADU,603308,,,LOW,0.1,No valid district in address or pincode lookup,True
9532caaa-9cc1-456e-83db-de24118b1a8f,1134,VETRI HALLMARK,"FIRST FLOOR, NO.25D, ELLAIYAMMAN KOIL SANNATHI STREET, VIJAYAPURAM, TIRUVARUR, TIRUVARUR, TAMIL NADU ,610001",TAMIL NADU,610001,,,LOW,0.1,No valid district in address or pincode lookup,True
a272e123-ce7b-4585-9534-fb69ae72c54d,1136,THANGAM HALLMARKING & ASSAYING CENTRE,"NO.28/1, AVUDAIYAR KOVILROAD, ARANTHANGI, PUDUKKOTTAI, ARANTANGI, TAMIL NADU ,614616",TAMIL NADU,614616,ARANTHANGI,PUDUKKOTTAI,HIGH,0.83,explicit DISTRICT/DISTT marker in address; city inferred from district-adjacent address token: ARANTHANGI,False
a5c0d90d-b4e4-4b5f-9744-095e64df307a,1137,SRI HALLMARK CENTRE,"NO.99 - 1, HOSPITAL STREET,THIRUTHURAIPOONDI,, TIRUVARUR, TIRUTURAIPUNDI, TAMIL NADU ,614713",TAMIL NADU,614713,,,LOW,0.1,No valid district in address or pincode lookup,True
311a70c3-d885-4155-ab69-a00fc8f93f40,1138,ROYAL HALLMARK CENTER,"No.9A, Saragapani Kela Vethi, Kumbakonam,, THANJAVUR, KUMBAKONAM, TAMIL NADU ,612001",TAMIL NADU,612001,,,LOW,0.1,No valid district in address or pincode lookup,True
9b7965a1-f4af-4208-bd57-78d19a74e796,1139,VETRI HALLMARKING CENTRE,"FIRST FLOOR, OLD.NO.102,NEW.NO.24,T.S.NO.948, SARA, THANJAVUR, KUMBAKONAM, TAMIL NADU ,612001",TAMIL NADU,612001,,,LOW,0.1,No valid district in address or pincode lookup,True
216ec18c-59c1-4037-937d-6e0de79a9759,1142,SANKARAGOMATHI HALL MARK CENTER,"No.12, Sankar Nagar,1st Street, Sankarankoil, Tenkasi, TENKASI, TENKASI, TAMIL NADU ,627756",TAMIL NADU,627756,,,LOW,0.1,No valid district in address or pincode lookup,True
2d3c3bd3-8826-4766-a299-8d392837c2a9,1143,SRI MATHURA HALLMARKING,"50-A/2, SOUTH SAMBANTHA MOORTHY STREETTHOOTHUKUDI, THOOTHUKUDI, TUTICORIN, TAMIL NADU ,628002",TAMIL NADU,628002,THOOTHUKUDI,TUTICORIN,HIGH,0.83,explicit DISTRICT/DISTT marker in address; city inferred from district-adjacent address token: THOOTHUKUDI,False
51cdb6f5-360a-45a5-8464-a6eb20b05c57,1147,SHRI SAROCHELL HALLMARKING PRIVATE LIMITED,"PALAYAMKOTTAI ROAD,MEENAKSHIPURAM, THOOTHUKUDI, MELUR TUTICORIN, TAMIL NADU ,628002",TAMIL NADU,628002,,,LOW,0.1,No valid district in address or pincode lookup,True
6785f78b-5985-4108-8de0-24b0c11ae713,1146,JAYAM HALLMARKING CENTRE,"1ST FLOOR C, OLD NO.3, NEW NO.5,SUNNAMBUKAARA STREET,BIG BAZAAR ROAD,, TIRUCHIRAPPALLI, TIRUCHIRAPPALLI, TAMIL NADU ,620008",TAMIL NADU,620008,1ST FLOOR C,TIRUCHIRAPPALLI,HIGH,0.83,explicit DISTRICT/DISTT marker in address; city inferred from district-adjacent address token: 1ST FLOOR C,False
9b18a7d2-9fe0-4663-a915-1590f67322d5,1154,SANGAM HALLMARKING CENTRE,"No.136, First floor, Periya Kadai Veethi, TIRUCHIRAPPALLI, TIRUCHIRAPPALLI TOWNHALL, TAMIL NADU ,620008",TAMIL NADU,620008,PERIYA KADAI VEETHI,TIRUCHIRAPPALLI,HIGH,0.83,explicit DISTRICT/DISTT marker in address; city inferred from district-adjacent address token: PERIYA KADAI VEETHI,False
23198ef8-958b-44bc-80bd-d1d52f7ab3e7,1155,KKS HALLMARKING CENTER,"1 ST FLOOR3, 34 BIG CHETTY STREETBIG BAZAAR, TIRUCHIRAPPALLI, TIRUCHIRAPPALLI, TAMIL NADU ,620008",TAMIL NADU,620008,34 BIG CHETTY STREETBIG BAZAAR,TIRUCHIRAPPALLI,HIGH,0.83,explicit DISTRICT/DISTT marker in address; city inferred from district-adjacent address token: 34 BIG CHETTY STREETBIG BAZAAR,False
3dfed0ee-a1c8-419e-aa6f-696c70410a61,1161,SRI ASSAYING & HALLMARK CENTER,"GROUND FLOOR, 97A, WHITE BETAL STREET, BIG BAZAAR,TIRUCHIRAPPALLI, TAMILNADU, 620008, TIRUCHIRAPPALLI, TIRUCHIRAPPALLI, TAMIL NADU ,620008",TAMIL NADU,620008,BIG BAZAAR,TIRUCHIRAPPALLI,HIGH,0.83,explicit DISTRICT/DISTT marker in address; city inferred from district-adjacent address token: BIG BAZAAR,False
e1d4d33f-7126-400a-9d3b-ba2d0706201a,1167,J AND J ASSAYING UNIT,"No.87A,SUNNAMBUKARA STREET,BIG BAZAAR, TIRUCHIRAPPALLI, TIRUCHIRAPPALLI, TAMIL NADU ,620008",TAMIL NADU,620008,BIG BAZAAR,TIRUCHIRAPPALLI,HIGH,0.83,explicit DISTRICT/DISTT marker in address; city inferred from district-adjacent address token: BIG BAZAAR,False
027cd2a0-1dea-4599-81a8-39a50cad6ef8,1150,Prakidi Assay & Hallmark Centre,"199/25, 1st Floor, MPM ComplexSwami Vivekanandar Salai, RAMANATHAPURAM, RAMANATHAPURAM BAZAAR, TAMIL NADU ,623501",TAMIL NADU,623501,MPM COMPLEXSWAMI VIVEKANANDAR SALAI,RAMANATHAPURAM,HIGH,0.83,explicit DISTRICT/DISTT marker in address; city inferred from district-adjacent address token: MPM COMPLEXSWAMI VIVEKANANDAR SALAI,False
488ed806-f323-448b-bc18-9d0bd559bacc,1162,Acharyaa Assying & Hallmarking,"NO.52,R.N.SENTHILKUMAR NAGAI MALIGAL BUILDING, RAMANATHAPURAM, RAMANATHAPURAM BAZAAR, TAMIL NADU ,623501",TAMIL NADU,623501,R N SENTHILKUMAR NAGAI MALIGAL BUILDING,RAMANATHAPURAM,HIGH,0.83,explicit DISTRICT/DISTT marker in address; city inferred from district-adjacent address token: R N SENTHILKUMAR NAGAI MALIGAL BUILDING,False
706e202f-324a-4823-aea3-38c846346395,1168,SRI GANESH HALLMARKING CENTREE,"270/2, ANNAL GANDHI ADIGAL SAALAI, RAMANATHAPURAM, RAMANATHAPURAM, TAMIL NADU ,623501",TAMIL NADU,623501,ANNAL GANDHI ADIGAL SAALAI,RAMANATHAPURAM,HIGH,0.83,explicit DISTRICT/DISTT marker in address; city inferred from district-adjacent address token: ANNAL GANDHI ADIGAL SAALAI,False
c0b9f08b-5c09-41e4-8d90-c244314b469a,1151,SRI BHUVANESVARI GOLD TESTING AND HALLMARK CENTRE,"FIRST FLOOR, T.S.No.2630EAST MAIN STREET, PUDUKKOTTAI- 622001, PUDUKKOTTAI, PUDUKKOTTAI, TAMIL NADU ,622001",TAMIL NADU,622001,FIRST FLOOR,PUDUKKOTTAI,HIGH,0.83,explicit DISTRICT/DISTT marker in address; city inferred from district-adjacent address token: FIRST FLOOR,False
22378a18-03bc-4073-9ffe-2dc898d6e6d9,1152,SARAS HALLMARK CENTER OPC PRIVATE LIMITED,"4/35B/4, T.R.SONS, AYNIVILAI, POONALUMOODU, KARUNGAL, KANYAKUMARI, KARINKAL, TAMIL NADU ,629157",TAMIL NADU,629157,,,LOW,0.1,No valid district in address or pincode lookup,True
076dfcb1-9bba-4b50-85cf-b5d5454315bc,1156,Chakra Hallmarking Centre,"No.1, Sundara Street, Pettai, Kadayanallur., TENKASI, TENKASI, TAMIL NADU ,627751",TAMIL NADU,627751,,,LOW,0.1,No valid district in address or pincode lookup,True
58e3df08-f312-430c-b855-ca8f4d9e21c7,1160,KKS HALLMARKINGS,"FIRST FLOOR, 47, CHINNAKADAI STREET, OPP ROCKFORTTIRUCHIRAPPALLI, TIRUCHIRAPPALLI, TIRUCHIRAPPALLI, TAMIL NADU ,620002",TAMIL NADU,620002,ROCKFORT,TIRUCHIRAPPALLI,HIGH,0.83,explicit DISTRICT/DISTT marker in address; city inferred from district-adjacent address token: ROCKFORT,False
6de09aa8-f961-4256-b76f-7ac6425ba5bc,1166,Shree Ganapathi Hallmarking,"FIRSTFLOOR,10/FF/4,JASVINPLAZA,CHINNAKADAISTREET,Tiruchirappalli,Tiruchirappalli,Tamil Nad FIRSTFLOOR,10/FF/4,JASVINPLAZA,CHINNAKADAISTREET,Tiruchirappalli,Tiruchirappalli,Tamil Nad, TIRUCHIRAPPALLI, TIRUCHIRAPPALLI, TAMIL NADU ,620002",TAMIL NADU,620002,CHINNAKADAISTREET,TIRUCHIRAPPALLI,HIGH,0.83,explicit DISTRICT/DISTT marker in address; city inferred from district-adjacent address token: CHINNAKADAISTREET,False
f9748bbe-b17c-4b7a-9ac9-57ed5280a65d,1163,ESHA HALLMARK CENTRE,"1 ST FLOOR ,51-AMADURAI MAIN ROAD THENI, THENI, THENI, TAMIL NADU ,625531",TAMIL NADU,625531,,,LOW,0.1,No valid district in address or pincode lookup,True
7070ad72-f1d7-40bf-8563-2d27ea9a34e4,1169,RAM SRI ASSAYING & HALLMARKING CENTER,"452E/17,452E/18 ,SRIMATHI AAUDAI AMMAL COMPLEXHIGHWAY ROAD, THISAIYANVILAI, TIRUNELVELI, TISAYANVILLAI, TAMIL NADU ,627657",TAMIL NADU,627657,THISAIYANVILAI,TIRUNELVELI,HIGH,0.83,explicit DISTRICT/DISTT marker in address; city inferred from district-adjacent address token: THISAIYANVILAI,False
15482a0a-d65e-4fc9-89f0-2e9ac758074d,1170,RAM SRI ASSAYING & HALLMARKING CENTER,"452E/17,452E/18 ,SRIMATHI AAUDAI AMMAL COMPLEXHIGHWAY ROAD, THISAIYANVILAI, TIRUNELVELI, TISAYANVILLAI, TAMIL NADU ,627657 OSC Address: 388/267 P&Q East Bazaar, Thisaiyanvilai Road,Udangudi Thoothukudi, THOOTHUKUDI, UDANGUDI CHRISTIANAGARAM, TAMIL NADU, 628203",TAMIL NADU,628203,THISAIYANVILAI,TIRUNELVELI,HIGH,0.83,explicit DISTRICT/DISTT marker in address; city inferred from district-adjacent address token: THISAIYANVILAI,False
54b089ee-5b91-49ae-9ff7-f90519dc858c,1174,SRI BALAJI ASSAYING AND HALLMARK,"285 - N VENKATESHWARA COMPLEX BANGALUR ROAD285 - N VENKATESHWARA COMPLEX BANGALUR ROAD, KRISHNAGIRI, KRISHNAGIRI, TAMIL NADU ,635001",TAMIL NADU,635001,,KRISHNAGIRI,MEDIUM,0.55,explicit DISTRICT/DISTT marker in address,True
af078564-5bc3-4d79-b87a-d55af573498f,1188,RAJKALA HALLMARKING CENTER AND ASSAY,"No. 24,Subramaniyasamy Kovil StreetDharmaraja Kovil Road,, KRISHNAGIRI, KRISHNAGIRI, TAMIL NADU ,635001",TAMIL NADU,635001,,KRISHNAGIRI,MEDIUM,0.55,explicit DISTRICT/DISTT marker in address,True
81199b73-1220-4850-93ac-0ed637d11382,1175,Saai Krishna Hallmarking,"150/9 , PLOT NO 15, 4TH CROSS NTR NAGARESI RING ROAD,MOOKONDAPALLI,HOSUR, KRISHNAGIRI, HOSUR EAST, TAMIL NADU ,635126",TAMIL NADU,635126,HOSUR,KRISHNAGIRI,HIGH,0.83,explicit DISTRICT/DISTT marker in address; city inferred from district-adjacent address token: HOSUR,False
a6659078-aeeb-48f1-9c77-723ac09690b0,1178,BOMBAY ASSAY COMPANY,"First Floor, Plot No. 42/A4, 5th CrossSipcot Industrial Complex, Phase -1, Mookandapalli, KRISHNAGIRI, HOSUR INDL. COMPLEX, TAMIL NADU ,635126",TAMIL NADU,635126,MOOKANDAPALLI,KRISHNAGIRI,HIGH,0.83,explicit DISTRICT/DISTT marker in address; city inferred from district-adjacent address token: MOOKANDAPALLI,False
41c5236d-58b2-4b94-9ff9-4e712ce45ed6,1181,NUCLEUS ANALYTICAL LABORATORY,"PLOT NO 27 SIPCOT INDUSTRIAL COMPLEXHOSUR, KRISHNAGIRI, HOSUR INDL. COMPLEX, TAMIL NADU ,635126",TAMIL NADU,635126,HOSUR INDL COMPLEX,KRISHNAGIRI,HIGH,0.83,explicit DISTRICT/DISTT marker in address; city inferred from district-adjacent address token: HOSUR INDL COMPLEX,False
2be72503-6d66-47cf-a684-152e1b039ee2,1176,KARPAGAM HALLMARK CENTRE,"321-5, OMALUR MAIN ROAD,, SALEM, SALEM, TAMIL NADU ,636009",TAMIL NADU,636009,321 5,SALEM,HIGH,0.83,explicit DISTRICT/DISTT marker in address; city inferred from district-adjacent address token: 321 5,False
1a43e155-2577-4bb0-bccb-1d8902e2eafb,1179,PASUPATHEESWARAR HALLMARK CENTRE,"FIRST FLOOR,207-A , G H ROAD ,JAWAHAR BAZZAR,KARUR, KARUR, KARUR, TAMIL NADU ,639001",TAMIL NADU,639001,JAWAHAR BAZZAR,KARUR,HIGH,0.83,explicit DISTRICT/DISTT marker in address; city inferred from district-adjacent address token: JAWAHAR BAZZAR,False
4131ec30-62b5-4387-b458-db38fcd0f72b,1184,SRI PALANI MURUGAN HALLMARKING CENTRE,"SUN&COW BRAND AGMARK GHEE,OLD NO.878,NEW NO.352JAWAHAR BAZAR, KARUR, KARUR, TAMIL NADU ,639001",TAMIL NADU,639001,SUN&COW BRAND AGMARK GHEE,KARUR,HIGH,0.83,explicit DISTRICT/DISTT marker in address; city inferred from district-adjacent address token: SUN&COW BRAND AGMARK GHEE,False
076a2442-24f2-4f94-b48d-7396589908fe,1183,AURIC ASSAY CENTRE PRIVATE LIMITED,"3RD FLOOR, 18/1/A, VALASA STREET,OFFICERS LINE, OPPOSITE TO MUMMY HOSPITAL,, VELLORE, VELLORE, TAMIL NADU ,632001",TAMIL NADU,632001,TO MUMMY HOSPITAL,VELLORE,HIGH,0.83,explicit DISTRICT/DISTT marker in address; city inferred from district-adjacent address token: TO MUMMY HOSPITAL,False
47839fad-796f-4095-a3da-244299bfb3a6,1185,KALA Salem Silver Hallmarking Centre,"49/8, ACHI RAMAN STREET, SHEVAPETSALEM, SALEM, SHEVAPET BAZAAR, TAMIL NADU ,636002",TAMIL NADU,636002,SHEVAPET,SALEM,HIGH,0.83,explicit DISTRICT/DISTT marker in address; city inferred from district-adjacent address token: SHEVAPET,False
0c65d316-f940-4378-a82e-69508229318f,1189,SHREE VIJAY HALLMARK CENTRE,"FIRST FLOOR, 214-B, OPP: DR. SUDHAKAR ENT CLINIC, SRI ARDHANARI NAGAR,NEAR NEW BUS STAND, SALEM, SALEM, SALEM, TAMIL NADU ,636004",TAMIL NADU,636004,NEW BUS STAND,SALEM,HIGH,0.83,explicit DISTRICT/DISTT marker in address; city inferred from district-adjacent address token: NEW BUS STAND,False
300d1ec5-a3c2-4b5f-9b4e-e458395418fd,1190,SRR Hallmarking & Assaying Centre,"NO.27/5, Thanikachalam StreetArnipalayam, Arni, TIRUVANNAMALAI, ARNI, TAMIL NADU ,632301",TAMIL NADU,632301,,,LOW,0.1,No valid district in address or pincode lookup,True
c84bdb7c-592b-4c97-b772-a96779f7c4f0,1191,SRR Hallmarking & Assaying Centre,"NO.27/5, Thanikachalam StreetArnipalayam, Arni, TIRUVANNAMALAI, ARNI, TAMIL NADU ,632301 OSC Address: No.375/190,Main Bazaar Road, VELLORE, VELLORE, TAMIL NADU, 632004",TAMIL NADU,632004,ARNI,VELLORE,HIGH,0.83,explicit DISTRICT/DISTT marker in address; city inferred from district-adjacent address token: ARNI,False
4da5f040-202f-44dd-bb3a-8045feba44db,1192,PARIYUR AMMAN HALLMARK CENTRE,"98/A, FIRST FLOOR , GDS NEST ,CUTCHERRY STREET,GOBICHETTIPALAYAM, ERODE, GOBICHETTIPALAYAM, TAMIL NADU ,638452",TAMIL NADU,638452,GOBICHETTIPALAYAM,ERODE,HIGH,0.83,explicit DISTRICT/DISTT marker in address; city inferred from district-adjacent address token: GOBICHETTIPALAYAM,False
c64cac83-9896-4616-a738-9a69ba7eec6a,1193,SHRI OM HALLMARK CENTRE,"86, P R SRINIVASAN STREET, DHARMAPURI,, DHARMAPURI, DHARMAPURI, TAMIL NADU ,636701",TAMIL NADU,636701,,DHARMAPURI,MEDIUM,0.55,explicit DISTRICT/DISTT marker in address,True
54666c0f-7f86-4dca-acf7-55dac59c5a7c,1194,Green Gem Testings India Private Limited Unit II,"No.300,Rackipalayam Pirivu,NSN Palayam,CBE-31No.300,Rackipalayam Pirivu,NSN Palayam,CBE-31, COIMBATORE, COIMBATORE, TAMIL NADU ,641031",TAMIL NADU,641031,CBE 31,COIMBATORE,HIGH,0.83,explicit DISTRICT/DISTT marker in address; city inferred from district-adjacent address token: CBE 31,False
e203e246-43c9-48e3-8ba6-6a1df5b2dd03,1200,PURE ATHIRA ASSAY AND HALLMARKING CENTRE,"#165, 9th cross cutt road , gandhipuram, COIMBATORE, GANDHIPURAM (COIMBATORE), TAMIL NADU ,641012",TAMIL NADU,641012,GANDHIPURAM,COIMBATORE,HIGH,0.83,explicit DISTRICT/DISTT marker in address; city inferred from district-adjacent address token: GANDHIPURAM,False
6fd86e94-0a26-4fc4-a5f6-542f58bda588,1203,VLN ASSAY & HALLMARKING PRIVATE LIMITED,"4th FLOOR, NO. 110, FLAT NO. F2, SADASIVAM TOWERSMECRIKKAR ROAD, COIMBATORE, RATHINASABAPATHY PURAM, TAMIL NADU ,641002",TAMIL NADU,641002,RATHINASABAPATHY PURAM,COIMBATORE,HIGH,0.83,explicit DISTRICT/DISTT marker in address; city inferred from district-adjacent address token: RATHINASABAPATHY PURAM,False
44159a18-5350-4b5d-b23a-49cd30a0c059,1219,RITHUL HALLMARKING CENTRE,"FIRST FLOOR, 30/1,SRI SRI PLAZA,PALLADAM ROAD,MARIYAMMAL LAYOUT,POLACHI,COIMBATORE,TAMILNADU, COIMBATORE, POLLACHI, TAMIL NADU ,642002",TAMIL NADU,642002,POLACHI,COIMBATORE,HIGH,0.83,explicit DISTRICT/DISTT marker in address; city inferred from district-adjacent address token: POLACHI,False
058e8465-b344-4afa-b070-51bafc9a3cbe,1221,Eranad Hallmarking Centre Pvt Ltd,"3/311, Second Floor, Gold TowerKottakkal, MALAPPURAM, KOTTAKKAL, KERALA ,676503",KERALA,676503,GOLD TOWERKOTTAKKAL,MALAPPURAM,HIGH,0.83,explicit DISTRICT/DISTT marker in address; city inferred from district-adjacent address token: GOLD TOWERKOTTAKKAL,False
699c5abd-b087-4971-8036-2fea7736dbd1,1224,NEW KOTTAKKAL ASSAY AND HALLMARKING,"1/719, Amariyil Complex, Main Road, KottakkalMalappuram, Kerala, 676503, MALAPPURAM, KOTTAKKAL, KERALA ,676503",KERALA,676503,KOTTAKKAL,MALAPPURAM,HIGH,0.83,explicit DISTRICT/DISTT marker in address; city inferred from district-adjacent address token: KOTTAKKAL,False
089f7409-1170-44fa-91b5-037f552a6c3d,1222,VALLUVANAD ASSAY AND HALLMARKING LLP,"Room No.18/352 45Classic Tower, Calicut Road, Perinthalmanna,, MALAPPURAM, PERINTALMANNA, KERALA ,679322",KERALA,679322,PERINTHALMANNA,MALAPPURAM,HIGH,0.83,explicit DISTRICT/DISTT marker in address; city inferred from district-adjacent address token: PERINTHALMANNA,False
18d413e2-641c-4ee3-b7be-b2555f7dd3f2,1225,PRISM ASSAY AND HALLMARKING CENTRE,"Second Floor, Door No. 41/2039, 41/2040,41/2041,41/2042, Pee Vee Tower, T B Road, Palakkad, PALAKKAD, PALAKKAD CITY, KERALA ,678014",KERALA,678014,SECOND FLOOR,PALAKKAD,HIGH,0.83,explicit DISTRICT/DISTT marker in address; city inferred from district-adjacent address token: SECOND FLOOR,False
9069bc37-0f14-45a4-83a6-c9a31a42ad71,1228,VISION ASSAYING & HALLMARKING CENTRE,"41/1743-2, 1st FloorNear Malayala Manorama Office, T. B Road, PALAKKAD, PALAKKAD CITY, KERALA ,678014",KERALA,678014,1ST FLOORNEAR MALAYALA MANORAMA OFFICE,PALAKKAD,HIGH,0.83,explicit DISTRICT/DISTT marker in address; city inferred from district-adjacent address token: 1ST FLOORNEAR MALAYALA MANORAMA OFFICE,False
b48fb4f9-70ed-4219-a1f9-f77d27e86de3,1229,GRAND HALL MARKING CENTRE LLP,"Door No 37/1699 G, AAK Tower, Thazhepalam, Tirur,Malappuram, MALAPPURAM, TIRUR(KERALA), KERALA ,676101",KERALA,676101,TIRUR,MALAPPURAM,HIGH,0.83,explicit DISTRICT/DISTT marker in address; city inferred from district-adjacent address token: TIRUR,False
50eddabe-45c1-4a4f-9a68-51ea67a39623,1231,GREAT ASSAY AND HALLMARKING CENTER,"31/695, 696, K H TOWER STAND ROAD,NILAMBUR, MALAPPURAM, KERALA, MALAPPURAM, NILAMBUR, KERALA ,679329",KERALA,679329,NILAMBUR,MALAPPURAM,HIGH,0.83,explicit DISTRICT/DISTT marker in address; city inferred from district-adjacent address token: NILAMBUR,False
1075544e-1014-4eb3-b1a9-83d7865c6f84,1232,Kohinoor Assying and Hallmarking Centre,"VP-9/736-A,Vengara postMAIN ROAD VENGARA, MALAPPURAM, VENGARA MLP, KERALA ,676304",KERALA,676304,VENGARA MLP,MALAPPURAM,HIGH,0.83,explicit DISTRICT/DISTT marker in address; city inferred from district-adjacent address token: VENGARA MLP,False
4213204e-fbc1-45ad-b96b-774e390726b1,1233,Thalassery Assay and Hallmarking Centre,"45/3699, 45/3701, 45/3703, 45/3705, 45/3707First Floor, B Block, Pilakkandy Arcade, KANNUR, THALASSERY, KERALA ,670101",KERALA,670101,PILAKKANDY ARCADE,KANNUR,HIGH,0.83,explicit DISTRICT/DISTT marker in address; city inferred from district-adjacent address token: PILAKKANDY ARCADE,False
95866725-454e-42c1-9b89-16775e7df72a,1235,QUALITY ASSAY & HALLMARKING CENTRE PRIVATE LIMITED,"9/1C,First Floor,KINFRA Industrial Park,Calicut University,Kakkanchery,Malappuram, MALAPPURAM, CHELEMBRA, KERALA ,673635",KERALA,673635,KAKKANCHERY,MALAPPURAM,HIGH,0.83,explicit DISTRICT/DISTT marker in address; city inferred from district-adjacent address token: KAKKANCHERY,False
927fa82d-7c2b-42fa-9677-5e70bb45921d,1237,BOMBAY ASSAY AND HALLMARKING CENTRE,"SECOND FLOOR,20/59 A13,SREE GOKULAM TOWER,QUEENS ROAD ,VADAKARA, KOZHIKODE, VADAKARA, KERALA ,673101",KERALA,673101,VADAKARA,KOZHIKODE,HIGH,0.83,explicit DISTRICT/DISTT marker in address; city inferred from district-adjacent address token: VADAKARA,False
00ba9697-7752-4cd5-8ca4-25cecba75d7c,1238,L J ASSAYING AND HALL MARKING CENTRE,"IV/1284-1, Kavalam Building, Main Central Road,Kavalam Nagar, Changanacherry, Kottayam,, KOTTAYAM, CHANGANACHERRY, KERALA ,686101",KERALA,686101,CHANGANACHERRY,KOTTAYAM,HIGH,0.83,explicit DISTRICT/DISTT marker in address; city inferred from district-adjacent address token: CHANGANACHERRY,False
5543f29f-ce07-4867-b8cc-da368175e80e,1240,SBR Assaying and Hallmarking Centre,"Door No 2/91, J M Building, PerumpadannaNorth Paravur, ERNAKULAM, PARAVUR (ERNAKULAM), KERALA ,683513",KERALA,683513,PERUMPADANNANORTH PARAVUR,ERNAKULAM,HIGH,0.83,explicit DISTRICT/DISTT marker in address; city inferred from district-adjacent address token: PERUMPADANNANORTH PARAVUR,False
f5b227af-a838-4e41-bc47-e1fe48ae2ecb,1246,Crown Assay & Hallmarking Centre,"39/651/A, Global Crest BuildingOpp. Nexa Showroom, Kokkalai - Thrissur, THRISSUR, THRISSUR, KERALA ,680021",KERALA,680021,KOKKALAI,THRISSUR,HIGH,0.83,explicit DISTRICT/DISTT marker in address; city inferred from district-adjacent address token: KOKKALAI,False
dc24474f-e2e2-4437-b0f9-f6ffbb307b7a,1257,EMIRATES ASSAY AND HALLMARK,"39/1245-1 , THIRD FLOOR , DEEPEE PLAZATB ROAD , KOKKALAI, THRISSUR, THRISSUR CITY, KERALA ,680021",KERALA,680021,KOKKALAI,THRISSUR,HIGH,0.83,explicit DISTRICT/DISTT marker in address; city inferred from district-adjacent address token: KOKKALAI,False
8467f17d-8c8c-4860-8a91-e0d757d59a46,1248,Jai Krishna Assay and Hallmarking Centre,"2ND FLOOR, 14/2091 ALLEPPEY ARCADEAVJ JUNCTION, MULLACKAL, ALAPPUZHA, ALAPPUZHA MULLACKAL, KERALA ,688011",KERALA,688011,MULLACKAL,ALAPPUZHA,HIGH,0.83,explicit DISTRICT/DISTT marker in address; city inferred from district-adjacent address token: MULLACKAL,False
c7e959f6-5819-4e8c-9f28-6db87dd2dcc0,1253,Pure Athira Assay Hallmarking Centre,"NO:38/977,2nd floor Global TowerVANCHIKULAM ROAD, PO POOTHOLE, THRISSUR, THRISSUR, KERALA ,680004",KERALA,680004,PO POOTHOLE,THRISSUR,HIGH,0.83,explicit DISTRICT/DISTT marker in address; city inferred from district-adjacent address token: PO POOTHOLE,False
4e93f4b9-a9e2-45e0-881b-be9b8a2d5fb3,1260,Sri Maruti Hallmarking Centre,"XX / 843, 844, Vadakkel Building1st Floor, New Bazar, Pala, KOTTAYAM, PALA TOWN, KERALA ,686575",KERALA,686575,PALA,KOTTAYAM,HIGH,0.83,explicit DISTRICT/DISTT marker in address; city inferred from district-adjacent address token: PALA,False
1e18c059-45d4-442a-9617-5813f9e961ad,1261,Icon Assay and Hallmarking Centre,"No XXX/564 U1, Maliyil BuildingMuvatuppuzha Road, Opp Vimalagiri School, ERNAKULAM, KOTHAMANGALAM (ERNAKULAM), KERALA ,686691",KERALA,686691,VIMALAGIRI SCHOOL,ERNAKULAM,HIGH,0.83,explicit DISTRICT/DISTT marker in address; city inferred from district-adjacent address token: VIMALAGIRI SCHOOL,False
875fc21c-ddae-4246-a54f-43c1d9691015,1262,Icon Assay and Hallmarking Centre,"No XXX/564 U1, Maliyil BuildingMuvatuppuzha Road, Opp Vimalagiri School, ERNAKULAM, KOTHAMANGALAM (ERNAKULAM), KERALA ,686691 OSC Address: 23-1069/B1, KKP Building,Market Road, IDUKKI, THODUPUZHA, KERALA, 685584",KERALA,685584,VIMALAGIRI SCHOOL,ERNAKULAM,HIGH,0.83,explicit DISTRICT/DISTT marker in address; city inferred from district-adjacent address token: VIMALAGIRI SCHOOL,False
16e9b699-e476-473e-9412-32e48b654749,1266,SUN ASSAY AND HALLMARKING CENTRE,"30/157/4CHIRYINKEEZHU, AVENAVENCHERRY,ATTINGAL, EDAKKODE, THIRUVANANTHAPURAM, ATTINGAL, KERALA ,695101",KERALA,695101,EDAKKODE,THIRUVANANTHAPURAM,HIGH,0.83,explicit DISTRICT/DISTT marker in address; city inferred from district-adjacent address token: EDAKKODE,False
c27ed619-be9c-4f75-8650-41e687698d2c,1267,KANAKA ASSAY AND HALLMARKING CENTRE,"First Floor, 19/658/E, Rudra Building,Chettikulangara, Mavelikkara, Alappuzha, ALAPPUZHA, CHETTIKULANGARA, KERALA ,690106",KERALA,690106,MAVELIKKARA,ALAPPUZHA,HIGH,0.83,explicit DISTRICT/DISTT marker in address; city inferred from district-adjacent address token: MAVELIKKARA,False
5e9c7b55-d7e8-419a-8e36-9a1eba9a19b9,1268,venadassayandhallmarking,"TC 71/601-10, MARAKADA ROAD CHALAI,THIRUVANANTHAPU, THIRUVANANTHAPURAM, THIRUVANANTHAPURAM CHALAI, KERALA ,695036",KERALA,695036,THIRUVANANTHAPU,THIRUVANANTHAPURAM,HIGH,0.83,explicit DISTRICT/DISTT marker in address; city inferred from district-adjacent address token: THIRUVANANTHAPU,False
27300a8a-fdac-4779-97f1-b6a28a5bb5e3,1270,ANANTHAPURI HALLMARKS,"Second Floor, TC 28/2736/9, Nandanam Towers,Dhanya-Remya Road, Kunnumpuram,Thiruvananthapuram, THIRUVANANTHAPURAM, VANCHIYOOR JUNCTION, KERALA ,695035",KERALA,695035,KUNNUMPURAM,THIRUVANANTHAPURAM,HIGH,0.83,explicit DISTRICT/DISTT marker in address; city inferred from district-adjacent address token: KUNNUMPURAM,False
fe642343-bdd5-41dc-87ae-095c19264606,1271,PB ASSAYING AND HALLMARKING CENTRE,"Bhawasarwara Street, DUNGAPUR, DUNGARPUR, RAJASTHAN ,314001",RAJASTHAN,314001,DUNGAPUR,DUNGARPUR,HIGH,0.83,explicit DISTRICT/DISTT marker in address; city inferred from district-adjacent address token: DUNGAPUR,False
1aa2a5b9-58b4-489a-ae47-e7504b6264aa,1272,M B HALLMARK CENTRE,"FIRST FLOOR,RF 11,12,13,RATAN COMPLEX,OPP.SANCHWATVATIKA,KHASRA NO 4906,SAGWARA,DUNGARPUR,RAJASTHAN, DUNGAPUR, SAGWARA, RAJASTHAN ,314025",RAJASTHAN,314025,SAGWARA,DUNGARPUR,HIGH,0.83,explicit DISTRICT/DISTT marker in address; city inferred from district-adjacent address token: SAGWARA,False
73780ea1-8cf5-46ad-85eb-7f817077c62e,1273,C AND B HALLMARK CENTER,"Plot H1-36, RIICO INDUSTRIAL AREA, BHINMALJALORE, RAJASTHAN-343029, JALORE, BHINMAL, RAJASTHAN ,343029",RAJASTHAN,343029,BHINMAL,JALORE,HIGH,0.83,explicit DISTRICT/DISTT marker in address; city inferred from district-adjacent address token: BHINMAL,False
089d6c6e-3805-41c7-9f09-3c590a947766,1276,Aum Hallmarking Centre,"BLOCK NO 16, CHHAYA BAZAR, RANGMAHEL,OPP. VITHILESH CHAMBER, JUNAGADH, JUNAGADH, JUNAGADH, GUJARAT ,362001",GUJARAT,362001,VITHILESH CHAMBER,JUNAGADH,HIGH,0.83,explicit DISTRICT/DISTT marker in address; city inferred from district-adjacent address token: VITHILESH CHAMBER,False
e526b542-0034-4800-833d-3f3a54f2c6e0,1296,VAB ASSAYING HALLMARKING CENTRE,"CITY SURVEY NO 124 BLOCK NO 16 VAB ASSAYINGHALLMARKING CENTRE OPP HAVEL0 STREET Chhaya Bazar, JUNAGADH, JUNAGADH BHAVNATH, GUJARAT ,362001",GUJARAT,362001,BHAVNATH,JUNAGADH,HIGH,0.83,explicit DISTRICT/DISTT marker in address; city inferred from district-adjacent address token: BHAVNATH,False
1d887091-6ba3-40cf-b2c0-44a2822547e2,1309,SHREE HALLMARK CENTRE,"CITY SURVERY NO 306, CITY SURVEY BLOCK NO 9,DELI FADIYA, CHHAYA BAZAR, JUNAGADH, JUNAGADH, JUNAGADH, GUJARAT ,362001",GUJARAT,362001,DELI FADIYA,JUNAGADH,HIGH,0.83,explicit DISTRICT/DISTT marker in address; city inferred from district-adjacent address token: DELI FADIYA,False
312d780c-8eb3-4756-982c-6e99e69fa3e0,1277,MARUTI HALLMARKING CENTRE,"VIVIK SWAMI VIVEKANAND TRUST ,AMLANI COMPLEX,SHOP NO 111, OPP KIRTIMANDIR POLICE STATION, PORBANDAR, PORBANDAR, GUJARAT ,360575",GUJARAT,360575,KIRTIMANDIR POLICE STATION,PORBANDAR,HIGH,0.83,explicit DISTRICT/DISTT marker in address; city inferred from district-adjacent address token: KIRTIMANDIR POLICE STATION,False
55d1db64-c4c6-4b65-a323-c11c55807a3e,1278,TULJA BHAVANI ASSAYING & HALLMARKING CENTER,"2ND FLOOR,SURVEY NO.5199, SHOP NO.9/10/11/12,SAHJANAND CHAMBER,SHERDIPITH NO DELO,GHANTIVALO CH, BHAVNAGAR, BHAVNAGAR, GUJARAT ,364001",GUJARAT,364001,GHANTIVALO CH,BHAVNAGAR,HIGH,0.83,explicit DISTRICT/DISTT marker in address; city inferred from district-adjacent address token: GHANTIVALO CH,False
42b53033-ab2d-47fd-ac81-eeca4631c398,1305,SIDDHIVINAYAK HALLMARK & ASSAYING CENTER,"FIRST FLOOR,WARDNO 3,SHEET NO 61, SURVEY NO 2604HERDIPITH NO DELO, BOMBAY WALO KHANCHO, BHAVNAGAR, BHAVNAGAR, GUJARAT ,364001",GUJARAT,364001,BOMBAY WALO KHANCHO,BHAVNAGAR,HIGH,0.83,explicit DISTRICT/DISTT marker in address; city inferred from district-adjacent address token: BOMBAY WALO KHANCHO,False
1144bd97-599b-48a0-84bc-ec11ffc48ff9,1308,SHREEJI HALLMARKING CENTRE,"GROUND AND TWO FLOOR ABOVE, SWAMI SHREEJI, NEARNANA AMBAJI STREET, HIGH COURT ROAD, BHAVNAGAR,, BHAVNAGAR, BHAVNAGAR, GUJARAT ,364001",GUJARAT,364001,SWAMI SHREEJI,BHAVNAGAR,HIGH,0.83,explicit DISTRICT/DISTT marker in address; city inferred from district-adjacent address token: SWAMI SHREEJI,False
59ded682-efbd-41cb-87a0-64a2817b3216,1310,M N R HALLMARKING CENTER,"VORA SHERI,C S NO 2238 , DHOBI GALIFOZDAR VALO KHANCHO , M G ROAD,KHARGATE,BHAVNAGAR,, BHAVNAGAR, BHAVNAGAR, GUJARAT ,364001",GUJARAT,364001,KHARGATE,BHAVNAGAR,HIGH,0.83,explicit DISTRICT/DISTT marker in address; city inferred from district-adjacent address token: KHARGATE,False
5545d54f-c7fd-41b6-a9c0-9e5bc6d33efe,1279,VRAJ HALLMARK CENTRE,"THIRD FLOOR, 301, SHALIBHADRA SQUARE, 43 PRAHLADPLOT ASHAPURA MAIN ROAD, RAJKOT,Gujarat-360001, RAJKOT, RAJKOT, GUJARAT ,360001",GUJARAT,360001,SHALIBHADRA SQUARE,RAJKOT,HIGH,0.83,explicit DISTRICT/DISTT marker in address; city inferred from district-adjacent address token: SHALIBHADRA SQUARE,False
7a602f88-6790-40e3-ad9e-f89cfe9d1262,1280,V G TOUCH & HALLMARKING CENTRE,"BEHIND MANMANDIR APPARTMENTVARDHDHMANNAGAR STREET NO.8 PALACE ROAD, RAJKOT, RAJKOT, GUJARAT ,360001",GUJARAT,360001,,RAJKOT,MEDIUM,0.55,explicit DISTRICT/DISTT marker in address,True
baceef47-e96f-4c8b-9389-8fb5bd14312a,1281,SHREE BANDHAN ASSAYING HALLMARKING CENTRE,"NR SONA CHEMBER SURVEY NO 595 SHRADDHA COMPLEXDarbar Road Old Gadhiwad Soni Bazar Rajkot, RAJKOT, RAJKOT, GUJARAT ,360001",GUJARAT,360001,,RAJKOT,MEDIUM,0.55,explicit DISTRICT/DISTT marker in address,True
77452356-0dca-4b7e-9152-2d15d5ca487f,1282,TANVI HALLMARKING LAB,"2ND FLOOR,SHYAM ARCADE,OPP.KOTHARIYA NAKA CIRCLESONI BAZAR, RAJKOT, RAJKOT CITY, GUJARAT ,360001",GUJARAT,360001,SHYAM ARCADE,RAJKOT,HIGH,0.83,explicit DISTRICT/DISTT marker in address; city inferred from district-adjacent address token: SHYAM ARCADE,False
8f3b0e40-3cfb-4aa1-8dbe-8e40f6891408,1284,Shree Yamuna Hallmarking Centre,"Ranjit Villas Palace, 1st Floor, Shop no A101,Palace Road, C S No 2072 P, Sheet No 188, Ward No3, RAJKOT, RAJKOT, GUJARAT ,360001",GUJARAT,360001,1ST FLOOR,RAJKOT,HIGH,0.83,explicit DISTRICT/DISTT marker in address; city inferred from district-adjacent address token: 1ST FLOOR,False
07998139-9738-4fea-8283-b579d56b5b04,1286,OM HALLMARK CENTER,"SF, 203 & 204, Thakkar Arcade-A, Palace Road,Opp Ashapura temple, Prahlad Plot, Rajkot, RAJKOT, RAJKOT, GUJARAT ,360001",GUJARAT,360001,PRAHLAD PLOT,RAJKOT,HIGH,0.83,explicit DISTRICT/DISTT marker in address; city inferred from district-adjacent address token: PRAHLAD PLOT,False
ec7531b0-0c34-4016-85e5-6d26320d280e,1288,RADHE ASSAYING AND HALLMARKING CENTRE,"2-10 Diwanpara opp. Ashapura ChamberRajkot, Gujarat- 360001, RAJKOT, RAJKOT, GUJARAT ,360001",GUJARAT,360001,2 10 DIWANPARA OPP ASHAPURA CHAMBER,RAJKOT,HIGH,0.83,explicit DISTRICT/DISTT marker in address; city inferred from district-adjacent address token: 2 10 DIWANPARA OPP ASHAPURA CHAMBER,False
76591a7f-1592-4502-b6d6-063cd098d946,1289,Vraj Hallmark Centre,"Karanpara Main Road,Beside Post Office, Rajkot, RAJKOT, RAJKOT, GUJARAT ,360001",GUJARAT,360001,POST OFFICE,RAJKOT,HIGH,0.83,explicit DISTRICT/DISTT marker in address; city inferred from district-adjacent address token: POST OFFICE,False
1d127b2e-b2a2-4104-bf5e-8ee0a9e520f4,1293,SHREE MADHAV HALLMARKING CENTRE,"KOTAK SHERI 420 421 422 423 JAY DWARKADHISH MARKETOPP BRAHMAOURI WADI DEEWAN PARA RAJKOT 360001, RAJKOT, RAJKOT, GUJARAT ,360001",GUJARAT,360001,,RAJKOT,MEDIUM,0.55,explicit DISTRICT/DISTT marker in address,True
09c695d6-bfa0-45b3-af9a-67771577e9ac,1300,RUDRA HALLMARKING AND ASSAYING CENTRE,"3rd Floor 308 Gold Souk Hathikhana Main road,Rajkot Gujarat, RAJKOT, RAJKOT, GUJARAT ,360001",GUJARAT,360001,,RAJKOT,MEDIUM,0.55,explicit DISTRICT/DISTT marker in address,True
9edc96ce-43b3-4517-9a00-a6c712f77395,1301,BALAJI ASSAYING AND HALLMARKING CENTRE,"Swaminarayan Temple, 2nd Floor, 208, Raj Plaza,Palace Road, Palace Road, Rajkot,, RAJKOT, RAJKOT, GUJARAT ,360001",GUJARAT,360001,RAJ PLAZA,RAJKOT,HIGH,0.83,explicit DISTRICT/DISTT marker in address; city inferred from district-adjacent address token: RAJ PLAZA,False
3a72bdaa-3826-4490-946f-ea1a85beeeb0,1303,G S HALLMARKING & REFINERY CENTRE RM,"1ST AND 2ND FLOOR, SHOP NO 2, DARBAR GADH ROAD,BHATT SHERY, MANDVI CHOWK,, RAJKOT, RAJKOT, GUJARAT ,360001",GUJARAT,360001,BHATT SHERY,RAJKOT,HIGH,0.83,explicit DISTRICT/DISTT marker in address; city inferred from district-adjacent address token: BHATT SHERY,False
3e9ae6c7-2a01-4b0f-8da4-ef7eec262b4f,1304,NCH Services Private Limited,"Office- 401, Fourth Floor,Shivamaraj Street No.1, Palace Road, RAJKOT, RAJKOT, GUJARAT ,360001",GUJARAT,360001,FOURTH FLOOR,RAJKOT,HIGH,0.83,explicit DISTRICT/DISTT marker in address; city inferred from district-adjacent address token: FOURTH FLOOR,False
79ce0093-73af-4070-bde3-24670f5c8585,1307,Shree Hari Hallmarking Centre,"Hirm,purnanand chamber, basementopp. rajni building, bhupender road, RAJKOT, RAJKOT, GUJARAT ,360001",GUJARAT,360001,BASEMENTOPP RAJNI BUILDING,RAJKOT,HIGH,0.83,explicit DISTRICT/DISTT marker in address; city inferred from district-adjacent address token: BASEMENTOPP RAJNI BUILDING,False
040e81c0-4abe-4927-be3a-3937be81d607,1386,PARMESWARI DEVI HALLMARKING CENTRE,"SHOP NO-2, SUVARNA BINDU COMPLEX,KOTHARIYA NAKA,PALACE ROAD,360001, RAJKOT, RAJKOT, GUJARAT ,360001",GUJARAT,360001,KOTHARIYA NAKA,RAJKOT,HIGH,0.83,explicit DISTRICT/DISTT marker in address; city inferred from district-adjacent address token: KOTHARIYA NAKA,False
070d2170-9454-4700-b81b-088a26f1e46a,1432,V G GOLD ASSAYING & HALLMARKING CENTRE,"28/29 RAJSHRUNGI COMPLEX OPP. ASHAPURA TEMPLE, RAJKOT, RAJKOT, GUJARAT ,360001",GUJARAT,360001,29 RAJSHRUNGI COMPLEX OPP ASHAPURA TEMPLE,RAJKOT,HIGH,0.83,explicit DISTRICT/DISTT marker in address; city inferred from district-adjacent address token: 29 RAJSHRUNGI COMPLEX OPP ASHAPURA TEMPLE,False
8b59c1b8-8928-445f-96a3-6438d7d146bc,1452,PRINCE HALLMARKING & REFINERY PVT LTD,"BHAKTI NIWAS , GROUND FLOOR, DERA SERI ,SONI BAZARRAJKOT-360001, GUJARAT., RAJKOT, RAJKOT, GUJARAT ,360001",GUJARAT,360001,DERA SERI,RAJKOT,HIGH,0.83,explicit DISTRICT/DISTT marker in address; city inferred from district-adjacent address token: DERA SERI,False
a052ad74-3f91-42b4-b87e-b948e1c1b883,1453,PRINCE HALLMARKING & REFINERY PVT LTD,"BHAKTI NIWAS , GROUND FLOOR, DERA SERI ,SONI BAZARRAJKOT-360001, GUJARAT., RAJKOT, RAJKOT, GUJARAT ,360001 OSC Address: SHOP NO. 2, GROUND FLOOR, OPP. HARE KISHNA CHAMBER BOGHANI STREET, PETA GALI, SONI BAZAR, RAJKOT, RAJKOT, RAJKOT, GUJARAT, 360001",GUJARAT,360001,PETA GALI,RAJKOT,HIGH,0.83,explicit DISTRICT/DISTT marker in address; city inferred from district-adjacent address token: PETA GALI,False
d0a57571-43c8-43e4-9afb-b66903ebf35b,1476,GS HALLMARKING & REFINERY CENTRE GR,"Shyam Sadan, Bavajiraj Road, Jumma Masjid Chowk,Nr Mayuri Apartment, RAJKOT, RAJKOT, GUJARAT ,360001",GUJARAT,360001,NR MAYURI APARTMENT,RAJKOT,HIGH,0.83,explicit DISTRICT/DISTT marker in address; city inferred from district-adjacent address token: NR MAYURI APARTMENT,False
798f7de5-2f56-4179-b716-8091174214bd,1283,TANVI HALLMARKING LAB,"2ND FLOOR,SHYAM ARCADE,OPP.KOTHARIYA NAKA CIRCLESONI BAZAR, RAJKOT, RAJKOT CITY, GUJARAT ,360001 OSC Address: Ground Floor, Plot No. 345/1, Aji Industrial Estate, opp Shri Bavishi Weigh Bridge, RAJKOT, RAJKOT, GUJARAT, 360003",GUJARAT,360003,SHRI BAVISHI WEIGH BRIDGE,RAJKOT,HIGH,0.83,explicit DISTRICT/DISTT marker in address; city inferred from district-adjacent address token: SHRI BAVISHI WEIGH BRIDGE,False
4f3ea24a-f436-4442-814e-8ef3f9c1cac9,1287,MAA MOMAI KRUPA HALLMARKING CENTER,"SECOND FLOOR, SHOP NO. 6 SHANTI COMPLEX,BHAVNAGAR ROAD, NR. PRAJAPATI VADI, RAJKOT, GUJARAT-360003, RAJKOT, RAJKOT, GUJARAT ,360003",GUJARAT,360003,NR PRAJAPATI VADI,RAJKOT,HIGH,0.83,explicit DISTRICT/DISTT marker in address; city inferred from district-adjacent address token: NR PRAJAPATI VADI,False
6b373583-659d-4fce-a176-ddb3abf57570,1290,SHREE RADHAKRISHNA HALLMARKING CENTRE,"Block I, Hira Panna Complex, Ranchodnagar Society2/4 Corner Brahmaniya Para, Rajkot ,360003, RAJKOT, RAJKOT CITY, GUJARAT ,360003",GUJARAT,360003,RANCHODNAGAR SOCIETY2,RAJKOT,HIGH,0.83,explicit DISTRICT/DISTT marker in address; city inferred from district-adjacent address token: RANCHODNAGAR SOCIETY2,False
ca4f55a6-d10c-486d-b708-172eab0d68a4,1458,PATEL HALLMARK CENTRE,"STREET NO.1,NR. BRAHM CHHATRIYA VADI, R S NO. 186PLOT NO 8 SHREE RANCHHODNAGAR PEDAK ROAD RAJKOT, RAJKOT, RAJKOT, GUJARAT ,360003",GUJARAT,360003,NR BRAHM CHHATRIYA VADI,RAJKOT,HIGH,0.83,explicit DISTRICT/DISTT marker in address; city inferred from district-adjacent address token: NR BRAHM CHHATRIYA VADI,False
1382405c-c968-4e7c-b9f4-7afe9adb7317,1285,SHREE DWARKADHISH ASSAYING AND HALLMARKING,"1ST FLOOR, BLOCK NO 4, LUVAR SHALASHREE DWARKADHISH ASSAYING AND HALLMARKING CENTER,, DEVBHOOMI DWARKA, DEVBHOOMI DWARKA, GUJARAT ,361305",GUJARAT,361305,,,LOW,0.1,No valid district in address or pincode lookup,True
afb2548a-8f6f-4643-8063-e2cfa3161769,1302,SHREE MOMAI ASSAYING & HALLMARKING CENTRE,"3RD FLOOR, NEAR HARSHAD MANDIR,GOLDEN PLAZASONI BAZAR, Khambhalia, Devbhumi Dwarka,, DEVBHOOMI DWARKA, , GUJARAT ,361305",GUJARAT,361305,KHAMBHALIA,DEVBHUMI DWARKA,HIGH,0.83,explicit DISTRICT/DISTT marker in address; city inferred from district-adjacent address token: KHAMBHALIA,False
3daa9e3d-d287-4f91-b087-a39c5e8eca1f,1291,R K ASSAYING AND HALLMARKING CENTER,"1ST FLOOR, SHOP NO. - 1/B, SOMNATHCOMMERCIAL COMPLEX, NEAR S.T.BUS STAND,, JUNAGADH, UNA, GUJARAT ,362560",GUJARAT,362560,S T BUS STAND,JUNAGADH,HIGH,0.83,explicit DISTRICT/DISTT marker in address; city inferred from district-adjacent address token: S T BUS STAND,False
72ac3199-d606-460d-83db-398266e6681c,1292,SHREE SAIKRUPA HALLMARKING CENTRE,"CITY SURVEY NO.3887 OPP.RAJ RAJESHWARI MANDIRCABIN CHOWK, MAHUVA, BHAVNAGAR, GUJARAT, 364290, BHAVNAGAR, MAHUVA BAZAR, GUJARAT ,364290",GUJARAT,364290,MAHUVA,BHAVNAGAR,HIGH,0.83,explicit DISTRICT/DISTT marker in address; city inferred from district-adjacent address token: MAHUVA,False
4a37d5a4-b486-429f-b514-1aacf30976da,1294,OM HALLMARKING CENTRE,"TOWER CHOWK,GROUND FLOOR FIRST FLOORDANA BAZAR, AMRELI, AMRELI DISTRICT, AMRELI, GUJARAT ,365601",GUJARAT,365601,,AMRELI,MEDIUM,0.55,explicit DISTRICT/DISTT marker in address,True
4d63708e-731a-4aa2-a590-2e4ab5805568,1436,Sanskar Hallmarking Centre,"Tika No.7/1, Survey No.187,1st & 2nd Floor,Kapad Bazar, Tower Road,Opp. Kapol Mahajan Wadi., AMRELI DISTRICT, AMRELI, GUJARAT ,365601",GUJARAT,365601,KAPOL MAHAJAN WADI,AMRELI,HIGH,0.83,explicit DISTRICT/DISTT marker in address; city inferred from district-adjacent address token: KAPOL MAHAJAN WADI,False
e19873fa-f94c-4cd6-b352-51aaea3be81f,1295,HARISHREE HALLMARKING CENTRE,"FIRST FLOOR,Vitthal Press Road Nearby,Landmark, Surendranagar Head Post Office, STREET 1, SURENDRANAGAR, SURENDRANAGAR, GUJARAT ,363001",GUJARAT,363001,HEAD POST OFFICE,SURENDRANAGAR,HIGH,0.83,explicit DISTRICT/DISTT marker in address; city inferred from district-adjacent address token: HEAD POST OFFICE,False
b24a9f61-78f0-4f82-bc4f-f1e95e91302f,1311,Ambica Hallmarking Center,"Mahalaxmi Cinema Road, Opp VAIDH UTARA,PATADIA BUILDING, C J HOSPITAL ROAD, VADI PARA, SURENDRANAGAR, SURENDRANAGAR, GUJARAT ,363001",GUJARAT,363001,PATADIA BUILDING,SURENDRANAGAR,HIGH,0.83,explicit DISTRICT/DISTT marker in address; city inferred from district-adjacent address token: PATADIA BUILDING,False
564dbdbb-60cc-4d1a-8da6-e99130787cfd,1297,BHAVANI ASSAYING & HALLMARKING CENTRE,"SHOP-17,1,2,3,4, SALONI SHO.CEN,MATVA STREETJETPUR RAJKOT GUJARAT 360370, RAJKOT, JETPUR, GUJARAT ,360370",GUJARAT,360370,MATVA STREETJETPUR RAJKOT,RAJKOT,HIGH,0.83,explicit DISTRICT/DISTT marker in address; city inferred from district-adjacent address token: MATVA STREETJETPUR RAJKOT,False
97242135-211b-4de3-ac5f-34251e239464,1298,GIRIRAJJI HALLMARKING CENTRE,"OPP. SHRIRAM CHIKKI,, CARPET AREA- 600/Sq.Ft.,,Municipal Corporation City Survey Ward No.5,Rajkot, RAJKOT, RAJKOT, GUJARAT ,360002",GUJARAT,360002,SQ FT,RAJKOT,HIGH,0.83,explicit DISTRICT/DISTT marker in address; city inferred from district-adjacent address token: SQ FT,False
e6219baa-4692-4faa-85e0-9c3cd26b7d35,1299,GANESH HALLMARK CENTER,"SHOP NO.101 TO 104, CITY SURVEY BLOCK NO. C,SURVEY NO. 369/A, SHUBHAM CHAMBER, DHANI STREET,, JUNAGADH, VERAVAL, GUJARAT ,362265",GUJARAT,362265,VERAVAL,JUNAGADH,HIGH,0.83,explicit DISTRICT/DISTT marker in address; city inferred from district-adjacent address token: VERAVAL,False
66256e5a-7507-41ef-b3ea-0525e6b18fa6,1306,SHREE RANG HALLMARKING CENTER,"PRABHA MAHEL 2ND FLOORB/H RIXA STAND CHANDIBAZAR JAMNAGAR, JAMNAGAR, , GUJARAT ,361001",GUJARAT,361001,H RIXA STAND CHANDIBAZAR,JAMNAGAR,HIGH,0.83,explicit DISTRICT/DISTT marker in address; city inferred from district-adjacent address token: H RIXA STAND CHANDIBAZAR,False
620ee0dd-d865-4668-a771-420ee82ea86c,1431,Ms RK Hallmarking Centre,"2nd floor, Shop C1-C5, Vallabha Ashray,Opp. Lal Bagh, Chandi Bazaar, Jamnagar., JAMNAGAR, JAMNAGAR, GUJARAT ,361001",GUJARAT,361001,CHANDI BAZAAR,JAMNAGAR,HIGH,0.83,explicit DISTRICT/DISTT marker in address; city inferred from district-adjacent address token: CHANDI BAZAAR,False
a22a5f5f-c458-4d72-90e3-8bb07ca4f6fe,1312,SHREEJI HALLMARK CENTER,"T.P. 1, Plot No 447/B, Ganga BazarGanga Naka, Anjar, Kachchh, KUTCH, ANJAR, GUJARAT ,370110",GUJARAT,370110,ANJAR,KACHCHH,HIGH,0.83,explicit DISTRICT/DISTT marker in address; city inferred from district-adjacent address token: ANJAR,False
aec53049-9619-4539-a076-3c05e2ca1208,1315,Mahalaxmi Hallmarking Center,"Machhi Pith, First Floor, Final Plot No 204,T.P. 1, Ganga Bazar Road, Ganga Naka, Anjar, KUTCH, ANJAR, GUJARAT ,370110",GUJARAT,370110,,,LOW,0.1,No valid district in address or pincode lookup,True
b0ff070a-0825-4237-880d-7c33363115f3,1313,PARGO HALLMARK CENTER,"2ND FLOOR, OFFICE NO. 202, PLOT NO. 249, BHAI P2ND FLOOR,OFFICE NO.202,PLOT NO.249,BHAI PRATAP, KUTCH, GANDHIDHAM, GUJARAT ,370201",GUJARAT,370201,,,LOW,0.1,No valid district in address or pincode lookup,True
d69a3a56-aa91-4c9b-9704-9f141b131c6a,1314,Siddhivinayak Hallmarking Center,"Survey No 678, TP Scheme No 5, Pir Chok,Kansara Bazar, Joshi Faliya,, KUTCH, BHUJ, GUJARAT ,370001",GUJARAT,370001,,,LOW,0.1,No valid district in address or pincode lookup,True
38e4859d-9054-4d88-b83c-de130bc14b66,1400,SHREE RAJRAJESHWARI ASSAY AND HALLMARKING CENTRE,"Plot No. 1002, Station Road, Bhid Bazar,Survey No.1004, Behind Kumbhar Masjid, Bhuj (Kutch), KUTCH, BHUJ, GUJARAT ,370001",GUJARAT,370001,,,LOW,0.1,No valid district in address or pincode lookup,True
046d54c7-184f-4da8-aa9f-a1e76662bbc1,1316,AMBIKA HALLMARKING CENTRE,"SUPERMALL COMPLEX,SECOND FLOOR,SHOP NO.217,C.G.ROAD,NEAR LAL BUNGALOW CIRCLE,NAVRANPURA,, AHMEDABAD, NAVRANGPURA, GUJARAT ,380009",GUJARAT,380009,NAVRANPURA,AHMEDABAD,HIGH,0.83,explicit DISTRICT/DISTT marker in address; city inferred from district-adjacent address token: NAVRANPURA,False
10e4528b-16bf-4380-83e8-f82fc5be3ad9,1320,OM ASSAYING AND HALLMARKING CENTRE,"FIRST FLOOR, ABHISHEK COMPLEX, SHREE UMASHANKAR JOSHI MARGCG ROAD, GIRISH GOLD DRINK, AHMEDABAD, NAVRANGPURA, GUJARAT ,380009",GUJARAT,380009,GIRISH GOLD DRINK,AHMEDABAD,HIGH,0.83,explicit DISTRICT/DISTT marker in address; city inferred from district-adjacent address token: GIRISH GOLD DRINK,False
f92ef58f-fd28-47ab-b439-1d5e07102b27,1335,Narayan Assaying And Hallmarking Centre,"507,3rd EYE THREE ,Behind Girish colddrinkShilp Cross road,Navrangpura,, AHMEDABAD, NAVRANGPURA, GUJARAT ,380009",GUJARAT,380009,NAVRANGPURA,AHMEDABAD,HIGH,0.83,explicit DISTRICT/DISTT marker in address; city inferred from district-adjacent address token: NAVRANGPURA,False
bf2da106-29fd-4f33-94bd-a2667335d8bd,1336,Iskon Hallmarking Center,"Shop No 107, First Floor, Paragon,Near Hotel Rock Regency, Off C G Road,, AHMEDABAD, AHMEDABAD G.P.O., GUJARAT ,380009",GUJARAT,380009,G P O,AHMEDABAD,HIGH,0.83,explicit DISTRICT/DISTT marker in address; city inferred from district-adjacent address token: G P O,False
16b00061-57b9-446c-9462-81177efa1346,1338,DWARKESH HALLMARKING CENTRE,"5 Floor 502, 323 Corporate Park, Near Girish ColddCross Road near Samudra Annex, CG Road, Navrangpur, AHMEDABAD, NAVRANGPURA, GUJARAT ,380009",GUJARAT,380009,NAVRANGPUR,AHMEDABAD,HIGH,0.83,explicit DISTRICT/DISTT marker in address; city inferred from district-adjacent address token: NAVRANGPUR,False
738e06d4-cbe6-4463-ab93-3e33030c181b,1348,SHREE ASSAYING AND HALLMARKING CENTRE,"SECOND FLOOR,SHOP. No.316,SUPPER MALL COMPLEX,Nr.LAL BUNGLOW ,C.G.ROAD,AHMEDABAD, AHMEDABAD, NAVAPURA, GUJARAT ,380009",GUJARAT,380009,NAVAPURA,AHMEDABAD,HIGH,0.83,explicit DISTRICT/DISTT marker in address; city inferred from district-adjacent address token: NAVAPURA,False
14a5ce72-cf34-42ee-bd52-900ad9cc4882,1356,PARSHWA ASSAYING AND HALLMARKING CENTRE,"2nd FLOOR, 207, SHREE BALAJI PARAGON, C.G.ROAD, AHMEDABAD, AHMEDABAD G.P.O., GUJARAT ,380009",GUJARAT,380009,G P O,AHMEDABAD,HIGH,0.83,explicit DISTRICT/DISTT marker in address; city inferred from district-adjacent address token: G P O,False
ace980ae-8911-4a08-b12c-3427764bced9,1393,Shreyanshnath Assay & Hallmarking Centre,"203, Jeet Complex, Above Vallabh Dining Hall,Jain Temple Lane, C G Road, Navrangpura,, AHMEDABAD, AHMEDABAD G.P.O., GUJARAT ,380009",GUJARAT,380009,NAVRANGPURA,AHMEDABAD,HIGH,0.83,explicit DISTRICT/DISTT marker in address; city inferred from district-adjacent address token: NAVRANGPURA,False
70f5bd7c-3e34-4560-ab25-8a8307d7869a,1317,CHIRAG HALLMARKING CENTER,"Building No./Flat No.: 3 & 4,Maa Krupa Complex,Near Nagarpalika Hospital,Patel Wada,Ta. Godhra, PANCHMAHAL, GODHRA SHROFF BAZAR, GUJARAT ,389001",GUJARAT,389001,,,LOW,0.1,No valid district in address or pincode lookup,True
eae462c7-6c02-4347-80f9-33107bc8a215,1318,Jay Bhavani Hallmarking Center,"S No 4706, TP Scheme No 2895Vaghan Pole, Zaveriwad, Kalupur, AHMEDABAD, AHMEDABAD G.P.O., GUJARAT ,380001",GUJARAT,380001,KALUPUR,AHMEDABAD,HIGH,0.83,explicit DISTRICT/DISTT marker in address; city inferred from district-adjacent address token: KALUPUR,False
67a7cf43-ae4f-4c73-82ae-828ea4628917,1321,RADHA KRISHNA TOUCH AND HALLMARK CENTER,"4700, VAGHAN POLE, ZAVERWAD,RELIEF ROAD, AHMRDABAD-380001, AHMEDABAD, AHMEDABAD G.P.O., GUJARAT ,380001",GUJARAT,380001,AHMRDABAD 380001,AHMEDABAD,HIGH,0.83,explicit DISTRICT/DISTT marker in address; city inferred from district-adjacent address token: AHMRDABAD 380001,False
ae1a1301-2d15-49d2-b4e1-d3f8d0d13d21,1324,PRINCE HALLMARKING CENTRE,"2ND FLOOR, 916 COMPLEX,NO.177M.G.HAVELI RD,MANEKCHOWK, AHMEDABAD, MANEK CHOWK, GUJARAT ,380001",GUJARAT,380001,MANEKCHOWK,AHMEDABAD,HIGH,0.83,explicit DISTRICT/DISTT marker in address; city inferred from district-adjacent address token: MANEKCHOWK,False
ca340eff-27c7-4825-81e3-623039d30c23,1325,Shree Bhavani Hallmarking Centre,"Ground Floor and First Floor, City Survey No.753,Muni Census No 444,Kandoi Ni Khadki, Manek Chowk, AHMEDABAD, AHMEDABAD G.P.O., GUJARAT ,380001",GUJARAT,380001,G P O,AHMEDABAD,HIGH,0.83,explicit DISTRICT/DISTT marker in address; city inferred from district-adjacent address token: G P O,False
3e20e7cd-4d40-4417-975c-29bb93f29ede,1326,VRAJ HALLMARKING CENTRE,"1216,1217 GF Building Vasupujya ComplexStreet M G H ROAD RUPASURCHAND NI POLE Manek Chowk, AHMEDABAD, MANEK CHOWK, GUJARAT ,380001",GUJARAT,380001,,AHMEDABAD,MEDIUM,0.55,explicit DISTRICT/DISTT marker in address,True
aff1cdb2-5a0f-4a82-9d36-835c0948ffd6,1327,LAXMI HALLMARKING CENTER,"196,First floor Gusha Parekh pole M G Haveli Road, AHMEDABAD, MANEK CHOWK, GUJARAT ,380001",GUJARAT,380001,,AHMEDABAD,MEDIUM,0.55,explicit DISTRICT/DISTT marker in address,True
e6c0b8be-4e2d-4097-9e2b-5cdb840fc5cd,1329,JAGDAMBA HALLMARKING CENTRE,"1ST FLOOR & SECOND FLOOR, KUBER BHUVAN,KANDOI NI KHADAKI, SAANKDI SERI NAKA., AHMEDABAD, MANEK CHOWK, GUJARAT ,380001",GUJARAT,380001,SAANKDI SERI NAKA,AHMEDABAD,HIGH,0.83,explicit DISTRICT/DISTT marker in address; city inferred from district-adjacent address token: SAANKDI SERI NAKA,False
7e7715ec-d633-4f49-8a27-0d13066e3d04,1332,Manek Hallmarking Center,"54/1, SONI NI KHADKI, M G HAVELI ROAD, MANEKCHOWK,, AHMEDABAD, MANEK CHOWK, GUJARAT ,380001",GUJARAT,380001,MANEKCHOWK,AHMEDABAD,HIGH,0.83,explicit DISTRICT/DISTT marker in address; city inferred from district-adjacent address token: MANEKCHOWK,False
e2fdabe9-bdd1-4dbc-ae78-9c78b1793492,1333,JAIN HALLMARK CENTER,"1271, M G HAVELI, OPP GUSA PAREKH NI POLEMANEK CHOWK, AHMEDABAD,, AHMEDABAD, MANEK CHOWK, GUJARAT ,380001",GUJARAT,380001,M G HAVELI,AHMEDABAD,HIGH,0.83,explicit DISTRICT/DISTT marker in address; city inferred from district-adjacent address token: M G HAVELI,False
ce452fb4-65c8-44a8-8f25-29fa9cd4d446,1334,SHREENATH HALLMARK CENTER,"SECOND FLOOR-2237,SHOP NO,1 & 2, KAKUBHAI BUILDINGMAHURAT POLE,AHMEDABAD-380001, AHMEDABAD, MANEK CHOWK, GUJARAT ,380001",GUJARAT,380001,KAKUBHAI BUILDINGMAHURAT POLE,AHMEDABAD,HIGH,0.83,explicit DISTRICT/DISTT marker in address; city inferred from district-adjacent address token: KAKUBHAI BUILDINGMAHURAT POLE,False
df511d65-6e9f-4c4f-a7e8-b53deebab2f7,1345,Arihant Assaying and Hallmarking Centre,"T.F. 1997, Dahi ni Khadki, M G Haveli Road,Manek Chowk, Ahmedabad, AHMEDABAD, MANEK CHOWK, GUJARAT ,380001",GUJARAT,380001,DAHI NI KHADKI,AHMEDABAD,HIGH,0.83,explicit DISTRICT/DISTT marker in address; city inferred from district-adjacent address token: DAHI NI KHADKI,False
8607f17b-2eeb-4149-baaf-ab83c55f77de,1349,JAY JIRAWALA HALLMARKING CENTER,"GROUND FLOOR,1190,DAHI NI KHADKIM.G.HAVELI ROAD, MANEKCHOWK,AHMEDABAD, AHMEDABAD, AHMEDABAD G.P.O., GUJARAT ,380001",GUJARAT,380001,MANEKCHOWK,AHMEDABAD,HIGH,0.83,explicit DISTRICT/DISTT marker in address; city inferred from district-adjacent address token: MANEKCHOWK,False
4997faa3-3db8-4bd8-b5f3-b78db546a44e,1353,OM ASSAYING & HALLMARKING CENTRE,"3rd floor,TF-4,916 Building,M G Haveli RoadManekchowk,Ahmedabad-380001, AHMEDABAD, AHMEDABAD G.P.O., GUJARAT ,380001",GUJARAT,380001,G P O,AHMEDABAD,HIGH,0.83,explicit DISTRICT/DISTT marker in address; city inferred from district-adjacent address token: G P O,False
531c29f9-4c1b-4287-9ecb-df341ee3007c,1354,RADHE HALLMARKING CENTRE,"196 Gusa Parekh Pole M G Haveli RoadManek Chowk Ahmedabad, AHMEDABAD, MANEK CHOWK, GUJARAT ,380001",GUJARAT,380001,,AHMEDABAD,MEDIUM,0.55,explicit DISTRICT/DISTT marker in address,True
973b3b7c-b579-4a32-b158-817f5aef8ec2,1357,Shreenathji hallmarking centre,"125/1,SHETH NI POLERATANPOLE, AHMEDABAD, AHMEDABAD G.P.O., GUJARAT ,380001",GUJARAT,380001,SHETH NI POLERATANPOLE,AHMEDABAD,HIGH,0.83,explicit DISTRICT/DISTT marker in address; city inferred from district-adjacent address token: SHETH NI POLERATANPOLE,False
eebe0073-9df3-4436-b0ac-51e7c48c3925,1423,NAKSHATRA HALLMARK CENTRE,"3RD&4TH FLOOR,T J HOUSE,M G HAVELI ROADMANEK CHOWK, AHMEDABAD, AHMEDABAD G.P.O., GUJARAT ,380001",GUJARAT,380001,G P O,AHMEDABAD,HIGH,0.83,explicit DISTRICT/DISTT marker in address; city inferred from district-adjacent address token: G P O,False
c2a0b32b-8c7f-4912-a6b8-c7338ea67f6b,1481,MAA KALI HALLMARKING CENTRE,"TF/12, 24 CARAT COMPLEX,NEAR GUSHA PAREKH'S POLE, M G HAVELI ROAD, AHMEDABAD, MANEK CHOWK, GUJARAT ,380001",GUJARAT,380001,NEAR GUSHA PAREKH S POLE,AHMEDABAD,HIGH,0.83,explicit DISTRICT/DISTT marker in address; city inferred from district-adjacent address token: NEAR GUSHA PAREKH S POLE,False
9ef36bfa-f01f-40aa-9464-93c0e5076267,1319,PGC GOLD CENTER,"113,FIRST FLOOR, SUPERMALL COMPLEXNEAR LAL BUNGLOWS, C G ROAD Ahmedabad, AHMEDABAD, NAVRANGPURA, GUJARAT ,380006",GUJARAT,380006,NAVRANGPURA,AHMEDABAD,HIGH,0.83,explicit DISTRICT/DISTT marker in address; city inferred from district-adjacent address token: NAVRANGPURA,False
36df599a-3adc-4cca-a500-5ce1b4040fc4,1328,Shivam Assaying Hallmarking Centre,"312 Third Floor, Ten-11,Near Union BankC.G.Road,Ellis bridge,, AHMEDABAD, NAVAPURA, GUJARAT ,380006",GUJARAT,380006,ELLIS BRIDGE,AHMEDABAD,HIGH,0.83,explicit DISTRICT/DISTT marker in address; city inferred from district-adjacent address token: ELLIS BRIDGE,False
a8400001-a06f-4732-b377-fad932e8498d,1343,SHREE AMBICA TOUCH,"F-1, GOLD SOUK COMPLEX, BEHIND SAPHIRE COMPLEXC G ROAD ELLIS BRIDGE, AHMEDABAD, ELLISBRIDGE, GUJARAT ,380006",GUJARAT,380006,ELLISBRIDGE,AHMEDABAD,HIGH,0.83,explicit DISTRICT/DISTT marker in address; city inferred from district-adjacent address token: ELLISBRIDGE,False
6127549e-f75a-40d5-aa9c-291af0435465,1344,Nilkanth Hallmarking Centre,"TF/302, Rain Drops Complex, Opp Cargo Motors,CG Road Ellisebridge, AHMEDABAD, AHMEDABAD G.P.O., GUJARAT ,380006",GUJARAT,380006,G P O,AHMEDABAD,HIGH,0.83,explicit DISTRICT/DISTT marker in address; city inferred from district-adjacent address token: G P O,False
4fd2a55e-9a55-49f4-b48a-96f06aa7799f,1347,Noble Assaying & Hallmarking Centre,"Unit No 5&6, Panchratna Building, Opp. White HousePanchwati Circle, C. G. Road,, AHMEDABAD, PALDI (AHMEDABAD), GUJARAT ,380006",GUJARAT,380006,PALDI,AHMEDABAD,HIGH,0.83,explicit DISTRICT/DISTT marker in address; city inferred from district-adjacent address token: PALDI,False
b8c554b4-7a39-406b-a3b7-b2eaa6e6fee9,1352,Rudrraaxx Assaying and Hallmarking Lab,"302, Iscon Arcade, Swagat Cross Roads,C G Road, Ellisbridge,, AHMEDABAD, AHMEDABAD G.P.O., GUJARAT ,380006",GUJARAT,380006,ELLISBRIDGE,AHMEDABAD,HIGH,0.83,explicit DISTRICT/DISTT marker in address; city inferred from district-adjacent address token: ELLISBRIDGE,False
cbbf6a21-1924-4277-a207-7f9afe0c0a09,1387,GGC Gujrat Gold Centre Private Limited,"324/325, A/B & 412, Supermall,Near Lal Bungalow, C G Road,, AHMEDABAD, , GUJARAT ,380006",GUJARAT,380006,NEAR LAL BUNGALOW,AHMEDABAD,HIGH,0.83,explicit DISTRICT/DISTT marker in address; city inferred from district-adjacent address token: NEAR LAL BUNGALOW,False
45b8aa74-87d5-4099-9ebf-9fe12e0b73b1,1405,M S JALIYAN ASSAYING AND HALLMARKING CENTRE,"TF/302, National Plaza,Lal Bunglow,C G Road, Ellisbridge,, AHMEDABAD, AHMEDABAD G.P.O., GUJARAT ,380006",GUJARAT,380006,ELLISBRIDGE,AHMEDABAD,HIGH,0.83,explicit DISTRICT/DISTT marker in address; city inferred from district-adjacent address token: ELLISBRIDGE,False
9200cf1a-afd5-4ffc-8992-8e4339750fe4,1415,SHREEM HALLMARKING CENTRE,"TF/305, NATIONAL PLAZA, OPP. LAL BUNGLOWSWAGAT CHAR RASTA, C.G. ROAD, AHMEDABAD, AHMEDABAD, AHMEDABAD G.P.O., GUJARAT ,380006",GUJARAT,380006,G P O,AHMEDABAD,HIGH,0.83,explicit DISTRICT/DISTT marker in address; city inferred from district-adjacent address token: G P O,False
3d107424-9540-489f-b2bd-5c7a9404571a,1460,MAA KALI HALLMARKING CENTRE,"5th Floor, 503, 24 Carat Building,Opp. Samartheshwar Mahadev, Ellisbridge, Ahmedabad., AHMEDABAD, ELLISBRIDGE, GUJARAT ,380006",GUJARAT,380006,ELLISBRIDGE,AHMEDABAD,HIGH,0.83,explicit DISTRICT/DISTT marker in address; city inferred from district-adjacent address token: ELLISBRIDGE,False
fffb4122-2e6e-4ffd-bbe8-3d6094ab9a89,1322,JIYA ASSAYING AND HALLMARKING CENTER,"Floor No 0/868,869,870,SONI NI KHADAKISainath Complex,Kukarvada Road,Nr. LL Jewellers,, MEHSANA, KUKARWADA, GUJARAT ,384530",GUJARAT,384530,NR LL JEWELLERS,MEHSANA,HIGH,0.83,explicit DISTRICT/DISTT marker in address; city inferred from district-adjacent address token: NR LL JEWELLERS,False
606052b6-d473-4d5d-8a9b-ff5c77ee199d,1323,Shree Ram Hallmarking Centre,"Plot No 986, Tika No 8,Municipal Ward No 9, Ground Floor & First Floor,, KHEDA, NADIAD, GUJARAT ,387001",GUJARAT,387001,GROUND FLOOR & FIRST FLOOR,KHEDA,HIGH,0.83,explicit DISTRICT/DISTT marker in address; city inferred from district-adjacent address token: GROUND FLOOR & FIRST FLOOR,False
663950a8-b909-4bc5-a9d8-0b777bde6da7,1341,SHRI RIDDHI SIDDHI HALLMARKING CENTER,"Bhavsarwad,Dabhan Bhagole Road,Kashyap Mafatlal Family Shop,Junaraopura,Nadiad, KHEDA, NADIAD, GUJARAT ,387001",GUJARAT,387001,NADIAD,KHEDA,HIGH,0.83,explicit DISTRICT/DISTT marker in address; city inferred from district-adjacent address token: NADIAD,False
f51d91a8-3fda-43f7-81fe-db025e726b4e,1330,VGR HALLMARKING CENTRE,"A1A2 BLOCK-NO.18,19,52,53,Joyos Hubtown,MODHERA CHOKDI, MEHSANA, MAHESANA, GUJARAT ,384002",GUJARAT,384002,MODHERA CHOKDI,MEHSANA,HIGH,0.83,explicit DISTRICT/DISTT marker in address; city inferred from district-adjacent address token: MODHERA CHOKDI,False
31e458cc-bfe2-4bbc-afd5-c49321b18fe2,1331,PITRU KRUPA ASSAYING LAB,"2ND FLOOR SHOP N0 8 SURVAY NO 417/1 GOKUL COMPLEXNR CHUNINILAL CHAWL SUKHRAM NAGAR AHMEDABAD, AHMEDABAD, RAKHIAL, GUJARAT ,380023",GUJARAT,380023,RAKHIAL,AHMEDABAD,HIGH,0.83,explicit DISTRICT/DISTT marker in address; city inferred from district-adjacent address token: RAKHIAL,False
a474b170-5712-4bdc-9bc8-288b50969291,1337,SHREE HARI HALLMARKING CENTER,"SER NO 2831 149/2,NAVA BAZARGANDHI ROAD,HIMATNAGAR, SABARKANTHA, HIMATNAGAR, GUJARAT ,383001",GUJARAT,383001,HIMATNAGAR,SABARKANTHA,HIGH,0.83,explicit DISTRICT/DISTT marker in address; city inferred from district-adjacent address token: HIMATNAGAR,False
16b9059d-8207-4185-8b7a-450369c22afc,1339,SHREE JYOTILING HALLMARKING CENTRE,"422, FIRST FLOOR,SHAHI VADA NI KHADKINEAR KANYA SHALA, CHAVDI BAZAR ROAD,NAGAR KUVA, ANAND, PETLAD, GUJARAT ,388450",GUJARAT,388450,PETLAD,ANAND,HIGH,0.83,explicit DISTRICT/DISTT marker in address; city inferred from district-adjacent address token: PETLAD,False
3b20e891-3f46-4ea8-b22f-5d8e55d35e9c,1340,SHENAL ASSAYING AND HALLMARKING CENTRE,"DUKAN NO-1, SOCIETY BAJAR, PT WARD NO-4THARAD, BANASKANTHA, BANASKANTHA, THARAD, GUJARAT ,385565",GUJARAT,385565,THARAD,BANASKANTHA,HIGH,0.83,explicit DISTRICT/DISTT marker in address; city inferred from district-adjacent address token: THARAD,False
2d47422e-440a-4141-8c54-bca196d8678d,1342,RAMDEV HALLMARKING CENTRE,"MAHESANA NAGAR PALLIKA,FIRST FLOOR,F-101CRYSTAL CITY MALL,SATYANARAYAN MANDIR ROAD,PILA JI, MEHSANA, MAHESANA, GUJARAT ,384001",GUJARAT,384001,PILA JI,MEHSANA,HIGH,0.83,explicit DISTRICT/DISTT marker in address; city inferred from district-adjacent address token: PILA JI,False
3be0f4f7-0c4a-429b-b84d-efc6c4f99bcd,1346,ANSH ASSAYING AND HALLMARKING CENTER,"Building No./Flat No.: 5/9/84 PAREKH POLETower Road,Landmark: Purnima Electrical, VISNAGAR, MEHSANA, VISNAGAR, GUJARAT ,384315",GUJARAT,384315,VISNAGAR,MEHSANA,HIGH,0.83,explicit DISTRICT/DISTT marker in address; city inferred from district-adjacent address token: VISNAGAR,False
abd21401-ce8d-49e3-94a0-9e74ccaec419,1350,AADINATH HALLMARKING CENTRE,"504, HR ELANZA NEAR MAHA LAXMI CROSS ROADPaldi Ahmedabad, AHMEDABAD, PALDI (AHMEDABAD), GUJARAT ,380007",GUJARAT,380007,HR ELANZA NEAR MAHA LAXMI CROSS ROADPALDI,AHMEDABAD,HIGH,0.83,explicit DISTRICT/DISTT marker in address; city inferred from district-adjacent address token: HR ELANZA NEAR MAHA LAXMI CROSS ROADPALDI,False
644a3f62-f7e0-4b56-9e0a-1d2ef7f35d10,1351,OM HALLMARKS CENTRE,"FIRST FLOOR, A.NO.1569,WARD NO.6, ABOVE HARIOMORNAMENTS, MAIN BAZAR,LEKHRAJ CHAR RASTA,TA.DEESA, BANASKANTHA, DISA BAZAR, GUJARAT ,385535",GUJARAT,385535,TA DEESA,BANASKANTHA,HIGH,0.83,explicit DISTRICT/DISTT marker in address; city inferred from district-adjacent address token: TA DEESA,False
172893f3-b22d-4746-9642-3ca85cfea47c,1455,Jonson Assay and Hallmarking Centre,"2nd Floor, Shivam Shopping Centre, Opp SindhiCloth Market, Mata Sheri, Near Gandhi Chowk, BANASKANTHA, DISA BAZAR, GUJARAT ,385535",GUJARAT,385535,MATA SHERI,BANASKANTHA,HIGH,0.83,explicit DISTRICT/DISTT marker in address; city inferred from district-adjacent address token: MATA SHERI,False
ec893cd1-9852-41c2-b3ef-9974ecd3771b,1355,NAKODA ASSAYING & HALLMARKING CENTRE,"TENEMANT NO.10066/895,6/795 Nr.SUKHADIYA SWEET MART,MOTI BAZAR,PALANPUR, BANASKANTHA, PALANPUR, GUJARAT ,385001",GUJARAT,385001,PALANPUR,BANASKANTHA,HIGH,0.83,explicit DISTRICT/DISTT marker in address; city inferred from district-adjacent address token: PALANPUR,False
d0dd36da-4f1e-47c7-94d7-c58f9a4c98c0,1421,Rajkotwala Gold Testing Lab,"Near Sukhadiya Sweet Mart,Moti Bazaar, Palanpur, Dist: Banaskantha., BANASKANTHA, PALANPUR, GUJARAT ,385001",GUJARAT,385001,PALANPUR,BANASKANTHA,HIGH,0.83,explicit DISTRICT/DISTT marker in address; city inferred from district-adjacent address token: PALANPUR,False
08d1813b-f426-4488-8f40-c8fbb43db397,1422,SHIV SHAKTI HALLMARKING CENTRE,"13/1816, 2ND FLOORMOTI BAZAR, TOWER ROAD, BANASKANTHA, PALANPUR, GUJARAT ,385001",GUJARAT,385001,PALANPUR,BANASKANTHA,HIGH,0.83,explicit DISTRICT/DISTT marker in address; city inferred from district-adjacent address token: PALANPUR,False
be3dda86-6162-42eb-ae28-c954b871588c,1358,Sirius Marking Centre,"2nd Floor,Front Wing,Gujarat Hira Bourse,Administrative Building, GHB Gem & Jewellery Park,, SURAT, ICHHAPORE, GUJARAT ,394510",GUJARAT,394510,GHB GEM & JEWELLERY PARK,SURAT,HIGH,0.83,explicit DISTRICT/DISTT marker in address; city inferred from district-adjacent address token: GHB GEM & JEWELLERY PARK,False
f1d84ef8-e1aa-4096-b190-517d015724fd,1365,NCH Services Pvt Ltd,"L-22/23, Gujarat Hira Bourse Gem & Jewellery ParkIchhapore Road, Hazira, SURAT, ICHHAPORE, GUJARAT ,394510",GUJARAT,394510,HAZIRA,SURAT,HIGH,0.83,explicit DISTRICT/DISTT marker in address; city inferred from district-adjacent address token: HAZIRA,False
8348e05e-a6a3-4821-9e49-06f1f675cb8e,1371,AKSHARDHAM HALLMARKING CENTRE,"1st Floor, J-14, Gems & Jewellery Park,Gujarat Hira Bourse, Ichhapore, SURAT, SURAT, GUJARAT ,394510",GUJARAT,394510,ICHHAPORE,SURAT,HIGH,0.83,explicit DISTRICT/DISTT marker in address; city inferred from district-adjacent address token: ICHHAPORE,False
e9c65bf5-7a26-4357-8c26-21981a84a446,1383,Indipure Hallmarking Centre,"1ST Floor, I-19, I-Road, Gujarat Hira BourseIchchhapore, Surat-394510( Gujarat, SURAT, ICHHAPORE, GUJARAT ,394510",GUJARAT,394510,SURAT 394510,SURAT,HIGH,0.83,explicit DISTRICT/DISTT marker in address; city inferred from district-adjacent address token: SURAT 394510,False
7415b5a7-8a97-4890-be91-a7f809a08c2f,1413,International Hallmark & Assay Pvt Ltd,"I 26/27, Gem & Jewellery Park, Icchapore Industrial Area,Hazira Road, Icchapore, SURAT, SURAT, GUJARAT ,394510",GUJARAT,394510,ICCHAPORE,SURAT,HIGH,0.83,explicit DISTRICT/DISTT marker in address; city inferred from district-adjacent address token: ICCHAPORE,False
72283718-3217-417c-8466-8e7f9f903937,1359,PRINCE HALLMARKING AND REFINERY PRIVATE LIMITED,"3rd Floor, Plot No-C ,Hall 2, Silver Plaza,Katargam Road, Katargam,surat-395004, SURAT, SURAT, GUJARAT ,395004",GUJARAT,395004,KATARGAM,SURAT,HIGH,0.83,explicit DISTRICT/DISTT marker in address; city inferred from district-adjacent address token: KATARGAM,False
04237d08-3cea-4c19-b317-99ca05e5911a,1366,PRAMUKH HALLMARK CENTER,"1st Floor, Plot No. 6, Nandudoshi Wadi,VASTADEVDI ROAD, NEAR GOTALAWADI, KATARGAM, SURAT, SURAT, SURAT, GUJARAT ,395004",GUJARAT,395004,KATARGAM,SURAT,HIGH,0.83,explicit DISTRICT/DISTT marker in address; city inferred from district-adjacent address token: KATARGAM,False
f158a461-2c11-4a35-8f92-3b1eadcaea6a,1379,NCH Services Pvt Ltd,"SY-433/1, CS-3733/C, Plot No. 03 Paiki, 1st Floor, Super CompoundNandu Doshini Wadi, Katargam, SURAT, KATARGAM, GUJARAT ,395004",GUJARAT,395004,KATARGAM,SURAT,HIGH,0.83,explicit DISTRICT/DISTT marker in address; city inferred from district-adjacent address token: KATARGAM,False
d99c4fbd-24e8-4cfd-bcc5-6c281cd34d64,1403,AKSHARDHAM HALLMARKING CENTRE,"25/A, Patel Industrial Estate, Vastadevdi Road, Ne Opp Katargam Community Hall,, SURAT, SURAT CITY, GUJARAT ,395004",GUJARAT,395004,NE OPP KATARGAM COMMUNITY HALL,SURAT,HIGH,0.83,explicit DISTRICT/DISTT marker in address; city inferred from district-adjacent address token: NE OPP KATARGAM COMMUNITY HALL,False
0655b25f-b531-4741-b477-c74039c895cf,1360,RKGG HALLMARKING CENTER,"LOTWALAS KHACHA VISMANIAS KHACHA,1ST FLOOR JAINDERASARSAAMEKAROLIA POLENEARJAINDERASAR RKBUILDING, VADODARA, VADODARA, GUJARAT ,390001",GUJARAT,390001,1ST FLOOR JAINDERASARSAAMEKAROLIA POLENEARJAINDERASAR RKBUILDING,VADODARA,HIGH,0.83,explicit DISTRICT/DISTT marker in address; city inferred from district-adjacent address token: 1ST FLOOR JAINDERASARSAAMEKAROLIA POLENEARJAINDERASAR RKBUILDING,False
112bee64-0c7e-439e-be65-71648a0e828f,1364,SHREE RAM HALLMARKING CENTRE,"SF RAM ART, SHYAMAL BECHAL POLE,M G ROAD, VADODARA, MANDVI (VADODARA), GUJARAT ,390001",GUJARAT,390001,MANDVI,VADODARA,HIGH,0.83,explicit DISTRICT/DISTT marker in address; city inferred from district-adjacent address token: MANDVI,False
9af24a9b-9d6d-429a-9024-7479b39b480d,1375,NGT HALLMARKING LAB,"1-2-3 Floors, City Survey No 5711 and 146/t, Karol, VADODARA, MANDVI (VADODARA), GUJARAT ,390001",GUJARAT,390001,KAROL,VADODARA,HIGH,0.83,explicit DISTRICT/DISTT marker in address; city inferred from district-adjacent address token: KAROL,False
489e7f2d-a166-4add-92e6-665ab8dab401,1380,RRG ASSAYING & HALLMARKING CENTRE,"2ND & 3RD FLOOR, ABOVE B K ARTS, OPP. LAXMI GOLD KAROLIYA POLE,MG ROAD, MANDVI, VADODARA, GUJARAT, 390001., VADODARA, MANDVI (VADODARA), GUJARAT ,390001",GUJARAT,390001,MANDVI,VADODARA,HIGH,0.83,explicit DISTRICT/DISTT marker in address; city inferred from district-adjacent address token: MANDVI,False
597f7f3d-f215-4702-8639-23543dd1741b,1361,JKB Assay & Hallmarking Centre,"720, Haveli Mohollo, Mota Bazar,Navsari, Gujarat., NAVSARI, NAVSARI, GUJARAT ,396445",GUJARAT,396445,HAVELI MOHOLLO,NAVSARI,HIGH,0.83,explicit DISTRICT/DISTT marker in address; city inferred from district-adjacent address token: HAVELI MOHOLLO,False
081d7014-daf7-4dde-9005-9feefb9b8316,1433,NCH Service P Ltd,"201, Opp. Prabhat Boot House, Patva Sheri,Mota Bazar, Navsari, Gujarat - 396445, NAVSARI, NAVSARI, GUJARAT ,396445",GUJARAT,396445,PATVA SHERI,NAVSARI,HIGH,0.83,explicit DISTRICT/DISTT marker in address; city inferred from district-adjacent address token: PATVA SHERI,False
52e45aaa-426d-4e64-8988-cc2118c2b1b8,1362,SAINATH HALLMARKING AND ASSAYING CENTRE,"GROUND FLOOR,219,BHAGUNAGAR CO OP HOUSING SOCIETY1LH ROAD,MATAWADI,SURAT, SURAT, SURAT CITY, GUJARAT ,395006",GUJARAT,395006,MATAWADI,SURAT,HIGH,0.83,explicit DISTRICT/DISTT marker in address; city inferred from district-adjacent address token: MATAWADI,False
32769aba-936c-4624-9411-5ca78054aef6,1373,SADGURU HALLMARKING CENTRE,"GR.FLOOR SURVEY NO 1718-1719&1724,PLOT NO 57,DIAMOUND PARK 3, OPP OLD VAISHALI CENEMA,VARACHHA, SURAT, SURAT, GUJARAT ,395006",GUJARAT,395006,VARACHHA,SURAT,HIGH,0.83,explicit DISTRICT/DISTT marker in address; city inferred from district-adjacent address token: VARACHHA,False
8f8d177c-73b6-457a-81da-23781874976e,1378,INDIPURE HALLMARKING CENTRE,"Block No. 41,1st Floor,Shiv Shankar Parvati Co.Op.Ho. Soc., Varachha Road, Surat - 395006, Gujarat, SURAT, SURAT, GUJARAT ,395006",GUJARAT,395006,SHIV SHANKAR PARVATI CO OP HO SOC,SURAT,HIGH,0.83,explicit DISTRICT/DISTT marker in address; city inferred from district-adjacent address token: SHIV SHANKAR PARVATI CO OP HO SOC,False
44a798c4-b4de-43c2-b9c0-ae7dabaa1e36,1430,SURAT HALLMARKING CENTRE,"SY.NO.3, PLOT NO.186-87, FIRSY,VARACHHA ROAD, KARANJ MATAWADI,, SURAT, SURAT, GUJARAT ,395006",GUJARAT,395006,KARANJ MATAWADI,SURAT,HIGH,0.83,explicit DISTRICT/DISTT marker in address; city inferred from district-adjacent address token: KARANJ MATAWADI,False
06300c77-6cc6-44c2-a323-0a46627a5d2c,1363,RAM ART HALLMARKING AND ASSAYING CENTER,"GF-1,PANCHAMRUT APPARTMENT,47 VISHWAS COLONY, ALKAPURI, VADODARA, VADODARA, VADODARA, GUJARAT ,390007",GUJARAT,390007,ALKAPURI,VADODARA,HIGH,0.83,explicit DISTRICT/DISTT marker in address; city inferred from district-adjacent address token: ALKAPURI,False
d63dbaa2-d72c-4fa0-acae-087105b4d009,1367,NCH SERVICES PRIVATE LIMITED,"5 Floor, Kalamandir Jewellers ltd PuniyaBhoomi, VIP Road, Bhagwan mahavir college, Vesu, SURAT, VESU, GUJARAT ,395007",GUJARAT,395007,VESU,SURAT,HIGH,0.83,explicit DISTRICT/DISTT marker in address; city inferred from district-adjacent address token: VESU,False
933dcb8b-460e-42b2-a790-72649ce9daba,1414,International Hallmark & Assay Pvt Ltd,"Plot no. 124, 6th floor,Kalamandir House, Ghoddod Road, Surat., SURAT, SURAT, GUJARAT ,395007 OSC Address: 1st floor, shop no. 102,103,Parle point palace, Near Parle point circle, SURAT, ATHWALINES, GUJARAT, 395007",GUJARAT,395007,PARLE POINT CIRCLE,SURAT,HIGH,0.83,explicit DISTRICT/DISTT marker in address; city inferred from district-adjacent address token: PARLE POINT CIRCLE,False
cc49884e-3a06-4a00-8f90-dbbd4e391705,1465,NCH Services Pvt Ltd,"Shop No.415-416, Canopus, Opp. Kakadiya ComplexGhod Dod Road, Parle Point,Surat, SURAT, SURAT, GUJARAT ,395007",GUJARAT,395007,PARLE POINT,SURAT,HIGH,0.83,explicit DISTRICT/DISTT marker in address; city inferred from district-adjacent address token: PARLE POINT,False
8676a6a0-44d3-4c17-97d6-c5edac5803f6,1368,V D PRECIOUS METALS,"1st Floor, Shop No. 101,102,103, Royal Corner,Halar Cross Road, Beside Shah Virchand Govanji Jew, VALSAD, VALSAD, GUJARAT ,396002",GUJARAT,396002,SHAH VIRCHAND GOVANJI JEW,VALSAD,HIGH,0.83,explicit DISTRICT/DISTT marker in address; city inferred from district-adjacent address token: SHAH VIRCHAND GOVANJI JEW,False
18db4a46-3c86-4818-9485-506bc447658a,1369,NCH Services Private Limited,"Unit Gala No 48, Apollo Industrial Estate Premises Co-op Society Ltd,Off Mahakali Road, Near Paper Box Lane, Andheri East,Mumbai, MUMBAI CITY, ANDHERI, MAHARASHTRA ,400093",MAHARASHTRA,400093,ANDHERI EAST,MUMBAI,HIGH,0.83,explicit DISTRICT/DISTT marker in address; city inferred from district-adjacent address token: ANDHERI EAST,False
57c9ae40-fbc2-4c53-aefc-af61b47b2a26,1391,MAHALAXMI HALLMARKING CENTRE,"UNIT NO 113, 1ST FLR, DAMJI SHAMJI INDUSTRIALCOMPLEX, PAPER BOX ROAD, ANHERI EAST, MUMBAI CITY, ANDHERI EAST, MAHARASHTRA ,400093",MAHARASHTRA,400093,ANHERI EAST,MUMBAI,HIGH,0.83,explicit DISTRICT/DISTT marker in address; city inferred from district-adjacent address token: ANHERI EAST,False
b15e2ff7-6c4a-482f-acec-46c3ac44d708,1392,INTERNATIONAL HALLMARK AND ASSAY PVT LTD,"C-4, 1st Floor, Udyog Sadan, MIDC.ANDHERI (EAST) MUMBAI -400093, MUMBAI CITY, ANDHERI EAST, MAHARASHTRA ,400093",MAHARASHTRA,400093,MIDC ANDHERI EAST,MUMBAI,HIGH,0.83,explicit DISTRICT/DISTT marker in address; city inferred from district-adjacent address token: MIDC ANDHERI EAST,False
77dd451e-efc8-4f8c-896f-e9e2b451c84f,1394,VARIETY HALLMARK,"36, MADHUBAN INDUSTRIAL ESTATE, 1ST FLOOR,NEAR PAPER BOX, MAHAKALI CAVES ROAD, ANDHERI EAST, MUMBAI CITY, ANDHERI EAST, MAHARASHTRA ,400093",MAHARASHTRA,400093,ANDHERI EAST,MUMBAI,HIGH,0.83,explicit DISTRICT/DISTT marker in address; city inferred from district-adjacent address token: ANDHERI EAST,False
7a0c08db-a8d4-4ba1-8222-1f8cce83bd5e,1479,MASTER BULLION ASSAYING AND HALLMARKING LAB ANDHERI,"Unit No. 103, 1st Floor, Ravi Industrial Estate,Off Mahakali Caves Road, Andheri East,, MUMBAI SUBURBAN, MUMBAI SUBURBAN, MAHARASHTRA ,400093",MAHARASHTRA,400093,ANDHERI EAST,MUMBAI SUBURBAN,HIGH,0.83,explicit DISTRICT/DISTT marker in address; city inferred from district-adjacent address token: ANDHERI EAST,False
7e7eef3c-dfe5-4019-952d-b877780def10,1480,Sirius Hallmark,"FLORAL DECK PLAZA C-111CENTRAL MIDC ROAD, MUMBAI CITY, ANDHERI EAST, MAHARASHTRA ,400093",MAHARASHTRA,400093,ANDHERI EAST,MUMBAI,HIGH,0.83,explicit DISTRICT/DISTT marker in address; city inferred from district-adjacent address token: ANDHERI EAST,False
bbb08d27-4558-4e9a-b384-3939a0f3f5a4,1485,QUALITY ASSURANCE CENTER,"E-219, 2nd Floor, Floral Deck PlazaNo 15A/15B, MIDC CENTRAL ROAD, MUMBAI CITY, ANDHERI EAST, MAHARASHTRA ,400093",MAHARASHTRA,400093,ANDHERI EAST,MUMBAI,HIGH,0.83,explicit DISTRICT/DISTT marker in address; city inferred from district-adjacent address token: ANDHERI EAST,False
cf70cc20-9ddd-4cb1-afbc-f8ad7a228d35,1497,ASMAYE ASSAYING AND HALLMARKING CENTRE,"First Floor, E-3, Plot No. 15, WICEL Compound,MIDC Central Road, Andheri (East),, MUMBAI SUBURBAN, MUMBAI SUBURBAN, MAHARASHTRA ,400093",MAHARASHTRA,400093,ANDHERI,MUMBAI SUBURBAN,HIGH,0.83,explicit DISTRICT/DISTT marker in address; city inferred from district-adjacent address token: ANDHERI,False
8a4eef19-c2ee-4700-ac72-588c19379929,1499,Vipul Hallmarking centre,"3rd Floor, Administrative building, Western Co-OpInd Estate Ltd., Andheri E, Plot No 11 & 12/1, MUMBAI SUBURBAN, MUMBAI SUBURBAN, MAHARASHTRA ,400093",MAHARASHTRA,400093,ANDHERI E,MUMBAI SUBURBAN,HIGH,0.83,explicit DISTRICT/DISTT marker in address; city inferred from district-adjacent address token: ANDHERI E,False
4f6f4a1f-332a-48ae-9755-6de0043300f2,1502,KEDIA ASSAYING & HALLMARKING LLP,"213, New India Industrial EstatePaper box lane, MIDC, Off Mahakali caves Road, MUMBAI CITY, ANDHERI EAST, MAHARASHTRA ,400093",MAHARASHTRA,400093,ANDHERI EAST,MUMBAI,HIGH,0.83,explicit DISTRICT/DISTT marker in address; city inferred from district-adjacent address token: ANDHERI EAST,False
04a2b1fe-f43d-4a08-a81a-1591c07f3245,1514,New Rays Gold lab,"1st Unit 20, Nand Kishore Ind Estate Andheri(E), MUMBAI SUBURBAN, MUMBAI SUBURBAN, MAHARASHTRA ,400093",MAHARASHTRA,400093,NAND,MUMBAI SUBURBAN,HIGH,0.83,explicit DISTRICT/DISTT marker in address; city inferred from district-adjacent address token: NAND,False
460cece3-4a73-4a1d-9afd-fa7b03842d1a,1516,QUALITY ASSAY & HALLMARKS LLP,"SECOND FLOOR, 203,204 A-WING, FLORAL DECK PLAZACENTRAL MIDC ROAD OPP.SEEPZ,ANDHERI EAST, MUMBAI, MUMBAI SUBURBAN, MUMBAI SUBURBAN, MAHARASHTRA ,400093",MAHARASHTRA,400093,ANDHERI EAST,MUMBAI,HIGH,0.83,explicit DISTRICT/DISTT marker in address; city inferred from district-adjacent address token: ANDHERI EAST,False
f3bdb4a1-64d7-4068-925d-4fbfbedb6b8b,1519,BOMBAY ASSAY COMPANY,"14A, PAPERBOX, OFF MAHAKALI CAVES ROADANDHERI EAST, MUMBAI CITY, ANDHERI EAST, MAHARASHTRA ,400093",MAHARASHTRA,400093,MAHAKALI CAVES ROADANDHERI EAST,MUMBAI,HIGH,0.83,explicit DISTRICT/DISTT marker in address; city inferred from district-adjacent address token: MAHAKALI CAVES ROADANDHERI EAST,False
b0a83a03-f3d1-47c1-9247-ae57907229e8,1521,Bombay Assay Company Private Limited,"No -103,104,105,106 Floral Deck Plaza15A/15B, MIDC Central Road, Andheri East, MUMBAI CITY, ANDHERI EAST, MAHARASHTRA ,400093",MAHARASHTRA,400093,ANDHERI EAST,MUMBAI,HIGH,0.83,explicit DISTRICT/DISTT marker in address; city inferred from district-adjacent address token: ANDHERI EAST,False
d427f2d3-cb9a-4f32-a8a3-00ab64a2dc1f,1522,QUALITY ASSAY & HALLMARKS LLP,"GROUND FLOOR, PLOT NO.09,F11/12Wicel Commercial Complex, MIDC Central Road, MUMBAI SUBURBAN, MUMBAI SUBURBAN, MAHARASHTRA ,400093",MAHARASHTRA,400093,12WICEL COMMERCIAL COMPLEX,MUMBAI SUBURBAN,HIGH,0.83,explicit DISTRICT/DISTT marker in address; city inferred from district-adjacent address token: 12WICEL COMMERCIAL COMPLEX,False
6118650b-dbc1-46b4-a00f-846795badefe,1528,DIVINE HALLMARK CENTRE,"2ND FLOOR, UNIT NO. 207, NEW INDIA INDUSTRIALESTATE, MAHAKALI CAVES ROAD, ANDHERI EAST, MUMBAI CITY, ANDHERI EAST, MAHARASHTRA ,400093",MAHARASHTRA,400093,ANDHERI EAST,MUMBAI,HIGH,0.83,explicit DISTRICT/DISTT marker in address; city inferred from district-adjacent address token: ANDHERI EAST,False
e017473f-5f10-4ea3-aa42-8e05dce848dd,1537,SAVERA HALLMARK CENTRE,"Plot No. 15, Surya Gold Pvt. Ltd., Behind HotelTunga Paradise, Road No. 10, Andheri (East),, MUMBAI SUBURBAN, MUMBAI SUBURBAN, MAHARASHTRA ,400093",MAHARASHTRA,400093,ANDHERI,MUMBAI SUBURBAN,HIGH,0.83,explicit DISTRICT/DISTT marker in address; city inferred from district-adjacent address token: ANDHERI,False
17e45006-5abf-49be-9d84-1fbd03269525,1548,LOTUS ASSAYING & HALLMARKING CENTRE,"D-215, FLORAL DECK PLAZA, CENTRAL MIDC ROADANDHERI EAST, MUMBAI, MUMBAI SUBURBAN, MUMBAI SUBURBAN, MAHARASHTRA ,400093",MAHARASHTRA,400093,CENTRAL MIDC ROADANDHERI EAST,MUMBAI,HIGH,0.83,explicit DISTRICT/DISTT marker in address; city inferred from district-adjacent address token: CENTRAL MIDC ROADANDHERI EAST,False
4eecebed-c468-4308-acc0-522487531b81,1564,VARIETY HALLMARK,"First Floor, 43, Madhuban Industrial Estate,Mahakali Caves Road, Andheri East,, MUMBAI SUBURBAN, MUMBAI SUBURBAN, MAHARASHTRA ,400093",MAHARASHTRA,400093,ANDHERI EAST,MUMBAI SUBURBAN,HIGH,0.83,explicit DISTRICT/DISTT marker in address; city inferred from district-adjacent address token: ANDHERI EAST,False
e45d80fd-aabf-442a-9b0d-2c15ad3d9e24,1370,Nilkanth Gold Testing and Hallmarking Centre,"1276/1/2 Afin Walo Khacho,, VADODARA, PADRA, GUJARAT ,391440",GUJARAT,391440,2 AFIN WALO KHACHO,VADODARA,HIGH,0.83,explicit DISTRICT/DISTT marker in address; city inferred from district-adjacent address token: 2 AFIN WALO KHACHO,False
87c26c1c-b426-4706-a9d4-bdd0be17965e,1372,STANDARD HALLMARKING AND ASSAYING CENTER,"1ST FLOOR,PLOT NO 31 TO 33,SHOP NO 8 AND 9,BHAKTIARCADE,SATELIGHT ROAD,MAHADEV CHOWK MOTA VARACHHA,, SURAT, SURAT, GUJARAT ,394101",GUJARAT,394101,BHAKTIARCADE,SURAT,HIGH,0.83,explicit DISTRICT/DISTT marker in address; city inferred from district-adjacent address token: BHAKTIARCADE,False
cbe66c29-7416-47e4-8499-745d804a4794,1374,V D PRECIOUS METALS,"613-614, Sixth Floor, Sonorous-A,Koparli Road, Opp. Circuit House,, VALSAD, VAPI, GUJARAT ,396191",GUJARAT,396191,CIRCUIT HOUSE,VALSAD,HIGH,0.83,explicit DISTRICT/DISTT marker in address; city inferred from district-adjacent address token: CIRCUIT HOUSE,False
9cc6318c-1124-4fdc-8f10-7a39a58a1817,1376,SHREE HALLMARK CENTER,"B-1589, Ghaliyarwad, Kansarvad,, BHARUCH, BHARUCH, GUJARAT ,392001",GUJARAT,392001,KANSARVAD,BHARUCH,HIGH,0.83,explicit DISTRICT/DISTT marker in address; city inferred from district-adjacent address token: KANSARVAD,False
3c9ee2cd-bfdc-4190-805d-d7d1c191598b,1377,NEW AKSHARDHAM HALLMARKING CENTRE,"7/3422, 1st FLOOR, RAMPURA MAIN ROAD, NEAR PATIDARMAHIDHARPURA, SURAT-395003, SURAT, SURAT, GUJARAT ,395003",GUJARAT,395003,NEAR PATIDARMAHIDHARPURA,SURAT,HIGH,0.83,explicit DISTRICT/DISTT marker in address; city inferred from district-adjacent address token: NEAR PATIDARMAHIDHARPURA,False
5d623eed-834e-4eaf-bf22-0513f38718bc,1381,SHREE SAINATH HALLMARKING CENTER,"GR FL, 1ST FL,SY-3/667-A-1,Karva RoadLocality/Sub Locality: Nava Pura,, SURAT, SURAT, GUJARAT ,395003",GUJARAT,395003,SUB LOCALITY NAVA PURA,SURAT,HIGH,0.83,explicit DISTRICT/DISTT marker in address; city inferred from district-adjacent address token: SUB LOCALITY NAVA PURA,False
ef94ffe8-b4a4-4218-adf1-cbbb84fb2d67,1382,GALAXY HALLMARK CENTRE,"WARD NO. 3, NONDH NUMBER. 4096,GROUND FLOOR, FIRSTSECOND & THIRD,FLOOR, DARIYA SHERI,NAVAPURA,SURAT, SURAT, SURAT CITY, GUJARAT ,395003",GUJARAT,395003,NAVAPURA,SURAT,HIGH,0.83,explicit DISTRICT/DISTT marker in address; city inferred from district-adjacent address token: NAVAPURA,False
310fdacf-7739-4ad4-bb83-ae514885d68e,1385,SHREE AASHAPURA HALLMARKING CENTRE,"Floor No.: 2nd and 3rd Floor Building No./Flat No.5/1975,/Street, Ghee Kanta Road,Haripura,Surat, SURAT, HARIPURA, GUJARAT ,395003",GUJARAT,395003,HARIPURA,SURAT,HIGH,0.83,explicit DISTRICT/DISTT marker in address; city inferred from district-adjacent address token: HARIPURA,False
829dc5b9-f618-421e-bfbd-858850593637,1402,Precious Gold & Silver Hallmarking And Assaying Center Pvt Ltd,"1st Floor, Office-101/102,Diamond Plaza, Opp Patidar Bhavan, Mahidharpura, SURAT, SURAT, GUJARAT ,395003",GUJARAT,395003,MAHIDHARPURA,SURAT,HIGH,0.83,explicit DISTRICT/DISTT marker in address; city inferred from district-adjacent address token: MAHIDHARPURA,False
0930c0c9-38a8-48bf-8c86-846ce6a2674c,1434,I Goldi Hallmarking & Assaying Center,"1st Floor, Office No.104, Diamond Plaza,Rampura Main Road, Near Patidar Samaj Bhavan,, SURAT, SURAT, GUJARAT ,395003",GUJARAT,395003,PATIDAR SAMAJ BHAVAN,SURAT,HIGH,0.83,explicit DISTRICT/DISTT marker in address; city inferred from district-adjacent address token: PATIDAR SAMAJ BHAVAN,False
0f1f3105-7bfc-40bf-b882-c6ab1a19f4ea,1467,PURITY HALLMARKING AND DIAMOND TESTING CENTER,"H No.6/2359,60, Ground Floor, Roshan Palace,Havada Sheri, Mahidharpura, Surat, SURAT, MAHIDHARPURA, GUJARAT ,395003",GUJARAT,395003,MAHIDHARPURA,SURAT,HIGH,0.83,explicit DISTRICT/DISTT marker in address; city inferred from district-adjacent address token: MAHIDHARPURA,False
8ed61c34-a0d5-4dd1-b3de-add8ec58a4cc,1468,PURITY HALLMARKING AND DIAMOND TESTING CENTER,"H No.6/2359,60, Ground Floor, Roshan Palace,Havada Sheri, Mahidharpura, Surat, SURAT, MAHIDHARPURA, GUJARAT ,395003 OSC Address: Ground floor, shop no.1 , Darshan Complex,Vasta Devi Katar Gaon Road, Katargam, SURAT, SURAT, GUJARAT, 395003",GUJARAT,395003,MAHIDHARPURA,SURAT,HIGH,0.83,explicit DISTRICT/DISTT marker in address; city inferred from district-adjacent address token: MAHIDHARPURA,False
61fe8461-c996-4f7d-8427-1c47b588ae6b,1384,MAA AMBICA ASSAYING & HALLMARKING CENTER,"0, A-A, CITY SURVEY NO. 2238/ B, ANKLESHWAR,, BHARUCH, ANKLESHWAR, GUJARAT ,393001",GUJARAT,393001,ANKLESHWAR,BHARUCH,HIGH,0.83,explicit DISTRICT/DISTT marker in address; city inferred from district-adjacent address token: ANKLESHWAR,False
791bdf85-88fd-4fa1-bb00-96bf87dbd33f,1388,LEO ANALYTICS LAB,"261/2, Ved Chawl, SV Road,Borivali West, Mumbai 92., MUMBAI SUBURBAN, MUMBAI SUBURBAN, MAHARASHTRA ,400092",MAHARASHTRA,400092,BORIVALI WEST,MUMBAI SUBURBAN,HIGH,0.83,explicit DISTRICT/DISTT marker in address; city inferred from district-adjacent address token: BORIVALI WEST,False
845f361f-f16f-43be-b615-dc53c807b673,1410,Naakoda Hallmarking Centre,"201, 2nd floor, Soni Shopping Centre,L.T. Road, Borivali West, Mumbai, Maharashtra, MUMBAI CITY, BORIVALI WEST, MAHARASHTRA ,400092",MAHARASHTRA,400092,BORIVALI WEST,MUMBAI,HIGH,0.83,explicit DISTRICT/DISTT marker in address; city inferred from district-adjacent address token: BORIVALI WEST,False
59ec97ad-3eb0-406c-8e52-f1d2be0772b8,1495,BRD Hallmarkings,"A/201, 2nd Floor, Dwarkesh Co-op. Hsg. Soc. Ltd,L.T. Road, Borivali west, MUMBAI SUBURBAN, MUMBAI SUBURBAN, MAHARASHTRA ,400092",MAHARASHTRA,400092,BORIVALI WEST,MUMBAI SUBURBAN,HIGH,0.83,explicit DISTRICT/DISTT marker in address; city inferred from district-adjacent address token: BORIVALI WEST,False
1d378f65-7882-4ec4-9b57-b1620bc4bce1,1513,ORIENTAL HALLMARKING CENTRE,"B-304, Mandpeshwar Industrial EstateGymkhana Rd. Opp. M.C.F. Soprts Complex, MUMBAI CITY, BORIVALI WEST, MAHARASHTRA ,400092",MAHARASHTRA,400092,MANDPESHWAR INDUSTRIAL ESTATEGYMKHANA RD OPP M C F SOPRTS COMPLEX,MUMBAI,HIGH,0.83,explicit DISTRICT/DISTT marker in address; city inferred from district-adjacent address token: MANDPESHWAR INDUSTRIAL ESTATEGYMKHANA RD OPP M C F SOPRTS COMPLEX,False
7a085567-14e4-4f1a-8a3a-8dde858391f0,1562,K U Hallmarking Centre,"A/201, Mandapeshwar Industrial Estate,Opp MCF Club, Borivali West, MUMBAI SUBURBAN, MUMBAI SUBURBAN, MAHARASHTRA ,400092",MAHARASHTRA,400092,BORIVALI WEST,MUMBAI SUBURBAN,HIGH,0.83,explicit DISTRICT/DISTT marker in address; city inferred from district-adjacent address token: BORIVALI WEST,False
0ac7e654-c25c-41fe-a6a2-cc2a7fd68055,1389,MAHAVIR HALLMARKING CENTRE PRIVATE LIMITED,"80/B, 1ST FLOOR, PATWA CHAWL, SHEIKH MEMON STREET,ZAVERI BAZAR, KALBADEVI,, MUMBAI CITY, KALBADEVI, MAHARASHTRA ,400002",MAHARASHTRA,400002,KALBADEVI,MUMBAI,HIGH,0.83,explicit DISTRICT/DISTT marker in address; city inferred from district-adjacent address token: KALBADEVI,False
55cf4a3d-e556-4d05-a8a4-e8090fdda403,1390,Varsha Bullion Hallmarking Centres,"2ND FLOOR, ROOM NO, 9/10 MH DHARAMKANTA BUILDING,MUMBADEVI ROAD, ZAVERI BAZAR, MUMBAI, MUMBAI CITY, KALBADEVI, MAHARASHTRA ,400002",MAHARASHTRA,400002,KALBADEVI,MUMBAI,HIGH,0.83,explicit DISTRICT/DISTT marker in address; city inferred from district-adjacent address token: KALBADEVI,False
5e3ee0e9-6be9-4731-9d60-f311060347e6,1396,M K HALLMARK CENTRE,"OFFICE NO.3 , BLDG NO.12 , OPP. NITYANAND HOTELVITHALWADI, TELGALLI , ZAVERI BAZAR, MUMBAI CITY, KALBADEVI, MAHARASHTRA ,400002",MAHARASHTRA,400002,KALBADEVI,MUMBAI,HIGH,0.83,explicit DISTRICT/DISTT marker in address; city inferred from district-adjacent address token: KALBADEVI,False
24779a34-651d-44e4-afec-798ee8dc7e82,1401,Master Bullion Assaying & Hallmarking Lab,"7 & 8 Floor, Office no. 722/723/818, Plot No. 175, Jewel WorldCottan Exchange Building, Kalbadevi Road,Prithvi Polymers Ind,KalbadeviBhuleshwar, Mumbai, MUMBAI CITY, KALBADEVI, MAHARASHTRA ,400002",MAHARASHTRA,400002,KALBADEVIBHULESHWAR,MUMBAI,HIGH,0.83,explicit DISTRICT/DISTT marker in address; city inferred from district-adjacent address token: KALBADEVIBHULESHWAR,False
9b39e81e-fd15-4bd3-9477-66e12ca50935,1446,NITYANAND ASSAYING AND HALLMARKING CENTER,"4th, Office No.118/120, Ashok House,Shaikh Memon Street, Zaveri Bazar, Kalbadevi,MUMBI, MUMBAI CITY, KALBADEVI, MAHARASHTRA ,400002",MAHARASHTRA,400002,MUMBI,MUMBAI,HIGH,0.83,explicit DISTRICT/DISTT marker in address; city inferred from district-adjacent address token: MUMBI,False
1998dad0-3b4f-4e3b-9b8e-152b3b8a20c6,1461,MAHAVIR HALLMARKING CENTRE PRIVATE LIMITED,"401 & 402, 4TH FLOOR, 127-129, ROYAL HOUSE,ZAVERI BAZAR, SHEIKH MEMON STREET, KALBADEVI, MUMBAI CITY, KALBADEVI, MAHARASHTRA ,400002",MAHARASHTRA,400002,KALBADEVI,MUMBAI,HIGH,0.83,explicit DISTRICT/DISTT marker in address; city inferred from district-adjacent address token: KALBADEVI,False
a8eb4392-befb-4429-98f7-98dcc082c9a9,1464,RAMA HALLMARKING CENTRE LLP,"4A, 2nd Floor, Plot no 313Kapadia building,Opp. swadeshi market, Kalbadevi road, MUMBAI CITY, MUMBAI, MAHARASHTRA ,400002",MAHARASHTRA,400002,2ND FLOOR,MUMBAI,HIGH,0.83,explicit DISTRICT/DISTT marker in address; city inferred from district-adjacent address token: 2ND FLOOR,False
56c5fc35-3334-4267-8fe3-2b51d1ae4eaf,1487,S. A. I. KHARAA SONA PRIVATE LIMITED,"SHOP NO 22, LUCKY THIRTEEN'S CO-OP HOUSING SOCIETY86, MUMBADEVI ROAD, DAGINA BAZAR, KALBADEVI, MUMBAI CITY, KALBADEVI, MAHARASHTRA ,400002",MAHARASHTRA,400002,KALBADEVI,MUMBAI,HIGH,0.83,explicit DISTRICT/DISTT marker in address; city inferred from district-adjacent address token: KALBADEVI,False
4ed97e3c-ea8f-488d-937f-9ee65bcd2102,1489,PANKAJ HALLMARKING CENTRE,"SHOP NO.12, 56 TELGALLI, VITHALWADIKALBADEVI MUMBAI-400002, MUMBAI CITY, KALBADEVI, MAHARASHTRA ,400002",MAHARASHTRA,400002,VITHALWADIKALBADEVI,MUMBAI,HIGH,0.83,explicit DISTRICT/DISTT marker in address; city inferred from district-adjacent address token: VITHALWADIKALBADEVI,False
cdaca055-0be0-40b7-a26f-3275644150b5,1490,SHRI JEWEL HALLMARKING SOLUTION LLP,"35-36, 5th Floor, Gurukul Chembers,MUMBA DEVI ROAD , DAGINA BAZAR, Kalbadevi Mumbai, MUMBAI CITY, KALBADEVI, MAHARASHTRA ,400002",MAHARASHTRA,400002,KALBADEVI,MUMBAI,HIGH,0.83,explicit DISTRICT/DISTT marker in address; city inferred from district-adjacent address token: KALBADEVI,False
bf6b8930-78e8-44ec-a083-b058dcd62444,1494,VRUSHTI HALLMARKING LLP,"Ground Floor, 18/20, Rikolene HouseOvalwadi, Kalbadevi Road,Mumbai, MUMBAI CITY, SEWRI, MAHARASHTRA ,400002",MAHARASHTRA,400002,SEWRI,MUMBAI,HIGH,0.83,explicit DISTRICT/DISTT marker in address; city inferred from district-adjacent address token: SEWRI,False
7efb6b96-e891-48ab-b32e-aac316a480a8,1507,Riddhi Siddhi Assaying and Hallmarking Centre,"Office no 33 to 37,Bldg No 31/33,Darbar Mansion,!st Agiary Lane,Khara Kuwa,Zaveri Bazar, MUMBAI CITY, KALBADEVI, MAHARASHTRA ,400002",MAHARASHTRA,400002,KALBADEVI,MUMBAI,HIGH,0.83,explicit DISTRICT/DISTT marker in address; city inferred from district-adjacent address token: KALBADEVI,False
7c92dea0-d00b-4973-8a9a-1ca479cbd19a,1509,MORYA ASSAYING & HALLMARKING CENTRE,"3rd Floor, 23/25, P.G. Bhavan2nd Agriyari Lane, Zaveri Bazar, Kalbadevi Mumbai, MUMBAI SUBURBAN, MUMBAI SUBURBAN, MAHARASHTRA ,400002",MAHARASHTRA,400002,KALBADEVI,MUMBAI SUBURBAN,HIGH,0.83,explicit DISTRICT/DISTT marker in address; city inferred from district-adjacent address token: KALBADEVI,False
7216208b-6ec0-4990-aee1-1ee9e6fd7542,1510,EVERSHINE HALLMARKING CENTER,"3rd floor ,Plot No-170,Kamla Niwas,Kalbadevi Road,Near Cotton Exchange,Bhuleshwar Kalbadevi, MUMBAI CITY, MUMBAI, MAHARASHTRA ,400002",MAHARASHTRA,400002,BHULESHWAR KALBADEVI,MUMBAI,HIGH,0.83,explicit DISTRICT/DISTT marker in address; city inferred from district-adjacent address token: BHULESHWAR KALBADEVI,False
9ab729ca-7797-40d3-b72b-2a0a4c4c038d,1511,Kamakshi Hallmarking Centre LLP,"Office No. 44 & 44A, 3rd Floor, 78/80 NavinchandraBuilding, Kalbadevi Road, Vithal Wadi, Kalbadevi,, MUMBAI CITY, KALBADEVI, MAHARASHTRA ,400002",MAHARASHTRA,400002,KALBADEVI,MUMBAI,HIGH,0.83,explicit DISTRICT/DISTT marker in address; city inferred from district-adjacent address token: KALBADEVI,False
f3d41915-849c-4922-aa2a-2bbd4370b512,1512,SHREE MANGAL MURTI HALLMARKING CENTRE,"Floor-2,Plot 299/301,11A,Johar Palace,KalbadeviRoad,Kalbadevi,Mumbai,Maharashtra-400002, MUMBAI CITY, KALBADEVI, MAHARASHTRA ,400002",MAHARASHTRA,400002,KALBADEVI,MUMBAI,HIGH,0.83,explicit DISTRICT/DISTT marker in address; city inferred from district-adjacent address token: KALBADEVI,False
71461a78-c784-4e44-8adc-d191f3807d05,1525,S S ASSAYING AND HALLMARKING CENTRE,"3RD FLOOR, BUILDING NO.109 FLAT NO.41/42SHAHI GALLI, SHAIKH MEMON STREET, NEAR KHARA KURA, MUMBAI CITY, KALBADEVI, MAHARASHTRA ,400002",MAHARASHTRA,400002,KHARA KURA,MUMBAI,HIGH,0.83,explicit DISTRICT/DISTT marker in address; city inferred from district-adjacent address token: KHARA KURA,False
2aa6f3cc-2703-4869-b3ab-333d98baf422,1527,RATHOD HALLMARKING CENTER,"Unit 426, BUSSA UDYOG BHAVAN INDUSTRIAL PREMISESTOKERSEY JIVRAJ ROAD,SEWREE WEST,MUMBAI, MUMBAI CITY, SEWRI, MAHARASHTRA ,400015 OSC Address: OFFICE NO. 401, KAKAD MARKET306, KALBADEVI ROAD, MUMBAI CITY, MUMBAI, MAHARASHTRA, 400002",MAHARASHTRA,400002,SEWREE WEST,MUMBAI,HIGH,0.83,explicit DISTRICT/DISTT marker in address; city inferred from district-adjacent address token: SEWREE WEST,False
72a24934-d0e8-4ca1-916c-2d83469f1f26,1532,Synergyy Gold Testing Lab,"2nd&3rd Flr,55, Janki Prasad Poddar mansion,2nd/3rd Flr, Janki Prasad, Poddar mansion, kalbade, MUMBAI CITY, KALBADEVI, MAHARASHTRA ,400002",MAHARASHTRA,400002,KALBADE,MUMBAI,HIGH,0.83,explicit DISTRICT/DISTT marker in address; city inferred from district-adjacent address token: KALBADE,False
cb56e317-42f6-4a31-8f24-abc5526dff02,1536,TAATVIK ASSAY LAB,"21 , Dogat Building, 10/11/12, 4th floor,Dadi seth agiary lane, Kalbadevi Road,, MUMBAI CITY, KALBADEVI, MAHARASHTRA ,400002",MAHARASHTRA,400002,KALBADEVI,MUMBAI,HIGH,0.83,explicit DISTRICT/DISTT marker in address; city inferred from district-adjacent address token: KALBADEVI,False
13bee1d7-34d8-4f80-b962-26dde53c436f,1538,MD HALLMARKING CENTRE,"1ST FLR, 7/9 V K TRUST BLDG, SHAIKH MEMON STREETOLD SATTA GULLY, OPP NAMRATA JEWELLERS, MUMBAI CITY, MUMBAI, MAHARASHTRA ,400002",MAHARASHTRA,400002,NAMRATA JEWELLERS,MUMBAI,HIGH,0.83,explicit DISTRICT/DISTT marker in address; city inferred from district-adjacent address token: NAMRATA JEWELLERS,False
1df555d3-965f-4d55-9f77-788086727f20,1541,MAHALAKSHMI HALLMARKINGS,"2ND FLOOR, PLOT NO.7/9, 9 VK TRUST BUILDINGKAVI NIRVE LANE, OLD SATTA GALLY, FORT, KALBADEVI, MUMBAI CITY, MUMBAI, MAHARASHTRA ,400002",MAHARASHTRA,400002,KALBADEVI,MUMBAI,HIGH,0.83,explicit DISTRICT/DISTT marker in address; city inferred from district-adjacent address token: KALBADEVI,False
621cb450-22e0-4e0e-9eb5-27a467254d6f,1546,A-1 HALLMARKING CENTRE,"SHOP NO 20, GROUND FLOOR, DAGINA BAZARMUMBADEVI ROAD,KALBADEVI, MUMBAI CITY, SEWRI, MAHARASHTRA ,400002",MAHARASHTRA,400002,KALBADEVI,MUMBAI,HIGH,0.83,explicit DISTRICT/DISTT marker in address; city inferred from district-adjacent address token: KALBADEVI,False
f3aee10d-984a-4c01-829c-fc261b60200e,1556,AKANSHA HALLMARK CENTRE PVT LTD,"11,12 &13, 2ND FLOOR PLOT-23/25, KAVI NIRAV LANEOLD SATTA GULLY COTTON EXCHANGE KALBADEVI, MUMBA, MUMBAI CITY, KALBADEVI, MAHARASHTRA ,400002",MAHARASHTRA,400002,MUMBA,MUMBAI,HIGH,0.83,explicit DISTRICT/DISTT marker in address; city inferred from district-adjacent address token: MUMBA,False
10944edc-49f6-4d3e-8265-935937b0b859,1559,NAMMA CREATIVE DALAAL PRIVATE LIMITED,"25/29,3RDOLD SATTA GULLY,KAVI NIRAV LANE,OPPOSITESHREE G BHAGAT TARACHAND HOTEL,SK MENON ST, MUMBAI CITY, KALBADEVI, MAHARASHTRA ,400002",MAHARASHTRA,400002,SK MENON ST,MUMBAI,HIGH,0.83,explicit DISTRICT/DISTT marker in address; city inferred from district-adjacent address token: SK MENON ST,False
edec6a76-ccef-4fc4-a60c-61c16d057584,1569,CHHATTISGARH HALLMARKING CENTRE,"1ST FLOOR, RAJ SADANRUIA BUILDING KALABADEVI, MUMBAI CITY, SEWRI, MAHARASHTRA ,400002",MAHARASHTRA,400002,RAJ SADANRUIA BUILDING KALABADEVI,MUMBAI,HIGH,0.83,explicit DISTRICT/DISTT marker in address; city inferred from district-adjacent address token: RAJ SADANRUIA BUILDING KALABADEVI,False
c1e80903-e508-4855-88b6-76309756b569,1395,VARIETY HALLMARK,"36, MADHUBAN INDUSTRIAL ESTATE, 1ST FLOOR,NEAR PAPER BOX, MAHAKALI CAVES ROAD, ANDHERI EAST, MUMBAI CITY, ANDHERI EAST, MAHARASHTRA ,400093 OSC Address: (HMC-1), First Floor, Swastik Mall Compound Sion Trombay Road , VN Purav Marg, Apte Industries, Chembur Mumbai, MUMBAI SUBURBAN, MUMBAI SUBURBAN, MAHARASHTRA, 400071",MAHARASHTRA,400071,ANDHERI EAST,MUMBAI,HIGH,0.83,explicit DISTRICT/DISTT marker in address; city inferred from district-adjacent address token: ANDHERI EAST,False
b72bfd82-10c3-4d16-a05c-35a84a004047,1429,NAAKODA HALLMARKING CENTRE,"26 FIRST AGIARY LANEPARSI GALLI FIRST FLOOR KHARAKUWA ZAVERI BAZAR, MUMBAI CITY, MANDVI (MUMBAI), MAHARASHTRA ,400003 OSC Address: 1st FLOOR, SWASTIK MILL COMPOUND, NEAR APTE INDUSTRIES,SION TROMBAY ROAD, V N PURAV MARG, MUMBAI SUBURBAN, MUMBAI SUBURBAN, MAHARASHTRA, 400071",MAHARASHTRA,400071,MANDVI,MUMBAI,HIGH,0.83,explicit DISTRICT/DISTT marker in address; city inferred from district-adjacent address token: MANDVI,False
4a4cdb65-77a4-444e-9012-7555ad14ef32,1397,Mamata Hallmarking center,"SHOP NO.2/3, RAADHA NIWAS,GADKARI WADA,AGARKAR ROANEAR ASHMITA HOSPITAL, DOMBVLI, THANE, DOMBIVALI, MAHARASHTRA ,421201",MAHARASHTRA,421201,DOMBVLI,THANE,HIGH,0.83,explicit DISTRICT/DISTT marker in address; city inferred from district-adjacent address token: DOMBVLI,False
a2224970-b66e-41bb-9075-9b350b0b5793,1621,S K HALLMARKING CENTER,"SHOP NO. 6/7, RAJE APARTMENT, AGARKAR ROADDOMBIVLI, EAST, KALYAN, THANE,MAHARSHTRA, 421201, THANE, DOMBIVALI, MAHARASHTRA ,421201",MAHARASHTRA,421201,KALYAN,THANE,HIGH,0.83,explicit DISTRICT/DISTT marker in address; city inferred from district-adjacent address token: KALYAN,False
2256ba63-a890-4912-98b5-5d36257e9f0f,1398,Mamata Hallmarking center,"SHOP NO.2/3, RAADHA NIWAS,GADKARI WADA,AGARKAR ROANEAR ASHMITA HOSPITAL, DOMBVLI, THANE, DOMBIVALI, MAHARASHTRA ,421201 OSC Address: OFFICE NO. 304, 3RD FLOORKANAK CHEMBERS, 267/271 KALBADEVI ROAD NEAR COTTON EXCHANGE, MUMBAI CITY, MUMBAI, MAHARASHTRA, 400003",MAHARASHTRA,400003,DOMBVLI,THANE,HIGH,0.83,explicit DISTRICT/DISTT marker in address; city inferred from district-adjacent address token: DOMBVLI,False
f7d62e66-4024-43eb-9ecb-99f97949e425,1417,PARMESWARI DEVI HALLMARKING CENTRE,"63/A, KANCHWALA BUILDING, 3RD GLOOR, ROOM NO.26,DHANJI STREET MUMBAI, MUMBAI CITY, KALBADEVI, MAHARASHTRA ,400003",MAHARASHTRA,400003,KALBADEVI,MUMBAI,HIGH,0.83,explicit DISTRICT/DISTT marker in address; city inferred from district-adjacent address token: KALBADEVI,False
be77c747-d7d7-459c-b3bb-8b9687591fc5,1428,NAAKODA HALLMARKING CENTRE,"26 FIRST AGIARY LANEPARSI GALLI FIRST FLOOR KHARAKUWA ZAVERI BAZAR, MUMBAI CITY, MANDVI (MUMBAI), MAHARASHTRA ,400003",MAHARASHTRA,400003,MANDVI,MUMBAI,HIGH,0.83,explicit DISTRICT/DISTT marker in address; city inferred from district-adjacent address token: MANDVI,False
1e885fd0-c9c9-4e82-af68-53c7bacbadeb,1450,NAVKKAR HALLMARKINGS,"Floor No-10TH 2ND FLOOR PLOT-55/57 MIRZA STREETZAVERI BAZAR, MUMBAI, MAHARASHTRA - 400003, MUMBAI CITY, SEWRI, MAHARASHTRA ,400003",MAHARASHTRA,400003,SEWRI,MUMBAI,HIGH,0.83,explicit DISTRICT/DISTT marker in address; city inferred from district-adjacent address token: SEWRI,False
7e1477f7-d441-4566-a5e5-77ace8bf5d16,1493,SHREE VINAYAK HALLMARK,"4th Floor, Office No. 402,76/78, Thakur Plaza,Parikh Niwas, Dhanji Street, Mumbadevi Tempal,, MUMBAI CITY, MANDVI (MUMBAI), MAHARASHTRA ,400003",MAHARASHTRA,400003,MUMBADEVI TEMPAL,MUMBAI,HIGH,0.83,explicit DISTRICT/DISTT marker in address; city inferred from district-adjacent address token: MUMBADEVI TEMPAL,False
a1547b95-5f67-4f44-ada0-5abc4e118da4,1504,SHRI VINDHYAVASINI HALLMARK CENTER,"51/55, Ground Floor, Najami Street,Zaveri Bazar, Mumbai, MUMBAI CITY, MANDVI (MUMBAI), MAHARASHTRA ,400003",MAHARASHTRA,400003,MANDVI,MUMBAI,HIGH,0.83,explicit DISTRICT/DISTT marker in address; city inferred from district-adjacent address token: MANDVI,False
c96942a7-82cf-4cfa-9ebe-4b80d769cde3,1506,PRINCE HALLMARKING AND REFINERY PVT LTD,"UNIT NO. 105, 1 ST FLOOR,PLOT NO. 118, BHARAT INDUTOKERSEY JIVRAJ ROAD,RAM TEKADI, SEWREE- WEST,, MUMBAI CITY, SEWRI, MAHARASHTRA ,400015 OSC Address: SHOP NO. 4, GROUND FLOOR, 115/121,BULLION HOUSE, MUMABADEVI ROAD, NEAR SHARDA HOTEL, MUMBAI CITY, MUMBAI, MAHARASHTRA, 400003",MAHARASHTRA,400003,SEWREE WEST,MUMBAI,HIGH,0.83,explicit DISTRICT/DISTT marker in address; city inferred from district-adjacent address token: SEWREE WEST,False
8ea01a4f-a0f6-415c-8792-0b5180ae4ad7,1515,New Rays Gold lab,"1st Unit 20, Nand Kishore Ind Estate Andheri(E), MUMBAI SUBURBAN, MUMBAI SUBURBAN, MAHARASHTRA ,400093 OSC Address: 3,3 73/77 GOSHALA TRUST BUILDINGZAVERI BAZAAR, MIRZA STREET, MUMBAI CITY, MUMBAI, MAHARASHTRA, 400003",MAHARASHTRA,400003,NAND,MUMBAI SUBURBAN,HIGH,0.83,explicit DISTRICT/DISTT marker in address; city inferred from district-adjacent address token: NAND,False
4b28e277-3d31-4244-8b27-a328eec57eab,1518,RAJVANSH BULLION HALLMARKING CENTRE,"Office No. 29, 3rd Floor, Plot 3/7, NavnidhanBuilding, Dhanji Street, Zaveri Bazar,, MUMBAI CITY, MANDVI (MUMBAI), MAHARASHTRA ,400003",MAHARASHTRA,400003,MANDVI,MUMBAI,HIGH,0.83,explicit DISTRICT/DISTT marker in address; city inferred from district-adjacent address token: MANDVI,False
916b9e21-2513-411f-ad9b-a10b1ebb5b38,1524,New Hem Assaying & Hallmarking Center,"Floor 3, 68, Plot-285/305, Krishna Niwas,Yusuf Meherali Road, Mumbadevi Temple, Mandvi, MUMBAI CITY, MANDVI (MUMBAI), MAHARASHTRA ,400003",MAHARASHTRA,400003,MANDVI,MUMBAI,HIGH,0.83,explicit DISTRICT/DISTT marker in address; city inferred from district-adjacent address token: MANDVI,False
933c8c49-cb27-4322-b8ca-b4f491dfba19,1617,kalyan Hallmark Centre,"Office no 39,40,41 1st floorMahavir shopping complex agra road, THANE, THANE, MAHARASHTRA ,421301 OSC Address: 305/307 , yusuf meherali road , 74 krishna niwas , 4thfloorpaydhuniecity mumbai, MUMBAI CITY, MUMBAI, MAHARASHTRA, 400003",MAHARASHTRA,400003,4THFLOORPAYDHUNIECITY,THANE,HIGH,0.83,explicit DISTRICT/DISTT marker in address; city inferred from district-adjacent address token: 4THFLOORPAYDHUNIECITY,False
48276e5a-762e-4b7e-adee-630c0d0eb772,1399,International Hallmark & Assay Pvt Ltd,"4th Floor, Ratan Bhavan, Opp Sagar Bhavan,Main Bha, JALGAON, JALGAON, MAHARASHTRA ,425001",MAHARASHTRA,425001,MAIN BHA,JALGAON,HIGH,0.83,explicit DISTRICT/DISTT marker in address; city inferred from district-adjacent address token: MAIN BHA,False
4608b1de-6fa5-4d4c-9ee1-c4c31da275b0,1435,SHREE ADINATH LAB,"1723/A2, FIRST & SECOND FLOORSARAF BAZAR BHAVANI PETH, JALGAON, JALGAON, MAHARASHTRA ,425001",MAHARASHTRA,425001,A2,JALGAON,HIGH,0.83,explicit DISTRICT/DISTT marker in address; city inferred from district-adjacent address token: A2,False
ac4de1b0-7758-44f2-ba6c-1ad6984d9371,1459,OSKAR HALLMARK CENTRE LLP,"1ST FLOOR, 152 SARAF BAZAAR , BALAJI PETHJALGAON, JALGAON, JALGAON, MAHARASHTRA ,425001",MAHARASHTRA,425001,BALAJI PETH,JALGAON,HIGH,0.83,explicit DISTRICT/DISTT marker in address; city inferred from district-adjacent address token: BALAJI PETH,False
429d7c9d-24bc-4b82-a52e-91d02ff70112,1615,JALGAON HALLMARK AND ASSAYING CENTER,"H NO.99 C S NO 1732, SARAF BAZAR,BHAVANI PETH, JALGAON,, JALGAON, JALGAON, MAHARASHTRA ,425001",MAHARASHTRA,425001,BHAVANI PETH,JALGAON,HIGH,0.83,explicit DISTRICT/DISTT marker in address; city inferred from district-adjacent address token: BHAVANI PETH,False
1919d5d7-12fa-4fc7-b15b-9c5bb70d1d90,1625,NEW PRECISION ASSAYING & HALLMARKING CENTRE,"GROUND FLOOR, 1697A/43, SHOP NO 1 & 2, SITARAM SHAMBHURESIDENCY BHAWANI PETH ROAD, JALGAON, JALGAON, JALGAON, MAHARASHTRA ,425001",MAHARASHTRA,425001,1697A,JALGAON,HIGH,0.83,explicit DISTRICT/DISTT marker in address; city inferred from district-adjacent address token: 1697A,False
a2873208-2c59-42c0-ad95-bf26d2b0371d,1404,NCH Services Pvt Ltd,"9/445/A/101, ""Matru Parag,Azad Chowk, Valsad, VALSAD, VALSAD, GUJARAT ,396001",GUJARAT,396001,MATRU PARAG,VALSAD,HIGH,0.83,explicit DISTRICT/DISTT marker in address; city inferred from district-adjacent address token: MATRU PARAG,False
c5b0ffc7-dbac-4647-aedf-db5dd5bf6b48,1406,Mahavir Assaying and hallmarking Centre LLP,"Parshwa Gold Building ,Raviwar Peth , Pune3rd floor , CTS No 486, 487, 489, PUNE, PUNE CITY, MAHARASHTRA ,411002",MAHARASHTRA,411002,3RD FLOOR,PUNE,HIGH,0.83,explicit DISTRICT/DISTT marker in address; city inferred from district-adjacent address token: 3RD FLOOR,False
4586e573-bd24-4656-be7d-bd327f6e35a7,1426,GN HALLMARKING A UNIT OF AV GOLD PVT LTD,"809,BUDHWAR PETH , MAHONAHR BHAVN ,3RD FLOORFLAT NO -7,MOTI CHOWK ,PUNE, PUNE, PUNE CITY, MAHARASHTRA ,411002",MAHARASHTRA,411002,MAHONAHR BHAVN,PUNE,HIGH,0.83,explicit DISTRICT/DISTT marker in address; city inferred from district-adjacent address token: MAHONAHR BHAVN,False
9009efd5-3b83-45d1-a72f-c7f174f49b7b,1443,G N HALLMARKING CENTRE,"746/B,1st & 2 nd floor,Raviwar Peth, Pune, PUNE, RAVIWAR PETH, MAHARASHTRA ,411002",MAHARASHTRA,411002,RAVIWAR PETH,PUNE,HIGH,0.83,explicit DISTRICT/DISTT marker in address; city inferred from district-adjacent address token: RAVIWAR PETH,False
6775b050-c738-41b0-a9e8-487dc92085c6,1445,Mahalakshmi Hallmarkings,"CTS NO.450, ASHA APARTMENT, 1ST FLOOR, BAGADE ROADRAVIWAR PETH,PUNE, PUNE, RAVIWAR PETH, MAHARASHTRA ,411002",MAHARASHTRA,411002,BAGADE ROADRAVIWAR PETH,PUNE,HIGH,0.83,explicit DISTRICT/DISTT marker in address; city inferred from district-adjacent address token: BAGADE ROADRAVIWAR PETH,False
5365b046-9895-402d-bd1c-9a06614a9ba2,1448,OMKAR HALLMARKING CENTRE,"479 GIRIRAJ SADAN,3RD FLOORPUNE-411002, PUNE, RAVIWAR PETH, MAHARASHTRA ,411002",MAHARASHTRA,411002,3RD FLOOR,PUNE,HIGH,0.83,explicit DISTRICT/DISTT marker in address; city inferred from district-adjacent address token: 3RD FLOOR,False
444e85d2-eaac-4a08-a3e4-861ef153c083,1570,JOGESHWARI HALLMARKING CENTER,"CTS 982, LAXMI ROAD, NEAR TAMBOLI MASJIDRAVIWAR PETH, Pune, Maharashtra, 411002, PUNE, RAVIWAR PETH, MAHARASHTRA ,411002",MAHARASHTRA,411002,TAMBOLI MASJIDRAVIWAR PETH,PUNE,HIGH,0.83,explicit DISTRICT/DISTT marker in address; city inferred from district-adjacent address token: TAMBOLI MASJIDRAVIWAR PETH,False
b7ccbe22-02c3-4cd5-9458-7d7e15d5876d,1571,S G HALLMARK CENTRE,"CTS NO 754, OFFICE NO 504, JEWEL SQUARE,RAVIWAR PETH, PUNE,, PUNE, RAVIWAR PETH, MAHARASHTRA ,411002",MAHARASHTRA,411002,RAVIWAR PETH,PUNE,HIGH,0.83,explicit DISTRICT/DISTT marker in address; city inferred from district-adjacent address token: RAVIWAR PETH,False
3e9517a1-fda8-41b9-9e9e-f423ff49b7f5,1575,PATIL HALLMARKING CENTER,"1ST FLOOR, S NO. 736, MOTI CHOWK,RAVIWAR PETH, PUNE, Pune, Maharashtra, 411002, PUNE, PUNE, MAHARASHTRA ,411002",MAHARASHTRA,411002,RAVIWAR PETH,PUNE,HIGH,0.83,explicit DISTRICT/DISTT marker in address; city inferred from district-adjacent address token: RAVIWAR PETH,False
e86d6f48-8640-4026-a4fc-d9c2a0a75789,1578,SHREE MAHAVIR HALLMARKING CENTRE,"BALAJI UTSAV BUILDING CTS NO 866 ,867 RAVIWAR PETH ,B O NUMBER 3, PUNE, PUNE CITY, MAHARASHTRA ,411002",MAHARASHTRA,411002,B O NUMBER 3,PUNE,HIGH,0.83,explicit DISTRICT/DISTT marker in address; city inferred from district-adjacent address token: B O NUMBER 3,False
fc6873a3-9735-4e68-b103-fba829302d0d,1579,D N HALLMARKING CENTRE,"2nd FLOOR, 865, BUDHWAR PETHSONYA MARUTI CHOWK, LAKSHMI ROAD, PUNE, PUNE, MAHARASHTRA ,411002",MAHARASHTRA,411002,2ND FLOOR,PUNE,HIGH,0.83,explicit DISTRICT/DISTT marker in address; city inferred from district-adjacent address token: 2ND FLOOR,False
28cbf693-a256-4e7b-bb10-67623c6beed8,1583,IKON S R HALLMARKING,"Flat 5, Ravi Apt, Ravivar Peth, Pune- 411002, PUNE, PETH (PUNE), MAHARASHTRA ,411002",MAHARASHTRA,411002,PETH,PUNE,HIGH,0.83,explicit DISTRICT/DISTT marker in address; city inferred from district-adjacent address token: PETH,False
cc0d9fa7-6689-4239-a6a6-6d00dec86dc4,1584,S K HALLMARKINGS,"746/B,3RD FLOOR,RAVIWAR PETH,OPP. AGARWAL DAIRY PUNE, PUNE, PUNE CITY, MAHARASHTRA ,411002",MAHARASHTRA,411002,AGARWAL DAIRY,PUNE,HIGH,0.83,explicit DISTRICT/DISTT marker in address; city inferred from district-adjacent address token: AGARWAL DAIRY,False
d3f75cca-5326-4d65-90af-4dc61434a85e,1586,SHREE PARSHWA HALLMARKING CENTER,"1st Floor, Sr. No 491, Pandurang Niwas,1st FloorMoti Chowk, Raviwar Peth, Pune, Maharashtra, 41100, PUNE, PUNE, MAHARASHTRA ,411002",MAHARASHTRA,411002,RAVIWAR PETH,PUNE,HIGH,0.83,explicit DISTRICT/DISTT marker in address; city inferred from district-adjacent address token: RAVIWAR PETH,False
873bee09-5f75-4536-ae07-4e9b5c3fbaed,1599,J S HALLMARKING A UNIT OF GOLD,"OFFICE 101, FIRST FLOOR, 774, NOVEL BUILDINGSTATION ROAD, MULACHEY HOSPITAL, RAVIWAR PETH, PUNE, PUNE, MAHARASHTRA ,411002",MAHARASHTRA,411002,RAVIWAR PETH,PUNE,HIGH,0.83,explicit DISTRICT/DISTT marker in address; city inferred from district-adjacent address token: RAVIWAR PETH,False
4c415cab-8bed-4de2-a643-fa2e3f69c8be,1603,SRI KRISHNA ASSAYING AND HALLMARKING CENTRE,"FOURTH FLOOR, OFFICE NO 424, KALYAN CHAMBERSCHS LTD, CTS 811, RAVIWAR PETH,, PUNE, RAVIWAR PETH, MAHARASHTRA ,411002",MAHARASHTRA,411002,RAVIWAR PETH,PUNE,HIGH,0.83,explicit DISTRICT/DISTT marker in address; city inferred from district-adjacent address token: RAVIWAR PETH,False
3c9ff3b8-c97e-4941-a63c-a8721f4c9a35,1604,NEW TRISHUL HALLMARKING CENTER,"1ST FLOOR, GURUPRASAD APT., RAVIVAR PETH, PUNE, PUNE, RAVIWAR PETH, MAHARASHTRA ,411002",MAHARASHTRA,411002,RAVIVAR PETH,PUNE,HIGH,0.83,explicit DISTRICT/DISTT marker in address; city inferred from district-adjacent address token: RAVIVAR PETH,False
e9b73e7e-590e-4a91-92ba-79aa1da1bdfb,1606,SIDDHANATH HALLMARKING CENTRE,"755A, Raviwar Peth, Raviwar Peth,Pune, Maharashtra, 411002, PUNE, PUNE CITY, MAHARASHTRA ,411002",MAHARASHTRA,411002,RAVIWAR PETH,PUNE,HIGH,0.83,explicit DISTRICT/DISTT marker in address; city inferred from district-adjacent address token: RAVIWAR PETH,False
b50a61a3-6378-44f5-882f-3fc685753efb,1407,SBR HALLMARKING CENTRE,"PLOT NO 851,SHREEJI KRUPA COMLPEX ,(ABOVE ICICI BANK),NEW ITWARI ROAD,ITWARI, NAGPUR, NAGPUR CITY, MAHARASHTRA ,440002",MAHARASHTRA,440002,ITWARI,NAGPUR,HIGH,0.83,explicit DISTRICT/DISTT marker in address; city inferred from district-adjacent address token: ITWARI,False
c237bedd-f71c-4f52-80ca-0ef4792e9fa4,1641,NEW SHREE SANT NARHARI MAHARAJ HALLMARKING CENTRE,"1165/A, VAISHNAVI BUILDING, NIKALAS MANDIR ROAD, OJAS JEWELLERS, ITWARINAGPUR, MAHARASHTRA-440002, NAGPUR, NAGPUR CITY, MAHARASHTRA ,440002",MAHARASHTRA,440002,ITWARI,NAGPUR,HIGH,0.83,explicit DISTRICT/DISTT marker in address; city inferred from district-adjacent address token: ITWARI,False
205c7cf5-0ee7-4382-b8d1-89389a3d2dd9,1643,RIDDHI SIDDHI HALLMARK,"SHOP NO-B-4,5,9,10 JAI MAHAVEER COMPLEXBHAJI MANDI ,ITWARI, NAGPUR, NAGPUR CITY, MAHARASHTRA ,440002",MAHARASHTRA,440002,ITWARI,NAGPUR,HIGH,0.83,explicit DISTRICT/DISTT marker in address; city inferred from district-adjacent address token: ITWARI,False
901aee31-6b49-4535-9559-24c2bd9f87f8,1648,SHREE JYOTI HALLMARKING & ASSAYING CENTRE,"1ST FLOOR, SHOP NO. 5,6,7,& 8, R SANDESH COMPLEX,OLD BHAJI MANDI, NAGPUR, MAHARASHTRA-440002, NAGPUR, NAGPUR CITY, MAHARASHTRA ,440002",MAHARASHTRA,440002,OLD BHAJI MANDI,NAGPUR,HIGH,0.83,explicit DISTRICT/DISTT marker in address; city inferred from district-adjacent address token: OLD BHAJI MANDI,False
d046f613-bbda-454a-a2ee-dfb187999bef,1649,SHIV MALHAR HALLMARKING CENTER,"Ground Floor, 1086/A/10, Shop no.G1G2G3, F101F102FF1C, Nilam Chambers, Bhaji Mandi Itwari, Nagpur, NAGPUR, NAGPUR CITY, MAHARASHTRA ,440002",MAHARASHTRA,440002,BHAJI MANDI ITWARI,NAGPUR,HIGH,0.83,explicit DISTRICT/DISTT marker in address; city inferred from district-adjacent address token: BHAJI MANDI ITWARI,False
75709231-1029-4d04-9370-9831effc1061,1650,NEW S B HALLMARKING CENTER,"BEHIND MOTI BHAWAN,BHAJI MANDI, ROOMM NO.10,11,12,16,17,18, HOUSE NO.1064, Amrit Tara Building, NAGPUR, NAGPUR CITY, MAHARASHTRA ,440002",MAHARASHTRA,440002,AMRIT TARA BUILDING,NAGPUR,HIGH,0.83,explicit DISTRICT/DISTT marker in address; city inferred from district-adjacent address token: AMRIT TARA BUILDING,False
9be609dc-4635-488d-bd29-a481efdf7f7b,1408,PADMINI BULLION REFINERY,"101 TO 105 KARANJE GOLD ENCLAVEEAST MANGALWAR PETH, SOLAPUR, MANGALWAR PETH (SOLAPUR), MAHARASHTRA ,413002",MAHARASHTRA,413002,101 TO 105 KARANJE GOLD ENCLAVEEAST MANGALWAR PETH,SOLAPUR,HIGH,0.83,explicit DISTRICT/DISTT marker in address; city inferred from district-adjacent address token: 101 TO 105 KARANJE GOLD ENCLAVEEAST MANGALWAR PETH,False
0d6cdf52-2385-424a-ae35-c5771b0ee134,1478,Shri Ram Assaying & Hallmark Centre,"Ground Floor, Shop No. 10, Kuldaivat Gold Market,416, East Mangalwar Peth, Solapur, SOLAPUR, SOLAPUR, MAHARASHTRA ,413002",MAHARASHTRA,413002,EAST MANGALWAR PETH,SOLAPUR,HIGH,0.83,explicit DISTRICT/DISTT marker in address; city inferred from district-adjacent address token: EAST MANGALWAR PETH,False
ff95b704-9fb5-4cd1-bb49-b257f8abb723,1588,PP ASSAYING AND HALLMARKING CENTRE,"360/361, PP ASSAYING & HALLMARKING CENTRE, SOLAPURNORTH, NEAR SARAF BAZAAR, PURV MANGALWAR PETH, SOLAPUR, SOLAPUR, MAHARASHTRA ,413002",MAHARASHTRA,413002,PURV MANGALWAR PETH,SOLAPUR,HIGH,0.83,explicit DISTRICT/DISTT marker in address; city inferred from district-adjacent address token: PURV MANGALWAR PETH,False
a693ad03-69c9-4a57-9d99-71d83bf072d1,1409,JAY SAMOR HALLMARKING CENTRE,"1st FLOOR, P.V.COMPLEX, GANDHI ROAD, MAIN BAZAR, PATAN, PATAN, GUJARAT ,384265",GUJARAT,384265,P V COMPLEX,PATAN,HIGH,0.83,explicit DISTRICT/DISTT marker in address; city inferred from district-adjacent address token: P V COMPLEX,False
1b492f23-4ae6-432b-a030-312232ee1d60,1411,Kannika Assaying & Hallmarking Centre,"544 K, Peth Bag, Jain Mandir Road,Gavali Galli, Taluka: Miraj, Dist: Sangli, SANGLI, MIRAJ, MAHARASHTRA ,416416",MAHARASHTRA,416416,MIRAJ,SANGLI,HIGH,0.83,explicit DISTRICT/DISTT marker in address; city inferred from district-adjacent address token: MIRAJ,False
99a45727-5997-4160-a99a-9707927dc25e,1449,Sonai Hallmark Center,"Ganpati Peth,664,Sanchit Hight,Pethbhag,Sangli, SANGLI, GANPATI PETH SANGLI, MAHARASHTRA ,416416",MAHARASHTRA,416416,PETHBHAG,SANGLI,HIGH,0.83,explicit DISTRICT/DISTT marker in address; city inferred from district-adjacent address token: PETHBHAG,False
615c5b1c-9eaf-442c-86f3-68278ebeaa92,1483,KUBER ASSAYING AND HALLMARKING CENTRE,"607-1,SABANE COMPLEX, PETHBHAG, SANGLISANGLI, SANGLI, GANPATI PETH SANGLI, MAHARASHTRA ,416416",MAHARASHTRA,416416,GANPATI PETH,SANGLI,HIGH,0.83,explicit DISTRICT/DISTT marker in address; city inferred from district-adjacent address token: GANPATI PETH,False
3b5ab503-7ebd-4eeb-a0a5-0ed145c1a77a,1574,MAHADIK ASSAYING AND HALLMARKING CENTER,"Ground Floor and 1st Floor, 569/1, GANPATI PETHNEAR JAIN BASTI SANGLI, Peth Bhag, Gujar bol,, SANGLI, SANGLI, MAHARASHTRA ,416416",MAHARASHTRA,416416,GUJAR BOL,SANGLI,HIGH,0.83,explicit DISTRICT/DISTT marker in address; city inferred from district-adjacent address token: GUJAR BOL,False
a442a58d-0784-48c2-8512-67758eed7a14,1577,VARAD ASSAYING & HALLMARKING CENTRE,"S NO 919 A SADASUKH APARTMENT F 14 & 15SARAF KATTA , SANGLI, SANGLI, SANGLI, MAHARASHTRA ,416416",MAHARASHTRA,416416,,SANGLI,MEDIUM,0.55,explicit DISTRICT/DISTT marker in address,True
a4601b4e-131d-44b9-bea8-e9e43ae798ed,1594,SHRI DHANALAXMI HALLMARKING AND ASSAYING CENTRE,"C S No. 1008 / A1, 1, Kunte Wada,Harbhat Road Main Road, Sangli,, SANGLI, SANGLI, MAHARASHTRA ,416416",MAHARASHTRA,416416,KUNTE WADA,SANGLI,HIGH,0.83,explicit DISTRICT/DISTT marker in address; city inferred from district-adjacent address token: KUNTE WADA,False
fae31459-981b-4ce7-8ea5-8c3af57bff96,1598,JANTA HALLMARKING CENTRE,"Ground Floor, Shop No.S-1, C.S No-1018,RaghupratapComplex, Harbhat Road, Sangli, Maharashtra-416416, SANGLI, SANGLI CITY, MAHARASHTRA ,416416",MAHARASHTRA,416416,RAGHUPRATAPCOMPLEX,SANGLI,HIGH,0.83,explicit DISTRICT/DISTT marker in address; city inferred from district-adjacent address token: RAGHUPRATAPCOMPLEX,False
c4ed087c-f822-4665-bbb4-c9c4ed0a1a52,1613,BAHUBALI HALLMARKING & ASSAYING CENTRE,"BASEMENT FLOOR, GALA NO 4/5, C.S.NO 839B,SADHUDAS NIWAS, PETHABHAG, SANGLI, SANGLI, SANGLI, MAHARASHTRA ,416416",MAHARASHTRA,416416,PETHABHAG,SANGLI,HIGH,0.83,explicit DISTRICT/DISTT marker in address; city inferred from district-adjacent address token: PETHABHAG,False
1fc6887d-9837-48ef-ae66-fa0b4dd21727,1412,M B HALLMARK CENTRE,"104, VARDHAMAN SHOPPING CENTER, ABOVE TUNGARESHWAROPPOSITE RAILWAY STATION, VASAI WEST, PALGHAR, PALGHAR, MAHARASHTRA ,401202",MAHARASHTRA,401202,VASAI WEST,PALGHAR,HIGH,0.83,explicit DISTRICT/DISTT marker in address; city inferred from district-adjacent address token: VASAI WEST,False
ed3d91d2-d253-4e1d-b474-619549745e8a,1558,SHREE GANESH HALLMARKING & ASSAY CENTER,"FLAT NO.9,2nd FLOOR ,SHYAM KUNJ APARTMENT,NAVGHAR,VASAI(W), PALGHAR, VASAI, MAHARASHTRA ,401202",MAHARASHTRA,401202,VASAI W,PALGHAR,HIGH,0.83,explicit DISTRICT/DISTT marker in address; city inferred from district-adjacent address token: VASAI W,False
03e8d099-b294-4830-8b74-c8ca4d22f89f,1416,G N Hallmarking s A unit of Multiplex Enterprises Pvt Ltd,"Shah & Nahar Industrial Estate, A-1,G-142,1st Floor, Sitaram Jadhav Marg, Lower Pare, MUMBAI CITY, PRABHADEVI, MAHARASHTRA ,400013",MAHARASHTRA,400013,LOWER PARE,MUMBAI,HIGH,0.83,explicit DISTRICT/DISTT marker in address; city inferred from district-adjacent address token: LOWER PARE,False
0066b914-224d-4f1d-b6ea-df05dba92881,1462,MAHAVIR HALLMARKING CENTRE PRIVATE LIMITED,"401 & 402, 4TH FLOOR, 127-129, ROYAL HOUSE,ZAVERI BAZAR, SHEIKH MEMON STREET, KALBADEVI, MUMBAI CITY, KALBADEVI, MAHARASHTRA ,400002 OSC Address: Office no 30, A2, Shah and nahar industrial estate,sitaram Jadhav marg, lower parel west, MUMBAI CITY, MUMBAI, MAHARASHTRA, 400013",MAHARASHTRA,400013,KALBADEVI,MUMBAI,HIGH,0.83,explicit DISTRICT/DISTT marker in address; city inferred from district-adjacent address token: KALBADEVI,False
d3606d88-c7e7-4890-bfe0-431fab3b0ca5,1496,GURU HALLMARKING LLP,"153, FIRST, A TO Z INDUSTRIAL ESTATE,DELISLE ROAD, GANPAT RAO KADAM MARG, LOWER PAREL, MUMBAI CITY, DELISLE ROAD, MAHARASHTRA ,400013",MAHARASHTRA,400013,LOWER PAREL,MUMBAI,HIGH,0.83,explicit DISTRICT/DISTT marker in address; city inferred from district-adjacent address token: LOWER PAREL,False
949bd084-93ea-4e7b-b98b-c06fa5bb17cd,1508,GOLDTECH HALLMARKING COMPANY,"UNIT NO.336, 3RD FLOOR, A/1, SHAH AND NAHAR INDUSTRIAL ESTATE , DHANRAJMILL COMPOUND, 159, SITARAM JADHAV MARG, LOWER PAREL, MUMBAI CITY, MAHARASHTRA - 400013, MUMBAI CITY, MUMBAI CENTRAL, MAHARASHTRA ,400013",MAHARASHTRA,400013,LOWER PAREL,MUMBAI,HIGH,0.83,explicit DISTRICT/DISTT marker in address; city inferred from district-adjacent address token: LOWER PAREL,False
2e15bdbe-571b-447d-a96a-135b16238dc1,1517,VARSHABULLION HALLMARKING CENTRES,"BASEMENT FLOOR, A WING, TRADE HOUSE,SENAPATI BAPAT MARG, LOWER PAREL, MUMBAI CITY, MUMBAI, MAHARASHTRA ,400013",MAHARASHTRA,400013,LOWER PAREL,MUMBAI,HIGH,0.83,explicit DISTRICT/DISTT marker in address; city inferred from district-adjacent address token: LOWER PAREL,False
58db365d-a643-4732-8d48-9967197053c4,1418,Mahalaxmi Hallmark Centre,"260, B-Ward, Khardekar Bol,Parit Galli, Gujari, Kolhapur., KOLHAPUR, KOLHAPUR, MAHARASHTRA ,416012",MAHARASHTRA,416012,GUJARI,KOLHAPUR,HIGH,0.83,explicit DISTRICT/DISTT marker in address; city inferred from district-adjacent address token: GUJARI,False
11e94ee7-4bef-448e-bfaf-224ff34de5dd,1438,SHRIRAM ASSAYING AND HALLMARKING CENTRE,"Flat no 13,1st floor,Savitri plaza,Bhende galliCS No.156-157,Gujari,C ward,Karveer,Kolhapur, KOLHAPUR, KOLHAPUR, MAHARASHTRA ,416012",MAHARASHTRA,416012,KARVEER,KOLHAPUR,HIGH,0.83,explicit DISTRICT/DISTT marker in address; city inferred from district-adjacent address token: KARVEER,False
7859c135-7b78-41f2-9ab3-582940fa31b7,1419,GIRIJA HALLMARKING CENTRE,"SHOP NO 101KIBE SANKUL MARUTI LANE RATNAGIRI, RATNAGIRI, RATNAGIRI, MAHARASHTRA ,415612",MAHARASHTRA,415612,101KIBE SANKUL MARUTI LANE,RATNAGIRI,HIGH,0.83,explicit DISTRICT/DISTT marker in address; city inferred from district-adjacent address token: 101KIBE SANKUL MARUTI LANE,False
aa82b318-c9f0-4c23-be55-4e5189d253e6,1420,Shree Shiv Shakti Assaying & Hallmarking centre,"Office No. 117, Vikas Paradise,Bhakti Marg, Mulund (W), MUMBAI SUBURBAN, MUMBAI SUBURBAN, MAHARASHTRA ,400080",MAHARASHTRA,400080,MULUND,MUMBAI SUBURBAN,HIGH,0.83,explicit DISTRICT/DISTT marker in address; city inferred from district-adjacent address token: MULUND,False
3d5a97c0-83cf-4acc-8924-978369afe02d,1530,NITYANAND HALLMARKING CENTER MULUND,"C-WING 101 JAY COMMERICAL COMPLEXSLROAD MG ROAD MULUND WEST, MUMBAI SUBURBAN, MUMBAI SUBURBAN, MAHARASHTRA ,400080",MAHARASHTRA,400080,,MUMBAI SUBURBAN,MEDIUM,0.55,explicit DISTRICT/DISTT marker in address,True
160da481-f0a8-4bed-a445-cf2040acb019,1424,Alankar Hallmarking Centre,"202,Shambhu Complex Vad chowk Rajmarg Vad Chowk, RAJKOT, UPLETA LATI PLOT, GUJARAT ,360490",GUJARAT,360490,UPLETA LATI PLOT,RAJKOT,HIGH,0.83,explicit DISTRICT/DISTT marker in address; city inferred from district-adjacent address token: UPLETA LATI PLOT,False
13ce674b-3052-4ccf-8acf-c41ff41036cd,1425,MAYUR HALLMARKING CENTRE,"MAYUR, SHINGADA TALAO,GURUDWARA ROAD, NASHIK, NASHIK, NASHIK CITY, MAHARASHTRA ,422001",MAHARASHTRA,422001,SHINGADA TALAO,NASHIK,HIGH,0.83,explicit DISTRICT/DISTT marker in address; city inferred from district-adjacent address token: SHINGADA TALAO,False
74fbbf23-f9ad-48df-9075-75eb286abe1b,1618,ASHAPURI HALLMARK AND REFINERY,"CTC NO.1369 HOUSE NO 925, MUSALGAONKAR WADAJIJAMATA ROAD, Saraf Bazar, NASHIK, NASHIK CITY, MAHARASHTRA ,422001",MAHARASHTRA,422001,,NASHIK,MEDIUM,0.55,explicit DISTRICT/DISTT marker in address,True
e8e3359c-60dc-4340-b849-22dc4f541fc4,1622,N B HALLMARKING CENTER,"SHOP NO. 23, HOUSE NO. 881,2ND FLOOR, AMBIKA MARKET,SARAFA BAZAAR, RB GOLD CENTRE, PANCHAVATI, NASHIK, NASHIK MAIN ROAD, MAHARASHTRA ,422001",MAHARASHTRA,422001,PANCHAVATI,NASHIK,HIGH,0.83,explicit DISTRICT/DISTT marker in address; city inferred from district-adjacent address token: PANCHAVATI,False
d2310972-b97d-419a-a1b5-1a6703f875d8,1629,NEW HITESH HALLMARKING AND RESERCH CENTER,"Shop No. 13/17, Kalika Complex, Jijamata Road,Saraf Bazar, Nashik, Maharashtra, 422001, NASHIK, NASHIK CITY, MAHARASHTRA ,422001",MAHARASHTRA,422001,KALIKA COMPLEX,NASHIK,HIGH,0.83,explicit DISTRICT/DISTT marker in address; city inferred from district-adjacent address token: KALIKA COMPLEX,False
b25b752f-a8d4-479b-9837-0eefe3a34c3f,1427,VARIETY HALLMARK,"UNIT 122, BLUE ROSE INDUSTRIES PREMISES,1ST FLOOR,OFF W.E. HIGHWAY, BORIVLI [EAST], MUMBAI, MAHARASHTRA, MUMBAI CITY, BORIVALI WEST, MAHARASHTRA ,400066",MAHARASHTRA,400066,BORIVLI EAST,MUMBAI,HIGH,0.83,explicit DISTRICT/DISTT marker in address; city inferred from district-adjacent address token: BORIVLI EAST,False
1edc3839-b294-49aa-b5ce-699c2a39a960,1568,Prince Assaying and Hallmarking Center,"Office No. A104, Priya Apartment, Near MahavirPhoto Studio, Main Kasturba Road, Borivali (East),, MUMBAI SUBURBAN, MUMBAI SUBURBAN, MAHARASHTRA ,400066",MAHARASHTRA,400066,BORIVALI,MUMBAI SUBURBAN,HIGH,0.83,explicit DISTRICT/DISTT marker in address; city inferred from district-adjacent address token: BORIVALI,False
d061a745-d09d-40e4-b38d-9f1233f05f62,1437,SHREE GIRIRAJ HALLMARKING CENTRE,"SHOP NO 4, SHIV SHOPPING MOL,DERA STREET NANI BAZAR, GONDAL, Rajkot, Gujarat, RAJKOT, GONDAL, GUJARAT ,360311",GUJARAT,360311,GONDAL,RAJKOT,HIGH,0.83,explicit DISTRICT/DISTT marker in address; city inferred from district-adjacent address token: GONDAL,False
b698dc48-3bea-4adb-a4ae-393640349e0f,1439,SHRI SADGURU HALLMARKING CENTER,"SHOP NO.28, SURMALHAR CHS, PLOT NO.43, SECTOR 36,K, RAIGAD, JCI KAMOTHE, MAHARASHTRA ,410209",MAHARASHTRA,410209,K,RAIGAD,HIGH,0.83,explicit DISTRICT/DISTT marker in address; city inferred from district-adjacent address token: K,False
1563b352-b93e-4b0d-ba37-537b854e83c5,1440,R J HALLMARKING CENTRE,"Office No.5, 1st Floor,Ajanta Co-OperativePremises Society Ltd,Tilak Road, Santacruz (west), MUMBAI CITY, SANTACRUZ(WEST), MAHARASHTRA ,400054",MAHARASHTRA,400054,SANTACRUZ,MUMBAI,HIGH,0.83,explicit DISTRICT/DISTT marker in address; city inferred from district-adjacent address token: SANTACRUZ,False
fd2e9ca5-c2f2-40fc-9cb8-df4b959b820b,1533,SHREE GANESH HALLMARK CENTRE,"SHOP NO.3 PLOT NO. 176,177,178 GROUND FLOOR KANTATERRACE Co-OPP HSG SOCIETY LTD. P.M ROAD SANTACRUZ, MUMBAI SUBURBAN, MUMBAI SUBURBAN, MAHARASHTRA ,400054",MAHARASHTRA,400054,,MUMBAI SUBURBAN,MEDIUM,0.55,explicit DISTRICT/DISTT marker in address,True
01d3d60c-23db-4d03-91c1-ee0c70f49c0d,1441,VELLOCITY ASSAYING AND HALLMARK CENTRE,"4TH FLOOR,, FLAT NO.12,, BHAVNA BLDGGAUSHALA LANE,RAMLILA MAIDAN,, MALAD-EAST, Mumbai, MUMBAI SUBURBAN, MUMBAI SUBURBAN, MAHARASHTRA ,400097",MAHARASHTRA,400097,MALAD EAST,MUMBAI,HIGH,0.83,explicit DISTRICT/DISTT marker in address; city inferred from district-adjacent address token: MALAD EAST,False
56661928-380d-4631-aa7d-8b35bd727d6c,1442,SURYA HALLMARKINGS,"UNIT NO 412, 4TH FLOOR, BUSSA UDYOG BHAVAN,T.J ROAD, WARD NO- F SOUTH, SEWREEE WEST,MUMBAI., MUMBAI CITY, SEWRI, MAHARASHTRA ,400015",MAHARASHTRA,400015,SEWREEE WEST,MUMBAI,HIGH,0.83,explicit DISTRICT/DISTT marker in address; city inferred from district-adjacent address token: SEWREEE WEST,False
5002452a-3333-464d-8b1b-fa9a3017fc12,1472,GS HALLMARKING CENTRE,"UNIT NO. 112, 1ST FLOOR, BHARAT INDUSTRIAL ESTATET.J. ROAD, SEWREE [WEST] , MUMBAI CITY, MUMBAI CITY, SEWRI, MAHARASHTRA ,400015",MAHARASHTRA,400015,SEWREE WEST,MUMBAI,HIGH,0.83,explicit DISTRICT/DISTT marker in address; city inferred from district-adjacent address token: SEWREE WEST,False
26513cc3-5077-45a4-b320-aff5303533cd,1505,PRINCE HALLMARKING AND REFINERY PVT LTD,"UNIT NO. 105, 1 ST FLOOR,PLOT NO. 118, BHARAT INDUTOKERSEY JIVRAJ ROAD,RAM TEKADI, SEWREE- WEST,, MUMBAI CITY, SEWRI, MAHARASHTRA ,400015",MAHARASHTRA,400015,SEWREE WEST,MUMBAI,HIGH,0.83,explicit DISTRICT/DISTT marker in address; city inferred from district-adjacent address token: SEWREE WEST,False
0cb40629-c3de-49a0-96f5-b1db80e3f160,1520,Vijay Assaying & Hallmarking Centre,"2nd Floor,Unit No.208,Bharat Industrial Estate,T.J.Road ,Sewri West ,Mumbai, MUMBAI CITY, MUMBAI CENTRAL, MAHARASHTRA ,400015",MAHARASHTRA,400015,SEWRI WEST,MUMBAI,HIGH,0.83,explicit DISTRICT/DISTT marker in address; city inferred from district-adjacent address token: SEWRI WEST,False
280190f7-f749-4c0f-a360-d3cead73de62,1526,RATHOD HALLMARKING CENTER,"Unit 426, BUSSA UDYOG BHAVAN INDUSTRIAL PREMISESTOKERSEY JIVRAJ ROAD,SEWREE WEST,MUMBAI, MUMBAI CITY, SEWRI, MAHARASHTRA ,400015",MAHARASHTRA,400015,SEWREE WEST,MUMBAI,HIGH,0.83,explicit DISTRICT/DISTT marker in address; city inferred from district-adjacent address token: SEWREE WEST,False
96563bc6-5592-4811-bb41-c628c287410b,1531,QUALITY ASSAY & HALLMARKS LLP,"UNIT NO.311&312,THIRD FLOOR,REGAL INDUSTRIALESTATE, ACHARYA DHONDE MARG,SEWREE WEST, MUMBAI, MUMBAI CITY, SEWRI, MAHARASHTRA ,400015",MAHARASHTRA,400015,SEWREE WEST,MUMBAI,HIGH,0.83,explicit DISTRICT/DISTT marker in address; city inferred from district-adjacent address token: SEWREE WEST,False
d9851b29-e427-4e82-b39a-a19a535bba74,1534,Sukraa hallmarking centre,"no-321 floor -3 bussa udayog bhavan,tokersey jivraj road,fish market,sewree, mumbai, MUMBAI CITY, MUMBAI CENTRAL, MAHARASHTRA ,400015",MAHARASHTRA,400015,SEWREE,MUMBAI,HIGH,0.83,explicit DISTRICT/DISTT marker in address; city inferred from district-adjacent address token: SEWREE,False
509c9730-dca9-4e8c-a4ca-61949fa0cfec,1535,MAA AMBE HALLMARKING CENTRE,"1st Floor, 238,116,Regal Industrial Estate,Acharya Donde Marg, Sewari, Mumbai, 400015, MUMBAI CITY, SEWRI, MAHARASHTRA ,400015",MAHARASHTRA,400015,SEWARI,MUMBAI,HIGH,0.83,explicit DISTRICT/DISTT marker in address; city inferred from district-adjacent address token: SEWARI,False
6ba6b311-2538-42c0-a1e8-f6ac74ec405f,1545,SPS hallmarks,"1st Floor, Unit No 7, Rajeev Industrial Estate,Sakharam Lanjekar Marg, T.J Road, Sewree W, Mumbai, MUMBAI SUBURBAN, MUMBAI SUBURBAN, MAHARASHTRA ,400015",MAHARASHTRA,400015,SEWREE W,MUMBAI,HIGH,0.83,explicit DISTRICT/DISTT marker in address; city inferred from district-adjacent address token: SEWREE W,False
6391a3da-e949-4dd8-a740-3fba9b1413bf,1553,BHARAT HALLMARKING AND BULLION REFINERY,"3RD FLOOR, UNIT NO.312 NAVNIDI INDUSTRIAL ESTATEACHARYA DONDE MARG SHIVDI NAKA, MUMBAI CITY, SEWRI, MAHARASHTRA ,400015",MAHARASHTRA,400015,SEWRI,MUMBAI,HIGH,0.83,explicit DISTRICT/DISTT marker in address; city inferred from district-adjacent address token: SEWRI,False
ec0dc05e-994c-492b-9c83-168ae420714b,1444,MAHARAJA HALLMARK CENTRE,"ADITI APARTMENT,F-2/A/5,3 RD FLOOR,PLOT NO.12,SECTOR-9,VASHI,NAVI MUMBAI-400703, THANE, VASHI (THANE), MAHARASHTRA ,400703",MAHARASHTRA,400703,NAVI,THANE,HIGH,0.83,explicit DISTRICT/DISTT marker in address; city inferred from district-adjacent address token: NAVI,False
e56f6e5f-6651-4d6f-b09c-eefe7a3214df,1447,NITYANAND ASSAYING AND HALLMARKING CENTER,"4th, Office No.118/120, Ashok House,Shaikh Memon Street, Zaveri Bazar, Kalbadevi,MUMBI, MUMBAI CITY, KALBADEVI, MAHARASHTRA ,400002 OSC Address: Shop No. 11, Ground Flr,Ram Kunj Bldg. R.K Vaidya Road, MUMBAI CITY, MUMBAI, MAHARASHTRA, 400028",MAHARASHTRA,400028,MUMBI,MUMBAI,HIGH,0.83,explicit DISTRICT/DISTT marker in address; city inferred from district-adjacent address token: MUMBI,False
40b64183-51ec-4ff6-bea9-94a7c0569310,1451,SARITA TOUCH AND HALLMARKING CENTRE,"C8-3RD FLOOR SAHYOG NAGAR CHS LTD JOSHI ALI, RAIGAD, PANVEL, MAHARASHTRA ,410206",MAHARASHTRA,410206,PANVEL,RAIGAD,HIGH,0.83,explicit DISTRICT/DISTT marker in address; city inferred from district-adjacent address token: PANVEL,False
77bd6bd9-d589-4d6b-bf79-731ed21efda5,1454,SHREE TRIMURTI HALLMARK CENTRE,"12/578 TRIMURTI NIWAS GROUNG FLOOR,SATPUTE LANE12/578 TRIMURTI NIWAS GROUNG FLOOR,SATPUTE LANE, KOLHAPUR, ICHALKARANJI, MAHARASHTRA ,416115",MAHARASHTRA,416115,SATPUTE LANE,KOLHAPUR,HIGH,0.83,explicit DISTRICT/DISTT marker in address; city inferred from district-adjacent address token: SATPUTE LANE,False
fae217c5-1293-4d95-88b0-7269385992ea,1591,S S ASSAYING AND HALLMARKING CENTRE,"12/553 DAMBAL GALLI D R P ROADICHALKARANJI , KOLHAPUR, ICHALKARANJI, MAHARASHTRA ,416115",MAHARASHTRA,416115,553 DAMBAL GALLI D R P ROADICHALKARANJI,KOLHAPUR,HIGH,0.83,explicit DISTRICT/DISTT marker in address; city inferred from district-adjacent address token: 553 DAMBAL GALLI D R P ROADICHALKARANJI,False
31e60e52-7f9f-46c2-afc2-244f2b7badf6,1602,VARAD HALLMARKING,"H.No 1420, W.No 16, Daywadna Suwarnkar,Infront of Yaswant Process, KOLHAPUR, ICHALKARANJI, MAHARASHTRA ,416115",MAHARASHTRA,416115,INFRONT OF YASWANT PROCESS,KOLHAPUR,HIGH,0.83,explicit DISTRICT/DISTT marker in address; city inferred from district-adjacent address token: INFRONT OF YASWANT PROCESS,False
789d9212-8f0c-4438-9174-3ae17b9d19c5,1456,SWASTIK HALLMARKING CENTER,"H.NO 24, 2ND AND 3RD FLOORNAVI CHAWL, BAZAR PETH, THANE, BHIWANDI, MAHARASHTRA ,421302",MAHARASHTRA,421302,BHIWANDI,THANE,HIGH,0.83,explicit DISTRICT/DISTT marker in address; city inferred from district-adjacent address token: BHIWANDI,False
c93b4242-b6c2-436c-82c4-c229b90ea96e,1457,VASAVI ASSAYING AND HALLMARKING CENTRE,"260 ""C"" WARD, LAXMI PLAZA, PHADNIS LANEBHENDE GALLI, NEAR SHIVAJI PUTALA, KOLHAPUR, KOLHAPUR, KOLHAPUR CITY, MAHARASHTRA ,416002",MAHARASHTRA,416002,SHIVAJI PUTALA,KOLHAPUR,HIGH,0.83,explicit DISTRICT/DISTT marker in address; city inferred from district-adjacent address token: SHIVAJI PUTALA,False
2e48d005-2f3a-4ca6-b50c-67433f72586e,1474,SB HALLMARKING CENTRE,"CS NO.150/1, KASAR GALLI, 'C' WARD, GUJARI,KARVEER, KOLHAPUR, KOLHAPUR, MAHARASHTRA ,416002",MAHARASHTRA,416002,KARVEER,KOLHAPUR,HIGH,0.83,explicit DISTRICT/DISTT marker in address; city inferred from district-adjacent address token: KARVEER,False
8abf2e18-d413-43df-9b67-74ff0059a478,1592,KRISHNA ASSAYING AND HALLMARKING CENTER,"CS NO. 29, GOLD MINE COMPLEX, UNIT NO LG-1GUJARI ROAD, BLOCK SECTOR B WARD, KOLHAPUR, KOLHAPUR, KOLHAPUR CITY, MAHARASHTRA ,416002",MAHARASHTRA,416002,GOLD MINE COMPLEX,KOLHAPUR,HIGH,0.83,explicit DISTRICT/DISTT marker in address; city inferred from district-adjacent address token: GOLD MINE COMPLEX,False
69be435c-0c41-4f83-9abb-b1088cd96854,1593,SHRI DHANLAXMI HALLMARK,"GROUND FLOOR, BUILDING NO.3, SR.No.90/1, KARVIR, C WARD, GUJARI, MAHADEV GALLI,, KOLHAPUR, KOLHAPUR, MAHARASHTRA ,416002",MAHARASHTRA,416002,MAHADEV GALLI,KOLHAPUR,HIGH,0.83,explicit DISTRICT/DISTT marker in address; city inferred from district-adjacent address token: MAHADEV GALLI,False
f3ccca1d-8270-4574-9633-75c971a8d87c,1463,Riddhi Siddhi Gold Hallmarking Centre,"4,5,6,7,8, 3rd Floor, Harikrushna Shopping Centre,Near Panchal Hall,Anand-Vidyanagar Road., ANAND, ANAND, GUJARAT ,388001",GUJARAT,388001,NEAR PANCHAL HALL,ANAND,HIGH,0.83,explicit DISTRICT/DISTT marker in address; city inferred from district-adjacent address token: NEAR PANCHAL HALL,False
2de58731-8ddb-41cd-8403-300512faa1f3,1471,New Ganesh Hallmarking Centre,"TOWER BAZAR, NEAR ASHOK STAMBH, ANAND, ANAND, ANAND, GUJARAT ,388001",GUJARAT,388001,ASHOK STAMBH,ANAND,HIGH,0.83,explicit DISTRICT/DISTT marker in address; city inferred from district-adjacent address token: ASHOK STAMBH,False
113fb0c9-9622-4953-8f27-c279b5fc9e1b,1466,SRH Hallmarking center,"LG 7,8, 589 Ganpatrao Ghorpade sankulMain road, Hupari, Kolhapur, KOLHAPUR, KOLHAPUR CITY, MAHARASHTRA ,416203",MAHARASHTRA,416203,HUPARI,KOLHAPUR,HIGH,0.83,explicit DISTRICT/DISTT marker in address; city inferred from district-adjacent address token: HUPARI,False
d7d805b1-e502-4aa8-b7f5-230a51b91fac,1469,STANDARD HALLMARKING AND ASSAYING CENTER,"PLOT NO:24,1st FLOOR,SHYAMDHAM SANKUL-1Nr.SHYAMDHAM CHOWK,PUNA SIMADA ROAD, SURAT, SURAT CITY, GUJARAT ,395010",GUJARAT,395010,1ST FLOOR,SURAT,HIGH,0.83,explicit DISTRICT/DISTT marker in address; city inferred from district-adjacent address token: 1ST FLOOR,False
b4c65890-1f12-4895-8e21-ca8610cc078f,1470,SBR ASSAYING & HALLMARKING CENTRE,"PLOT NO 64, BHIRAD SANKUL , GANDHI ROAD,NAZUL SHEET 27D AKOLA MAHARASHTRA-444002, AKOLA, AKOLA, MAHARASHTRA ,444002",MAHARASHTRA,444002,NAZUL SHEET 27D AKOLA,AKOLA,HIGH,0.83,explicit DISTRICT/DISTT marker in address; city inferred from district-adjacent address token: NAZUL SHEET 27D AKOLA,False
899e4594-4047-4d68-960f-a1708ae3d928,1473,YASHODA ASSAYING & HALLMARKING CENTER,"C.T.S.NO 3079 AND HOUSE NO OLD R6-1148NEW C1- 1542, SARAF LINE, LATUR, LATUR, LATUR, MAHARASHTRA ,413512",MAHARASHTRA,413512,SARAF LINE,LATUR,HIGH,0.83,explicit DISTRICT/DISTT marker in address; city inferred from district-adjacent address token: SARAF LINE,False
3008d261-3fc6-41e5-9583-9d5c12c59bde,1475,NEW AYODHYA ASSAYING AND HALLMARKING CENTRE,"4002,1ST FLOOR, ARBUJ MANSION,STATION ROAD, PANDHARPUR,, SOLAPUR, PANDHARPUR, MAHARASHTRA ,413304",MAHARASHTRA,413304,PANDHARPUR,SOLAPUR,HIGH,0.83,explicit DISTRICT/DISTT marker in address; city inferred from district-adjacent address token: PANDHARPUR,False
94ca2fd6-adab-4a2f-b9ad-4dfccebc05bc,1611,RAJ HALLMARKING AND ASSAYING CENTER,"TATION ROAD, 4075/5/B/1, STATION ROADPandharpur, Solapur, Maharashtra, 413304, SOLAPUR, PANDHARPUR, MAHARASHTRA ,413304",MAHARASHTRA,413304,STATION ROADPANDHARPUR,SOLAPUR,HIGH,0.83,explicit DISTRICT/DISTT marker in address; city inferred from district-adjacent address token: STATION ROADPANDHARPUR,False
ffa5dffa-fb85-4aea-9b3d-012e07437407,1477,Shree Krishna Hallmarking Centre,"7/2A, Savitri Apartment, B.P. Road,Bhayander (East), Mira-Bhayander (M.Corp.), Thane., THANE, THANE, MAHARASHTRA ,401105",MAHARASHTRA,401105,MIRA,THANE,HIGH,0.83,explicit DISTRICT/DISTT marker in address; city inferred from district-adjacent address token: MIRA,False
b8116132-f28f-4786-ac5e-25c7572c9f0b,1563,OM GOLD TESTING,"Shop No.9, Mathura Chaya CHS Ltd.,, Navghar RoadBhayandar East, Thane, Maharashtra, 401105, THANE, , MAHARASHTRA ,401105",MAHARASHTRA,401105,NAVGHAR ROADBHAYANDAR EAST,THANE,HIGH,0.83,explicit DISTRICT/DISTT marker in address; city inferred from district-adjacent address token: NAVGHAR ROADBHAYANDAR EAST,False
200f12b0-7367-4019-93b1-b61c12950940,1482,Shreeji Assay & Hallmarking Centre,"Rev. Survey No.139 & 142/2, Patel Road, --Keshod, Junagadh, Gujrat., JUNAGADH, JUNAGADH, GUJARAT ,362220",GUJARAT,362220,KESHOD,JUNAGADH,HIGH,0.83,explicit DISTRICT/DISTT marker in address; city inferred from district-adjacent address token: KESHOD,False
997e700e-bbbf-4bf7-b185-681fdafcd2f3,1484,SAMARTH HALLMARK CENTRE,"CS NO . 3931, LONI BAZAR, LAXMI MARKET , GROUND FLOOR MIRAJ ,SANGLI, SANGLI, MIRAJ, MAHARASHTRA ,416410",MAHARASHTRA,416410,GROUND FLOOR MIRAJ,SANGLI,HIGH,0.83,explicit DISTRICT/DISTT marker in address; city inferred from district-adjacent address token: GROUND FLOOR MIRAJ,False
da2549cd-6d03-4e92-b098-0febc634b463,1486,SHRINATH HALLMARKING CENTRE,"Shop no 3, Sai Leela Apartment, Sai Bazaar, Tulinj, PALGHAR, VASAI, MAHARASHTRA ,401209",MAHARASHTRA,401209,TULINJ,PALGHAR,HIGH,0.83,explicit DISTRICT/DISTT marker in address; city inferred from district-adjacent address token: TULINJ,False
ce813477-53bb-4559-9743-4ef1b7ff84c0,1540,OM SHREE HALMARKING CENTRE,"Dr Kumbhar Gyms, Jyotirling Niwas, shop no.1 and 2Dr Kumbhar Bulding, Tulinj Road, Nallasopara East,, PALGHAR, PALGHAR, MAHARASHTRA ,401209",MAHARASHTRA,401209,NALLASOPARA EAST,PALGHAR,HIGH,0.83,explicit DISTRICT/DISTT marker in address; city inferred from district-adjacent address token: NALLASOPARA EAST,False
09218c4c-538b-4d63-9eb9-d04ca12d40c5,1488,M M HALLMARKING CENTRE,"Office No. 1, 1st Floor, Plot No. A-147/A 149/1, TTC Industrial AreaKoparkhairane, THANE, KOPAR KHAIRNE, MAHARASHTRA ,400710",MAHARASHTRA,400710,TTC INDUSTRIAL AREAKOPARKHAIRANE,THANE,HIGH,0.83,explicit DISTRICT/DISTT marker in address; city inferred from district-adjacent address token: TTC INDUSTRIAL AREAKOPARKHAIRANE,False
1fed48b7-e85d-4860-966d-94a4b113da49,1539,PARSHWA HALLMARKING CENTRE,"147, TTC Industrial Estate, Pawne, Koparkhairne,Navi Mumbai, THANE, THANE, MAHARASHTRA ,400710",MAHARASHTRA,400710,NAVI,THANE,HIGH,0.83,explicit DISTRICT/DISTT marker in address; city inferred from district-adjacent address token: NAVI,False
1143333d-6b0d-4931-930e-e0162dce8f51,1542,MAHAVIR HALLMARKING CENTRE PRIVATE LIMITED,"A-606/2, 1ST FLOOR, ROYAL CHAINS PVT. LTD.,SHIL PHATA MAHAPE ROAD, TTC INDUSTRIAL AREA, MIDC, THANE, THANE, MAHARASHTRA ,400710",MAHARASHTRA,400710,MIDC,THANE,HIGH,0.83,explicit DISTRICT/DISTT marker in address; city inferred from district-adjacent address token: MIDC,False
6bbf5f6b-1be5-4f97-84d6-d04a97052689,1491,Trustech Hallmarking Centre LLP,"Plot No. C-67, 3rd Floor, T.T.C. Industrial Area,M.I.D.C., Turbhe, Navi Mumbai, THANE, THANE, MAHARASHTRA ,400705",MAHARASHTRA,400705,NAVI,THANE,HIGH,0.83,explicit DISTRICT/DISTT marker in address; city inferred from district-adjacent address token: NAVI,False
22acb792-c3de-44d1-ab1a-9bd557ca769c,1492,AKANSHA HALLMARKING CENTRE,"GROUND FLOOR, 14A,14B, RIZVI CHEMBAR, HILL ROAD ,NEAR JAIN MANDIR,BANDRA WEST,MUMBAI-400050., MUMBAI SUBURBAN, MUMBAI SUBURBAN, MAHARASHTRA ,400050",MAHARASHTRA,400050,BANDRA WEST,MUMBAI SUBURBAN,HIGH,0.83,explicit DISTRICT/DISTT marker in address; city inferred from district-adjacent address token: BANDRA WEST,False
4b7f3945-3b01-4609-9e05-a855c6dc7ab2,1498,IGOLD VENTURES PRIVATE LIMITED,"Ground Floor, Plot No. 129B, Kandivali IndustrialEstate, Charkop, Kandivali (West), MUMBAI SUBURBAN, MUMBAI SUBURBAN, MAHARASHTRA ,400067",MAHARASHTRA,400067,KANDIVALI,MUMBAI SUBURBAN,HIGH,0.83,explicit DISTRICT/DISTT marker in address; city inferred from district-adjacent address token: KANDIVALI,False
07b1ffb1-d8d6-4366-afe7-4b1a195611bb,1500,SHREE VISHAL HALLMARKING CENTRE,"SHOP NO 102, 1ST FLOOR, SUMITRA ARCADE, STATION R THANE, MAHARASHTRA 400601, THANE, THANE, MAHARASHTRA ,400601",MAHARASHTRA,400601,STATION R,THANE,HIGH,0.83,explicit DISTRICT/DISTT marker in address; city inferred from district-adjacent address token: STATION R,False
532ceb5b-85e9-40a3-b6f3-5891a19d3ac3,1501,DK HALLMARKING AND ASSAYING CENTRE,"R:8/9, DHOBI GHAT, SAFOORABAI CHAWLDR. BABASAHEB AMBEDKAR ROAD, PAREL, MUMBAI CITY, PAREL, MAHARASHTRA ,400012",MAHARASHTRA,400012,PAREL,MUMBAI,HIGH,0.83,explicit DISTRICT/DISTT marker in address; city inferred from district-adjacent address token: PAREL,False
f39a066f-1562-4d52-a8d7-538b03d64b02,1544,Nityanand Assaying And Hallmarking Centre,"1"" Floor, Plot No. D-222/2, TTC Industrial AreaMIDC, Shiravane, Navi Mumbai, MUMBAI CITY, PAREL, MAHARASHTRA ,400012",MAHARASHTRA,400012,NAVI,MUMBAI,HIGH,0.83,explicit DISTRICT/DISTT marker in address; city inferred from district-adjacent address token: NAVI,False
628973d5-11e3-48f4-961f-b1915f690131,1503,SHREE SOUBHAGYA ASSAYING & HALLMARKING CENTER,"SHREE VINAY BHAVAN A WING GROUND FLOOR ROOM NO 001MUMBRA DEVI COLONY NEAR NATH APPARTMENT DIVA EAST, THANE, THANE, MAHARASHTRA ,400612",MAHARASHTRA,400612,,THANE,MEDIUM,0.55,explicit DISTRICT/DISTT marker in address,True
a077f311-b3e0-4171-94bc-96208b62c243,1523,SHREE G K HALLMARK CENTRE,"1ST FLOOR, A/16, VIGHNESWAR CHS, M B ESTATE,VIRAR (W), PALGHAR, MUMBAI, MAHARASHTRA-401303, PALGHAR, PALGHAR, MAHARASHTRA ,401303",MAHARASHTRA,401303,VIRAR,PALGHAR,HIGH,0.83,explicit DISTRICT/DISTT marker in address; city inferred from district-adjacent address token: VIRAR,False
48aa4453-e6b3-4955-a5f1-4877b012c2b6,1529,DIVINE HALLMARK CENTRE,"2ND FLOOR, UNIT NO. 207, NEW INDIA INDUSTRIALESTATE, MAHAKALI CAVES ROAD, ANDHERI EAST, MUMBAI CITY, ANDHERI EAST, MAHARASHTRA ,400093 OSC Address: UNIT NO 6, GROUND FLOOR, VISHALI IND PRE NO 2, CO OP SO LTDC.T.S NO: 804,814 OFF BALKRUSHNA TAWADE RODA MHATREWADI LANE, DHAISAR WEST MUMBAI, MUMBAI SUBURBAN, MUMBAI SUBURBAN, MAHARASHTRA, 400068",MAHARASHTRA,400068,ANDHERI EAST,MUMBAI,HIGH,0.83,explicit DISTRICT/DISTT marker in address; city inferred from district-adjacent address token: ANDHERI EAST,False
d32972d6-6408-4a4c-9115-2d3b2382521c,1550,pyramid gold auxiliary services llp,"GALA NO.002 SHREEJI DIAMOND INDUSTRIAL ESTATEGROUND FLOOR, SN DUBE ROAD, DAHISAR EAST, THANE, DAHISAR, MAHARASHTRA ,400068",MAHARASHTRA,400068,DAHISAR EAST,THANE,HIGH,0.83,explicit DISTRICT/DISTT marker in address; city inferred from district-adjacent address token: DAHISAR EAST,False
64552990-94c4-493b-8b8b-a86161c04c5a,1543,THE GEM AND JEWELLERY EXPORT PROMOTION COUNCIL,"F-1 BHARAT RATNAM MEGA CFC, SEEPZ SEZNEAR GATE NO.1 ANDHERI EAST, MUMBAI SUBURBAN, MUMBAI SUBURBAN, MAHARASHTRA ,400096",MAHARASHTRA,400096,F 1 BHARAT RATNAM MEGA CFC,MUMBAI SUBURBAN,HIGH,0.83,explicit DISTRICT/DISTT marker in address; city inferred from district-adjacent address token: F 1 BHARAT RATNAM MEGA CFC,False
77f29318-47eb-4c2f-94d0-77d43198c75d,1547,Shri Mahalaxmi Assaying & Hallmarking Centre,"1st Floor, Office No. 15 17, Pakitwala Chawl, Station Road, Opp Bharat Cinema,Kurla West,, MUMBAI SUBURBAN, , MAHARASHTRA ,400070",MAHARASHTRA,400070,KURLA WEST,MUMBAI SUBURBAN,HIGH,0.83,explicit DISTRICT/DISTT marker in address; city inferred from district-adjacent address token: KURLA WEST,False
7f2890dd-4407-4f23-8975-7991e36a47f6,1566,SHREE SADGURU HALLMARKING CENTER,"1ST FLOOR R NO 12 OFFICE SURYAVANSHI SHOPPINGCENTER NEW MILL ROAD OPP SAYABA PALACE KURLA WEST, MUMBAI SUBURBAN, MUMBAI SUBURBAN, MAHARASHTRA ,400070",MAHARASHTRA,400070,,MUMBAI SUBURBAN,MEDIUM,0.55,explicit DISTRICT/DISTT marker in address,True
a98347ee-935b-455d-9615-e8921b83798d,1549,AKANSHA HALLMARKING CENTRE,"OFFICE. NO.39, 2ND FLOOR AMBIKA DARSHAN CO-OP .PREM.G.ROAD, RAJAWADI GHATKOPAR EAST, MUMBAI CITY, RAJAWADI, MAHARASHTRA ,400077",MAHARASHTRA,400077,RAJAWADI GHATKOPAR EAST,MUMBAI,HIGH,0.83,explicit DISTRICT/DISTT marker in address; city inferred from district-adjacent address token: RAJAWADI GHATKOPAR EAST,False
761991c3-8821-4af1-b010-91e52cf5e24c,1552,VARIETY MARKING CENTRE,"503/504, Prasad chambers, 5th floorTata colony road no 2, opera house, girgaon , Mumbai, MUMBAI CITY, GIRGAON, MAHARASHTRA ,400004",MAHARASHTRA,400004,GIRGAON,MUMBAI,HIGH,0.83,explicit DISTRICT/DISTT marker in address; city inferred from district-adjacent address token: GIRGAON,False
0621b21c-37ca-47a2-b370-35ed4bdad8b7,1555,KAMAKSHI HALLMARKING CENTRE LLP,"Office No 6C, 3rd Floor, Building Backbay View, 3AMama Parmananad Marg,Opera House, Charni Road East, MUMBAI CITY, CHARNI ROAD, MAHARASHTRA ,400004",MAHARASHTRA,400004,OPERA HOUSE,MUMBAI,HIGH,0.83,explicit DISTRICT/DISTT marker in address; city inferred from district-adjacent address token: OPERA HOUSE,False
f8f8b9f4-6d5d-4afd-9159-2367e1be2e03,1554,NJB Hallmarking Centre,"Shop No.3, Shanti Sadan CHSL, Marve Road,Malad(West). Mumbai - 400 064, MUMBAI SUBURBAN, , MAHARASHTRA ,400064",MAHARASHTRA,400064,MALAD WEST,MUMBAI SUBURBAN,HIGH,0.83,explicit DISTRICT/DISTT marker in address; city inferred from district-adjacent address token: MALAD WEST,False
1bc51553-933a-41e1-92bd-5c854d490d41,1557,NEW MAHARAJA HALLMARK CENTRE,"29, SIDHPURA IND.ESTATE, GAIWADI LANE, S V ROAD, NVILLEGE OSHIWARA, GOREGAON WEST, MUMBAI 400104, MUMBAI SUBURBAN, MUMBAI SUBURBAN, MAHARASHTRA ,400104",MAHARASHTRA,400104,GOREGAON WEST,MUMBAI SUBURBAN,HIGH,0.83,explicit DISTRICT/DISTT marker in address; city inferred from district-adjacent address token: GOREGAON WEST,False
21c4750d-14d5-4395-9860-0226a4cb2bdb,1560,KALINGA HALLMARKING CENTRE,"B 15 Aristocrate,B wing, Lajya Silk Mill Compound,Lajya Estate, Mogra Road,Andheri East,MUMBAI SUBUR, MUMBAI SUBURBAN, MUMBAI SUBURBAN, MAHARASHTRA ,400069",MAHARASHTRA,400069,SUBUR,MUMBAI SUBURBAN,HIGH,0.83,explicit DISTRICT/DISTT marker in address; city inferred from district-adjacent address token: SUBUR,False
805ec637-4eae-4851-a4ea-67543d61f3ce,1561,NEW S R HALLMARK CENTRE,"OFFICE NO 225, 226, RAUT ARCADE, MANVEL PADA ROAD,, PALGHAR, VASAI, MAHARASHTRA ,401305",MAHARASHTRA,401305,VASAI,PALGHAR,HIGH,0.83,explicit DISTRICT/DISTT marker in address; city inferred from district-adjacent address token: VASAI,False
60462cd4-df59-4909-8b68-ea2989dbacdc,1565,NEW SIDDHANATH HALLMARKING CENTER,"1 ST FLOOR, SS III, SS III / 267, SECTOR - 07, NEAR D MART,KOPARKHAIRANE,, THANE, KOPAR KHAIRNE, MAHARASHTRA ,400709",MAHARASHTRA,400709,KOPARKHAIRANE,THANE,HIGH,0.83,explicit DISTRICT/DISTT marker in address; city inferred from district-adjacent address token: KOPARKHAIRANE,False
e5f30e65-e7f0-44b9-9f07-7c193c217cd7,1567,BLUE LOTUS HALLMARK CENTRE,"Unit No. 3, 1st Floor , Plot No. 11C, Thakkar Ind.Estate, Mascare, NAHS Road Old Anjir Wadi, Mazgaon, MUMBAI CITY, MAZGAON, MAHARASHTRA ,400010",MAHARASHTRA,400010,MAZGAON,MUMBAI,HIGH,0.83,explicit DISTRICT/DISTT marker in address; city inferred from district-adjacent address token: MAZGAON,False
7523c9f4-4f9f-4532-bda8-92f19ec6ae2d,1572,GLS HALLMARKING CENTRE,"IDBI Bank, FIRST FLOOR, M.NO.6391, BEHIND PETROLPUMP, NEAR KANYA SCHOOL, Koregaon, Satara, Maharas, SATARA, KOREGAON, MAHARASHTRA ,415501",MAHARASHTRA,415501,KOREGAON,SATARA,HIGH,0.83,explicit DISTRICT/DISTT marker in address; city inferred from district-adjacent address token: KOREGAON,False
823fbbfc-cf2a-43c1-bcaf-3193c07533b7,1573,ROSHNI HALLMARKING CENTRE AND BULLION,"2nd Floor, Plot No. 215, Roshni Hallmarking CentreRiver road, Pimpri, Pune, PUNE, PIMPRI, MAHARASHTRA ,411017",MAHARASHTRA,411017,PIMPRI,PUNE,HIGH,0.83,explicit DISTRICT/DISTT marker in address; city inferred from district-adjacent address token: PIMPRI,False
c30670c9-5fb9-4d8b-ad5c-51c5eb94f725,1576,RUDRANSH ASSAYING & HALLMARKING CENTRE,"PUJA COLDRIN RB 48-41, MIDDLE FLOOR SHOP NO1, PARTAVALE BUILDINGOPP. KOTHARI GOLD & SILVER, GANDHI CHOWK, URUN ISLAMPUR, SANGLI, URUN ISLAMPUR, MAHARASHTRA ,415409",MAHARASHTRA,415409,URUN ISLAMPUR,SANGLI,HIGH,0.83,explicit DISTRICT/DISTT marker in address; city inferred from district-adjacent address token: URUN ISLAMPUR,False
4538b1aa-9d2d-41e7-9c52-b7aaf510ef17,1589,OM SAI HALLMARKING CENTRE,"SAMBHAJI CHOWK, C S NO. 862/B, SONSAVALI COMPLEX,WALWA, URAN, ISLAMPUR MCI, SANGLI, 415409, SANGLI, URUN ISLAMPUR, MAHARASHTRA ,415409",MAHARASHTRA,415409,ISLAMPUR MCI,SANGLI,HIGH,0.83,explicit DISTRICT/DISTT marker in address; city inferred from district-adjacent address token: ISLAMPUR MCI,False
ad3ccfe2-5366-4578-9261-1431905e069d,1580,SAINATH HALLMARKING CENTRE,"FIRST FLOOR 81/123 RATAN BHAVANRAVIWAR PETH OPP JAIN MANDIR, SATARA, KARAD, MAHARASHTRA ,415110",MAHARASHTRA,415110,123 RATAN BHAVANRAVIWAR PETH OPP JAIN MANDIR,SATARA,HIGH,0.83,explicit DISTRICT/DISTT marker in address; city inferred from district-adjacent address token: 123 RATAN BHAVANRAVIWAR PETH OPP JAIN MANDIR,False
9f8d3817-80f1-40d3-9a1d-a4ee3a10b5e7,1609,AMAR HALLMARK CENTRE,"Raviwar Peth, 127 D, KaradSatara, Maharashtra, 415110, SATARA, KARAD, MAHARASHTRA ,415110",MAHARASHTRA,415110,KARAD,SATARA,HIGH,0.83,explicit DISTRICT/DISTT marker in address; city inferred from district-adjacent address token: KARAD,False
87e42bd4-fb31-4f21-9798-2ffe4b28f525,1581,BALAJI HALLMARKING CENTER,"B/3,CTS NO.866/867/868/910,BALAJI HSG SOCIETY,NEARMANIK LODGE,RAVIWAR PETH,PUNE,MAHARASHTRA,411042, PUNE, RAVIWAR PETH, MAHARASHTRA ,411042",MAHARASHTRA,411042,RAVIWAR PETH,PUNE,HIGH,0.83,explicit DISTRICT/DISTT marker in address; city inferred from district-adjacent address token: RAVIWAR PETH,False
5f79cf20-a562-471e-9285-6c208069e9c3,1582,VISHWAS HALLMARK,"FIRST FLOOR, FLAT NO 3, VITTHAL RUKMINI APPARTMENTHAVELI, SURVEY NO 477A, RAVIWAR PETH PUNE, PUNE, RAVIWAR PETH, MAHARASHTRA ,411011",MAHARASHTRA,411011,RAVIWAR PETH,PUNE,HIGH,0.83,explicit DISTRICT/DISTT marker in address; city inferred from district-adjacent address token: RAVIWAR PETH,False
10e0fafb-39b0-4cad-83d8-b1028edf9426,1585,GOLD JEWELLERS COUNCIL,"Gold Jewellers Council C.S.no 3270,3271 ,Tin GalliSaraf Bazar,Ganj Bazar , Ahilyanagar -414001, AHMEDNAGAR, AHMEDNAGAR, MAHARASHTRA ,414001",MAHARASHTRA,414001,AHILYANAGAR 414001,AHMEDNAGAR,HIGH,0.83,explicit DISTRICT/DISTT marker in address; city inferred from district-adjacent address token: AHILYANAGAR 414001,False
64aa8c70-ae79-4334-afb3-a40c3828046c,1601,SURYA ASSAYING AND HALLMARKING CENTRE,"3265,FIRST FLOOR, SHENGA GALLI, SARAF BAZAR,GANJ BAZAR, AHMEDNAGAR, AHMEDNAGAR, AHMEDNAGAR, MAHARASHTRA ,414001",MAHARASHTRA,414001,SHENGA GALLI,AHMEDNAGAR,HIGH,0.83,explicit DISTRICT/DISTT marker in address; city inferred from district-adjacent address token: SHENGA GALLI,False
fc6b54b8-feee-43f6-807c-77e20040f239,1587,Mahalakshmi Hallmarkings,"3rd Fl, 66/5A/1, Near Bharti Bank, Sinhgad Road, PUNE, DHAYARI, MAHARASHTRA ,411041",MAHARASHTRA,411041,DHAYARI,PUNE,HIGH,0.83,explicit DISTRICT/DISTT marker in address; city inferred from district-adjacent address token: DHAYARI,False
acee6e11-08c0-4ab3-9569-b9c5f1285a36,1590,PAVAN HALLMARKING CENTRE,"SECOND FLOOR, 537, CENTRE STREETPUNE , MAHARASHTRA - 411001, PUNE, PUNE CANTT EAST, MAHARASHTRA ,411001",MAHARASHTRA,411001,CANTT EAST,PUNE,HIGH,0.83,explicit DISTRICT/DISTT marker in address; city inferred from district-adjacent address token: CANTT EAST,False
8eec8d28-121b-4f66-8075-7d24df370f95,1595,TRIMURTI ASSAYING AND HALLMARKING CENTER,"FIRST FLOOR,MILKAT NO-212,PAWER HOUSE ROADKHANAPUR,VITA, SANGLI, KHANAPUR (SANGLI), MAHARASHTRA ,415311",MAHARASHTRA,415311,VITA,SANGLI,HIGH,0.83,explicit DISTRICT/DISTT marker in address; city inferred from district-adjacent address token: VITA,False
41dc124d-b526-489a-94fa-ff1995599ee9,1596,NEW SATARA HALLMARK CENTRE,"2ND FLOOR, SR. NO. 92, HOLL NO. 4, SHALGHAR SADAN, SADASHIV PETH ROAD,RAHUL SALGAR AND ASSOCIATES, SADASHIV PETH,, SATARA, SATARA, MAHARASHTRA ,415002",MAHARASHTRA,415002,SADASHIV PETH,SATARA,HIGH,0.83,explicit DISTRICT/DISTT marker in address; city inferred from district-adjacent address token: SADASHIV PETH,False
abbbc841-9a92-4d2d-a13c-3ba4e4bdeacc,1597,SOUMYA HALLMARKING CENTER,"CTS 1593 94B, DAHIWALKAR WADA, GAT NO 1593/94B,SHIVAPUR PETH, AKLUJ, SOLAPUR,, SOLAPUR, AKLUJ, MAHARASHTRA ,413101",MAHARASHTRA,413101,AKLUJ,SOLAPUR,HIGH,0.83,explicit DISTRICT/DISTT marker in address; city inferred from district-adjacent address token: AKLUJ,False
11643a79-c25a-4bbd-aeea-691165af09fc,1600,JAYRAM ANVEKAR ASSAYING AND HALLMARKING CENTRE,"2649/2, YASHODA, KIRANA ROAD, BARSHISolapur, Maharashtra, 413401, SOLAPUR, BARSHI, MAHARASHTRA ,413401",MAHARASHTRA,413401,BARSHI,SOLAPUR,HIGH,0.83,explicit DISTRICT/DISTT marker in address; city inferred from district-adjacent address token: BARSHI,False
5f6bc463-b86b-48ae-b37b-663625fc3a94,1605,SRD Assayer & Hallmarking Centre,"420, Second Floor, Manik Prabhu ComplexLaxmi Road, Narayan Peth, Haveli Pune, PUNE, PUNE, MAHARASHTRA ,411030",MAHARASHTRA,411030,HAVELI,PUNE,HIGH,0.83,explicit DISTRICT/DISTT marker in address; city inferred from district-adjacent address token: HAVELI,False
a3a50842-bfb9-4461-9bb1-43c61d45e69c,1612,R R HALLMARKING,"Laxmi Road, 2ND FLOOR, OFFICE NO. 72,73,74,75,CITY JEWEL, S.NO. 709/710, NARAYAN PETH,Pune,, PUNE, NARAYAN PETH, MAHARASHTRA ,411030",MAHARASHTRA,411030,NARAYAN PETH,PUNE,HIGH,0.83,explicit DISTRICT/DISTT marker in address; city inferred from district-adjacent address token: NARAYAN PETH,False
89eee3c9-6fed-4998-ab21-c9cb6a682930,1607,G N HALLMARKINGS BARAMATI,"1ST FLOOR,JAYASHREE COMPLEXSTATION ROAD,BARAMATI 413102, PUNE, BARAMATI, MAHARASHTRA ,413102",MAHARASHTRA,413102,BARAMATI 413102,PUNE,HIGH,0.83,explicit DISTRICT/DISTT marker in address; city inferred from district-adjacent address token: BARAMATI 413102,False
98c27ecf-679b-4cf8-9b00-c4292cade229,1608,HARI OM ENTERPRISES,"1856 A, B-5 TO 9 PM, BAZAR PETH, MAIN ROADCHIPLUN, PIN 415 605, Dist: RATNAGIRI, RATNAGIRI, CHIPLUN, MAHARASHTRA ,415605",MAHARASHTRA,415605,CHIPLUN,RATNAGIRI,HIGH,0.83,explicit DISTRICT/DISTT marker in address; city inferred from district-adjacent address token: CHIPLUN,False
a953298e-6b3b-4c9d-bd48-34db9a394461,1610,OM SAI HALLMARKING CENTRE,"FIRST FLOOR, SNO.169,RAKA PALACE,CHINCHWAD STATION ROAD ,CHINCHWAD., PUNE, CHINCHWADGAON, MAHARASHTRA ,411033",MAHARASHTRA,411033,CHINCHWAD,PUNE,HIGH,0.83,explicit DISTRICT/DISTT marker in address; city inferred from district-adjacent address token: CHINCHWAD,False
40157a91-57cb-4a21-b13a-2c4ce184495b,1614,S K ASSAY & HALLMARKING CENTER,"SHOP NO. C/01, 1ST FLOOR, RAWAL NIWAS, NARAYAN WADI, STATION ROADKALYAN WEST, THANE, MAHARASHTRA 421301, THANE, KALYAN CITY, MAHARASHTRA ,421301",MAHARASHTRA,421301,STATION ROADKALYAN WEST,THANE,HIGH,0.83,explicit DISTRICT/DISTT marker in address; city inferred from district-adjacent address token: STATION ROADKALYAN WEST,False
eb5a065d-91a3-4e6f-846c-4efab24a4a27,1616,kalyan Hallmark Centre,"Office no 39,40,41 1st floorMahavir shopping complex agra road, THANE, THANE, MAHARASHTRA ,421301",MAHARASHTRA,421301,,THANE,MEDIUM,0.55,explicit DISTRICT/DISTT marker in address,True
e027c334-5d54-4e41-81e0-84628e612901,1619,JAY MATA DI HALLMARKING CENTRE,"JAY BHARAT CHOWK, SR NO 2637, NEAT DATTA STORE, SA, AHMEDNAGAR, SANGAMNER, MAHARASHTRA ,422605",MAHARASHTRA,422605,SA,AHMEDNAGAR,HIGH,0.83,explicit DISTRICT/DISTT marker in address; city inferred from district-adjacent address token: SA,False
1c47ccf4-c426-417e-a835-ee03943ce493,1626,SHRI MAYAAKKA ASSAYING AND HALLMARKING CENTRE,"Gandhi Chowk, Ghar No. 580/81/82, Sr No. 2358,Bazar Peth, Sanagmner, Ahmednagar, Maharashtra, AHMEDNAGAR, SANGAMNER, MAHARASHTRA ,422605",MAHARASHTRA,422605,SANAGMNER,AHMEDNAGAR,HIGH,0.83,explicit DISTRICT/DISTT marker in address; city inferred from district-adjacent address token: SANAGMNER,False
027d943e-3d88-4755-b354-fd84b6aec8df,1620,JAI MALHAR HALLMARKING CENTER,"GHAR NO 02, Kapse Lane, NEAR PANCH KANDIL,Gulshana,, NASHIK, MALEGAON, MAHARASHTRA ,423203",MAHARASHTRA,423203,GULSHANA,NASHIK,HIGH,0.83,explicit DISTRICT/DISTT marker in address; city inferred from district-adjacent address token: GULSHANA,False
e531eae8-3549-4014-a8a5-c80846334f6c,1623,YASHRAJ HALLMARKING CENTER,"FLAT NO 201, 2ND FLOOR, MRUNALI PLAZA, KULGAON ROABADLAPUR, DISTT THANE , MAHARASHTRA 421503, THANE, BADLAPUR E.D., MAHARASHTRA ,421503",MAHARASHTRA,421503,BADLAPUR E D,THANE,HIGH,0.83,explicit DISTRICT/DISTT marker in address; city inferred from district-adjacent address token: BADLAPUR E D,False
e7786fe7-2f91-4cf0-8da2-2c19a57ba4ed,1628,MAULI HALLMARKING CENTRE,"OPP RAILWAY STATION, OFFICE NO. 10, DEEPMANI CHS,BADLAPUR EAST, BADLAPUR, THANE, MAHARASHTRA 421503, THANE, BADLAPUR E.D., MAHARASHTRA ,421503",MAHARASHTRA,421503,BADLAPUR,THANE,HIGH,0.83,explicit DISTRICT/DISTT marker in address; city inferred from district-adjacent address token: BADLAPUR,False
311c3c50-ec0f-4fd8-b24f-9933e9133bc3,1624,SATURN HALLMARKING CENTRE,"BK NO 355/A, ROOM NO 8,BEHIND MAHADEV JEWELERS, SONAR GALLISIRU CHOWK, ULHASNAGAR, THANE, MAHARASHTRA, THANE, ULHASNAGAR-2, MAHARASHTRA ,421002",MAHARASHTRA,421002,ULHASNAGAR,THANE,HIGH,0.83,explicit DISTRICT/DISTT marker in address; city inferred from district-adjacent address token: ULHASNAGAR,False
856d7550-792f-42a9-bf59-6019711c3d23,1627,Shri Arihant Hallmarking Center,"1745 Lane 2Near Jain Temple, DHULE, DHULE, MAHARASHTRA ,424001",MAHARASHTRA,424001,1745 LANE 2NEAR JAIN TEMPLE,DHULE,HIGH,0.83,explicit DISTRICT/DISTT marker in address; city inferred from district-adjacent address token: 1745 LANE 2NEAR JAIN TEMPLE,False
338e6717-cba4-4a11-8aca-5896d899acfc,1630,MAYUR ASSAYING AND HALLMARKING CENTRE,"D2/1497, 1st FLOOR, OLD AGRA ROAD DHULE, DHULE, DHULE, MAHARASHTRA ,424001",MAHARASHTRA,424001,1ST FLOOR,DHULE,HIGH,0.83,explicit DISTRICT/DISTT marker in address; city inferred from district-adjacent address token: 1ST FLOOR,False
c03f690d-e49a-4932-a539-c9100d30111e,1631,MORYA HALLMARK CENTER,"Gala No. 2, H. No. 2-6-257, Tilak Road Near Saraf Line Dhondipura, BEED, BEED, MAHARASHTRA ,431122, BEED, BEED, MAHARASHTRA ,431122",MAHARASHTRA,431122,,BEED,MEDIUM,0.55,explicit DISTRICT/DISTT marker in address,True
ecf84216-247a-4189-9b31-bb19417005cb,1636,SHIVRAM HALLMARKING CENTER,"1ST FLOOR WARD NO-02 GUT NO.12 OLD NO.2-12-32NEW NO.2-12-35 KABAD GALI NEAR MALIVES CHOWK, BEED, BEED, MAHARASHTRA ,431122",MAHARASHTRA,431122,,BEED,MEDIUM,0.55,explicit DISTRICT/DISTT marker in address,True
831aef18-b500-4c6c-92bf-f63a2b6a0bff,1632,BHAIRAVNATH HALLMARKING & ASSYING CENTRE,"C/O MADHUKAR DHAGE, H.NO. 6-4-109, NEAR BHOJALALGAVALI CHOWK, SARAFA BAZAR, NANDED, NANDED, NANDED, MAHARASHTRA ,431604",MAHARASHTRA,431604,,,LOW,0.1,No valid district in address or pincode lookup,True
93430af3-3bfc-4e81-b86c-3227ab584767,1633,SHREE JEE HALLMARKING CENTRE,"First Floor, CTS No. 5841/A Flat No. 1, Shelgaokar, AURANGABAD, AURANGABAD CITY, MAHARASHTRA ,431001",MAHARASHTRA,431001,,,LOW,0.1,No valid district in address or pincode lookup,True
e765f591-9b6b-4626-b6bb-66c2a0aa4c21,1634,PADMAVATI HALL MARK,"H.No.3-6-63, CTS No.6058, Ground Floor, Nas Galli,Kasari Bazar, Aurangabad, Maharashtra, 431001, AURANGABAD, AURANGABAD CITY, MAHARASHTRA ,431001",MAHARASHTRA,431001,,,LOW,0.1,No valid district in address or pincode lookup,True
e8a5c232-540f-412d-be8e-42c86ca4afcd,1635,TULSI HALLMARKING CENTRE,"CTS No.5940, House No. 3-6-16, Kasari Bazar,Chhatrapati Sambhaji Nagar, Maharashtra, 431001, AURANGABAD, AURANGABAD CITY, MAHARASHTRA ,431001",MAHARASHTRA,431001,,,LOW,0.1,No valid district in address or pincode lookup,True
5c724cae-f776-4590-af2e-aef69ca05da1,1637,VARMA ASSAYING AND HALLMARKING CENTRE,"6-4-108, SARAFA, NANDEDNANDED, MAHARASHTRA, NANDED, NANDED, MAHARASHTRA ,431601",MAHARASHTRA,431601,,,LOW,0.1,No valid district in address or pincode lookup,True
d4377206-b165-4815-b50f-ab60623c16b4,1638,SIDDHANATH PRASANNA HALLMARKING CENTRE,"GROUND FLOOR, 39-B OLD CLOTH MARKET, AKOLANEAR MADHUR COURIER, AKOLA, AKOLA, MAHARASHTRA ,444001",MAHARASHTRA,444001,NEAR MADHUR COURIER,AKOLA,HIGH,0.83,explicit DISTRICT/DISTT marker in address; city inferred from district-adjacent address token: NEAR MADHUR COURIER,False
77fa9916-aea4-4109-bcb6-3f88cb52d430,1639,R K Assaying & Hallmark Center,"Kapada Line, Wardha, Maharashtra - 442001, WARDHA, WARDHA, MAHARASHTRA ,442001",MAHARASHTRA,442001,KAPADA LINE,WARDHA,HIGH,0.83,explicit DISTRICT/DISTT marker in address; city inferred from district-adjacent address token: KAPADA LINE,False
81061076-e65e-41ef-94af-8c4e1686e593,1640,GURUKRUPA ASSAYING AND HALLMARK CENTRE,"LOWER GROUND SHOP NO 1 TIWARI HOUSELOKMAT BUILDING GANDHI CHOWK YAVATMAL, YAVATMAL, YAVATMAL, MAHARASHTRA ,445001",MAHARASHTRA,445001,,YAVATMAL,MEDIUM,0.55,explicit DISTRICT/DISTT marker in address,True
8d0fd9c8-fd4d-4102-b26e-948772fcf8fe,1642,SIDDHANATH HALLMARKING CENTRE,"19, Yamuna Priti Sadan, Nikalas Mandir RoadNagpur, Maharashtra-440008, NAGPUR, NAGPUR CITY, MAHARASHTRA ,440008",MAHARASHTRA,440008,YAMUNA PRITI SADAN,NAGPUR,HIGH,0.83,explicit DISTRICT/DISTT marker in address; city inferred from district-adjacent address token: YAMUNA PRITI SADAN,False
c66fe27c-e134-4aa2-a979-37c600ecc720,1644,SOHAM ASSAYING AND HALLMARKING,"TULAJAGIRWADA, MACCHISATH, AMRAVATI, AMRAVATI, MAHARASHTRA ,444601",MAHARASHTRA,444601,MACCHISATH,AMRAVATI,HIGH,0.83,explicit DISTRICT/DISTT marker in address; city inferred from district-adjacent address token: MACCHISATH,False
b240b88f-3761-4dea-a54f-671dc9e301b6,1651,DIVYANSH ASSAYING AND HALLMARKING CENTRE,"MACCHISATH NEAR MSEB,AMRAVATI,MAHARASHTRAAMRAVATI, MAHARASHTRA, AMRAVATI, AMRAVATI, MAHARASHTRA ,444601",MAHARASHTRA,444601,MACCHISATH NEAR MSEB,AMRAVATI,HIGH,0.83,explicit DISTRICT/DISTT marker in address; city inferred from district-adjacent address token: MACCHISATH NEAR MSEB,False
aa809cfa-f301-45b5-bb93-39aefb29af8c,1645,ABHISHEK HALLMARKING CENTRE,"GROUND FLOOR, SAVIDHAN CHOWK, PLOT NO. 141,SHOP NO. G06 AND G07, PATELPURA ROAD, PATELPURA,, BHANDARA, BHANDARA, MAHARASHTRA ,441904",MAHARASHTRA,441904,PATELPURA,BHANDARA,HIGH,0.83,explicit DISTRICT/DISTT marker in address; city inferred from district-adjacent address token: PATELPURA,False
77f2e58a-9d24-4a24-a274-071b8f7749e5,1646,SHIV SHAMBHU HALLMARKING CENTRE,"2ND FLOOR, PLOT NO 46/3DURGA CHOWK GONDIYA, GONDIA, GONDIA, MAHARASHTRA ,441601",MAHARASHTRA,441601,2ND FLOOR,GONDIA,HIGH,0.83,explicit DISTRICT/DISTT marker in address; city inferred from district-adjacent address token: 2ND FLOOR,False
76de3880-0777-4bf0-87a2-3cb7e3d14806,1647,SIDDHANATH ASSAYING AND HALLMARKING CENTRE,"PLOT NO 48/2, Behind Radhika Alankar, Lane Opposite Jalebiwala shop,Durga Chowk, Gondia, GONDIA, GONDIA CITY, MAHARASHTRA ,441601",MAHARASHTRA,441601,BEHIND RADHIKA ALANKAR,GONDIA,HIGH,0.83,explicit DISTRICT/DISTT marker in address; city inferred from district-adjacent address token: BEHIND RADHIKA ALANKAR,False
6ec034cd-b413-4dd4-b532-33cd0f9721ff,1652,SHREE MAHAVEER HALLMARK CENTRE,"C.T.S. NO 6143, SHEET NO 49, PLOT NO 12,SARAFA LINE, BHANPETH WARD, CHANDRAPUR, CHANDRAPUR, AKSAPUR, MAHARASHTRA ,442402",MAHARASHTRA,442402,AKSAPUR,CHANDRAPUR,HIGH,0.83,explicit DISTRICT/DISTT marker in address; city inferred from district-adjacent address token: AKSAPUR,False
